   Compiling ink-core v0.1.0 (/Users/jamesaddison/Documents/Codex/2026-10-09/wha/outputs/verified-language/core)
   Compiling ink-lowering-c v0.1.0 (/Users/jamesaddison/Documents/Codex/2026-10-09/wha/outputs/verified-language/lowerings/c)
   Compiling ink-lowering-rust v0.1.0 (/Users/jamesaddison/Documents/Codex/2026-10-09/wha/outputs/verified-language/lowerings/rust)
   Compiling ink-lowering-gpu v0.1.0 (/Users/jamesaddison/Documents/Codex/2026-10-09/wha/outputs/verified-language/lowerings/gpu)
   Compiling ink v0.1.0 (/Users/jamesaddison/Documents/Codex/2026-10-09/wha/outputs/verified-language)
    Finished `release` profile [optimized] target(s) in 32.14s
     Running tests/hardening.rs (target/release/deps/hardening-cb36702458ec6c13)

running 17 tests
row-model:seed0 (155047 bytes)
lockfile:seed0 (2373 bytes)
snapshot:seed0 (320 bytes)
certificate:seed0 (155954 bytes)
snapshot:seed1 (890 bytes)
lockfile:seed1 (2928 bytes)
snapshot:seed2 (412 bytes)
lockfile:seed2 (5673 bytes)
snapshot:0 (412 bytes; live heap 68758706)
snapshot:1 (347 bytes; live heap 64308541)
snapshot:2 (568 bytes; live heap 71833219)
snapshot:3 (890 bytes; live heap 83108936)
snapshot:4 (710 bytes; live heap 83499470)
lockfile:seed3 (13113 bytes)
snapshot:5 (890 bytes; live heap 83636665)
test regression_eval_collection_and_float_frames_are_bounded ... ok
equality:seed0 (193 bytes)
equality:seed1 (1152 bytes)
snapshot:6 (28320 bytes; live heap 87529147)
snapshot:7 (972 bytes; live heap 87797148)
equality:seed2 (527 bytes)
snapshot:8 (589 bytes; live heap 88413677)
equality:seed3 (526 bytes)
snapshot:9 (321 bytes; live heap 89019479)
equality:seed4 (457 bytes)
snapshot:10 (890 bytes; live heap 89657967)
equality:seed5 (474 bytes)
snapshot:11 (446 bytes; live heap 89796692)
snapshot:12 (914 bytes; live heap 89878719)
core:seed0 (528 bytes)
equality:seed6 (472 bytes)
lockfile:seed4 (25530 bytes)
snapshot:13 (496 bytes; live heap 90325397)
core:seed1 (597 bytes)
equality:seed7 (921 bytes)
snapshot:14 (1158 bytes; live heap 90638235)
core:seed2 (984 bytes)
snapshot:15 (412 bytes; live heap 90818773)
equality:seed8 (462 bytes)
core:seed3 (4014 bytes)
snapshot:16 (412 bytes; live heap 90914453)
equality:seed9 (883 bytes)
eval:seed0 (13 bytes)
snapshot:17 (412 bytes; live heap 91837104)
eval:seed1 (7 bytes)
snapshot:18 (320 bytes; live heap 93481417)
eval:seed2 (13 bytes)
equality:seed10 (222 bytes)
snapshot:19 (952 bytes; live heap 93698901)
eval:seed3 (19 bytes)
equality:seed11 (478 bytes)
eval:seed4 (19 bytes)
snapshot:20 (320 bytes; live heap 94342863)
eval:seed5 (13 bytes)
equality:0 (459 bytes; live heap 94704710)
eval:seed6 (19 bytes)
snapshot:21 (413 bytes; live heap 95441284)
eval:seed7 (4 bytes)
snapshot:22 (662 bytes; live heap 99020291)
eval:seed8 (4 bytes)
snapshot:23 (890 bytes; live heap 101148372)
eval:seed9 (4 bytes)
snapshot:24 (162 bytes; live heap 102951573)
eval:seed10 (4 bytes)
eval:seed11 (4 bytes)
snapshot:25 (69312 bytes; live heap 104721807)
lockfile:0 (5643 bytes; live heap 105915873)
eval:seed12 (4 bytes)
test regression_eval_nesting_is_bounded ... snapshot:26 (587 bytes; live heap 107317808)
ok
snapshot:27 (890 bytes; live heap 101838327)
snapshot:28 (326 bytes; live heap 107362025)
eval:seed13 (4 bytes)
snapshot:29 (412 bytes; live heap 107727017)
lockfile:1 (25463 bytes; live heap 107992597)
snapshot:30 (412 bytes; live heap 108174277)
eval:seed14 (19 bytes)
snapshot:31 (320 bytes; live heap 108293402)
equality:1 (15120 bytes; live heap 108577203)
snapshot:32 (86412 bytes; live heap 108761937)
equality:2 (177 bytes; live heap 109018719)
snapshot:33 (300 bytes; live heap 109044843)
eval:seed15 (22 bytes)
core:seed4 (387 bytes)
equality:3 (827 bytes; live heap 131491446)
snapshot:34 (412 bytes; live heap 115763864)
eval:seed16 (22 bytes)
core:seed5 (2534 bytes)
equality:4 (478 bytes; live heap 120570370)
eval:seed17 (22 bytes)
snapshot:35 (200412 bytes; live heap 121024138)
core:seed6 (1921 bytes)
eval:seed18 (25 bytes)
snapshot:36 (321 bytes; live heap 115590732)
equality:5 (473 bytes; live heap 115589157)
eval:seed19 (19 bytes)
snapshot:37 (10412 bytes; live heap 121310386)
lockfile:2 (13111 bytes; live heap 121317112)
snapshot:38 (890 bytes; live heap 121321120)
eval:seed20 (19 bytes)
equality:6 (175 bytes; live heap 121358825)
eval:seed21 (19 bytes)
eval:seed22 (22 bytes)
equality:7 (473 bytes; live heap 121571647)
eval:seed23 (22 bytes)
equality:8 (527 bytes; live heap 121607815)
equality:9 (484 bytes; live heap 121657685)
core:seed7 (5246 bytes)
equality:10 (526 bytes; live heap 122049070)
eval:seed24 (25 bytes)
eval:seed25 (19 bytes)
snapshot:39 (320 bytes; live heap 122259445)
snapshot:40 (414 bytes; live heap 122625638)
eval:seed26 (19 bytes)
snapshot:41 (452 bytes; live heap 122954074)
eval:seed27 (22 bytes)
snapshot:42 (891 bytes; live heap 122943217)
eval:seed28 (19 bytes)
equality:11 (2248 bytes; live heap 122945091)
eval:seed29 (25 bytes)
eval:seed30 (19 bytes)
snapshot:43 (433 bytes; live heap 124699568)
equality:12 (9264 bytes; live heap 118945585)
snapshot:44 (908 bytes; live heap 124719806)
eval:seed31 (22 bytes)
equality:13 (477 bytes; live heap 129227225)
snapshot:45 (439 bytes; live heap 129490965)
lockfile:3 (12711 bytes; live heap 129688375)
eval:seed32 (28 bytes)
equality:14 (530 bytes; live heap 129968881)
core:seed8 (1461 bytes)
snapshot:46 (435 bytes; live heap 129974527)
eval:seed33 (19 bytes)
equality:15 (216 bytes; live heap 130170103)
eval:seed34 (22 bytes)
snapshot:47 (412 bytes; live heap 130234381)
core:seed9 (2266 bytes)
equality:16 (534 bytes; live heap 130226429)
eval:seed35 (101 bytes)
snapshot:48 (890 bytes; live heap 130766130)
core:seed10 (2928 bytes)
eval:seed36 (164 bytes)
equality:17 (196 bytes; live heap 131210666)
eval:seed37 (339 bytes)
core:seed11 (1206 bytes)
snapshot:49 (320 bytes; live heap 132404307)
equality:18 (528 bytes; live heap 132273953)
snapshot:50 (435 bytes; live heap 135562988)
eval:seed38 (41 bytes)
lockfile:4 (2368 bytes; live heap 127250700)
core:seed12 (1433 bytes)
snapshot:51 (64890 bytes; live heap 123249095)
eval:seed39test regression_snapshot_int_size_is_bounded ... ok
 (23 bytes)
eval:seed40 (23 bytes)
snapshot:52 (412 bytes; live heap 123668671)
lockfile:5 (2770 bytes; live heap 118078698)
snapshot:53 (580 bytes; live heap 123774020)
eval:seed41 (49 bytes)
snapshot:54 (81580 bytes; live heap 123913917)
core:seed13 (1876 bytes)
snapshot:55 (412 bytes; live heap 123929364)
lockfile:6 (2992 bytes; live heap 123944992)
eval:seed42 (23 bytes)
snapshot:56 (115 bytes; live heap 124013992)
snapshot:57 (622 bytes; live heap 124044419)
eval:seed43 (23 bytes)
eval:seed44 (25 bytes)
snapshot:58 (408 bytes; live heap 124132977)
snapshot:59 (97 bytes; live heap 124337900)
eval:seed45 (5 bytes)
snapshot:60 (320 bytes; live heap 124448217)
eval:seed46 (19 bytes)
snapshot:61 (328 bytes; live heap 124688350)
lockfile:7 (5680 bytes; live heap 119758952)
eval:seed47 (27 bytes)
snapshot:62 (890 bytes; live heap 125634948)
core:seed14 (1148 bytes)
eval:seed48 (23 bytes)
snapshot:63 (310 bytes; live heap 125964879)
eval:seed49 (5 bytes)
core:0 (600 bytes; live heap 126181878)
eval:seed50 (23 bytes)
snapshot:64 (412 bytes; live heap 126311890)
core:1 (1007 bytes; live heap 126322070)
snapshot:65 (700 bytes; live heap 126448841)
lockfile:8 (2375 bytes; live heap 126540898)
snapshot:66 (320 bytes; live heap 126560085)
eval:seed51 (4 bytes)
snapshot:67 (320 bytes; live heap 127271987)
snapshot:68 (320 bytes; live heap 127277414)
core:2 (560 bytes; live heap 127454575)
eval:seed52 (4 bytes)
snapshot:69 (446 bytes; live heap 127512970)
eval:seed53 (7 bytes)
snapshot:70 (320 bytes; live heap 122096556)
eval:seed54 (7 bytes)
lockfile:9 (25511 bytes; live heap 127655958)
eval:seed55 (4 bytes)
snapshot:71 (307 bytes; live heap 128010456)
eval:seed56 (4 bytes)
snapshot:72 (913 bytes; live heap 128022467)
snapshot:73 (890 bytes; live heap 128022495)
eval:seed57 (4 bytes)
core:3 (1033 bytes; live heap 128022926)
eval:seed58 (10 bytes)
eval:seed59 (25 bytes)
snapshot:74 (200672 bytes; live heap 128885748)
core:4 (685 bytes; live heap 123605987)
eval:seed60 (25 bytes)
eval:seed61 (25 bytes)
certificate:seed1 (154467 bytes)
core:5 (1216 bytes; live heap 129665334)
eval:seed62 (25 bytes)
snapshot:75 (412 bytes; live heap 129398747)
eval:seed63 (10 bytes)
eval:seed64 (7 bytes)
core:6 (2267 bytes; live heap 129924085)
snapshot:76 (167412 bytes; live heap 129949616)
eval:seed65 (28 bytes)
eval:seed66 (28 bytes)
snapshot:77 (10913 bytes; live heap 125393699)
eval:seed67 (28 bytes)
core:7 (2045 bytes; live heap 131214684)
eval:seed68 (28 bytes)
snapshot:78 (890 bytes; live heap 125645127)
eval:seed69 (7 bytes)
core:8 (1208 bytes; live heap 131855994)
snapshot:79 (169554 bytes; live heap 131850166)
lockfile:10 (5572 bytes; live heap 131917871)
eval:seed70 (4 bytes)
core:9 (730 bytes; live heap 132015122)
snapshot:80 (320 bytes; live heap 132105211)
eval:seed71 (22 bytes)
eval:seed72 (22 bytes)
snapshot:81 (445 bytes; live heap 132281107)
eval:seed73 (4 bytes)
snapshot:82 (1019 bytes; live heap 132494116)
eval:0 (48 bytes; live heap 132565917)
eval:1 (23 bytes; live heap 132760548)
snapshot:83 (10412 bytes; live heap 132764303)
snapshot:84 (412 bytes; live heap 132756335)
snapshot:85 (446 bytes; live heap 127182563)
lockfile:11 (2371 bytes; live heap 127188879)
eval:2 (7 bytes; live heap 127192850)
snapshot:86 (890 bytes; live heap 127204388)
eval:3 (29 bytes; live heap 132936890)
snapshot:87 (413 bytes; live heap 132941709)
eval:4 (49 bytes; live heap 133010416)
eval:5 (2 bytes; live heap 133159171)
eval:6 (21 bytes; live heap 133626764)
eval:7 (160 bytes; live heap 133612468)
snapshot:88 (214286 bytes; live heap 133635122)
core:10 (2859 bytes; live heap 133660129)
eval:8 (12 bytes; live heap 134033382)
snapshot:89 (412 bytes; live heap 133937304)
lockfile:12 (13192 bytes; live heap 134133534)
eval:9 (665 bytes; live heap 134513637)
snapshot:90 (890 bytes; live heap 134530892)
eval:10 (355 bytes; live heap 134824462)
snapshot:91 (890 bytes; live heap 136031900)
eval:11 (4 bytes; live heap 130432544)
snapshot:92 (412 bytes; live heap 136093509)
eval:12 (20 bytes; live heap 136142241)
snapshot:93 (320 bytes; live heap 136356974)
eval:13 (350 bytes; live heap 136388957)
snapshot:94 (392 bytes; live heap 130815729)
eval:14 (27 bytes; live heap 130822330)
eval:15 (2 bytes; live heap 136496903)
eval:16 (20 bytes; live heap 136554336)
snapshot:95 (343 bytes; live heap 136605101)
eval:17 (3 bytes; live heap 136626180)
snapshot:96 (510 bytes; live heap 136769242)
snapshot:97 (890 bytes; live heap 136839292)
eval:18 (1296 bytes; live heap 136849014)
snapshot:98 (464 bytes; live heap 136902677)
eval:19 (22 bytes; live heap 136904520)
eval:20 (5 bytes; live heap 136983102)
lockfile:13 (13141 bytes; live heap 136967725)
snapshot:99 (321 bytes; live heap 136979108)
eval:21 (22 bytes; live heap 137009707)
snapshot:100 (10890 bytes; live heap 137069664)
eval:22 (34 bytes; live heap 137103361)
eval:23 (19 bytes; live heap 137143399)
eval:24 (33 bytes; live heap 137243311)
eval:25 (23 bytes; live heap 131717657)
eval:26 (7 bytes; live heap 137321582)
eval:27 (33 bytes; live heap 137333926)
snapshot:101 (890 bytes; live heap 137336014)
eval:28 (10 bytes; live heap 137509117)
snapshot:102 (412 bytes; live heap 137568688)
eval:29 (23 bytes; live heap 137613748)
snapshot:103 (890 bytes; live heap 131306445)
eval:30 (22 bytes; live heap 132072172)
snapshot:104 (17306 bytes; live heap 137473833)
eval:31 (275 bytes; live heap 137484065)
snapshot:105 (320 bytes; live heap 138434658)
snapshot:106 (320 bytes; live heap 138445672)
eval:32 (2 bytes; live heap 138465322)
snapshot:107 (321 bytes; live heap 138463283)
eval:33 (10 bytes; live heap 138495900)
snapshot:108 (468 bytes; live heap 138532234)
eval:34 (2 bytes; live heap 138551099)
snapshot:109 (415 bytes; live heap 138564993)
eval:35 (2 bytes; live heap 138570483)
snapshot:110 (413 bytes; live heap 138590979)
snapshot:111 (891 bytes; live heap 133063988)
eval:36 (24 bytes; live heap 133066108)
snapshot:112 (890 bytes; live heap 138762353)
snapshot:113 (997 bytes; live heap 141078603)
snapshot:114 (73320 bytes; live heap 137250785)
snapshot:115 (320 bytes; live heap 143496566)
snapshot:116 (1308 bytes; live heap 143604375)
snapshot:117 (412 bytes; live heap 138077694)
snapshot:118 (360 bytes; live heap 143826924)
snapshot:119 (355 bytes; live heap 143932564)
snapshot:120 (412 bytes; live heap 143983035)
snapshot:121 (913 bytes; live heap 144051127)
snapshot:122 (320 bytes; live heap 144089869)
snapshot:123 (890 bytes; live heap 144155600)
snapshot:124 (890 bytes; live heap 145753070)
snapshot:125 (1133 bytes; live heap 146061418)
snapshot:126 (343 bytes; live heap 146137342)
core:11 (53767 bytes; live heap 146767284)
snapshot:127 (200913 bytes; live heap 147274932)
snapshot:128 (320 bytes; live heap 152361981)
snapshot:129 (310 bytes; live heap 147847221)
snapshot:130 (662 bytes; live heap 153563041)
snapshot:131 (512 bytes; live heap 153755236)
snapshot:132 (321 bytes; live heap 153826415)
snapshot:133 (405 bytes; live heap 148293171)
snapshot:134 (438 bytes; live heap 154002389)
snapshot:135 (506 bytes; live heap 154051021)
snapshot:136 (7435 bytes; live heap 154173785)
snapshot:137 (35 bytes; live heap 154400927)
snapshot:138 (810 bytes; live heap 154430867)
snapshot:139 (320 bytes; live heap 154455767)
core:12 (1187 bytes; live heap 154465944)
snapshot:140 (1045 bytes; live heap 154469253)
snapshot:141 (431 bytes; live heap 154911707)
snapshot:142 (412 bytes; live heap 155033771)
snapshot:143 (20 bytes; live heap 155329773)
snapshot:144 (48084 bytes; live heap 155569651)
core:13 (1251 bytes; live heap 155707655)
snapshot:145 (458 bytes; live heap 155918631)
core:14 (403 bytes; live heap 155969407)
snapshot:146 (320 bytes; live heap 155996243)
snapshot:147 (890 bytes; live heap 156276776)
core:15 (201921 bytes; live heap 156401736)
snapshot:148 (320 bytes; live heap 151469961)
snapshot:149 (320 bytes; live heap 157529607)
snapshot:150 (349 bytes; live heap 157661405)
snapshot:151 (890 bytes; live heap 157768587)
snapshot:152 (223413 bytes; live heap 158759004)
snapshot:153 (494 bytes; live heap 160136235)
snapshot:154 (412 bytes; live heap 160169910)
snapshot:155 (890 bytes; live heap 160269025)
snapshot:156 (890 bytes; live heap 161155325)
snapshot:157 (436 bytes; live heap 161404229)
snapshot:158 (412 bytes; live heap 161936983)
snapshot:159 (320 bytes; live heap 161989623)
snapshot:160 (412 bytes; live heap 162012466)
snapshot:161 (836 bytes; live heap 162102345)
snapshot:162 (890 bytes; live heap 162190354)
core:16 (3807 bytes; live heap 162533112)
snapshot:163 (10412 bytes; live heap 162558741)
snapshot:164 (320 bytes; live heap 162875196)
snapshot:165 (343 bytes; live heap 163558761)
snapshot:166 (890 bytes; live heap 158049240)
snapshot:167 (890 bytes; live heap 164107048)
snapshot:168 (420 bytes; live heap 165252135)
snapshot:169 (144320 bytes; live heap 165815710)
snapshot:170 (686 bytes; live heap 168784487)
snapshot:171 (463 bytes; live heap 168812637)
snapshot:172 (435 bytes; live heap 168844085)
snapshot:173 (890 bytes; live heap 168894245)
snapshot:174 (320 bytes; live heap 169759628)
snapshot:175 (944 bytes; live heap 170117178)
snapshot:176 (320 bytes; live heap 164582009)
snapshot:177 (890 bytes; live heap 164995372)
snapshot:178 (890 bytes; live heap 170807583)
snapshot:179 (913 bytes; live heap 165365020)
snapshot:180 (890 bytes; live heap 170985330)
snapshot:181 (891 bytes; live heap 170997209)
snapshot:182 (890 bytes; live heap 171094220)
snapshot:183 (605 bytes; live heap 171896342)
snapshot:184 (890 bytes; live heap 171964396)
snapshot:185 (320 bytes; live heap 173292843)
snapshot:186 (890 bytes; live heap 173336773)
snapshot:187 (320 bytes; live heap 173373637)
snapshot:188 (1096 bytes; live heap 173826520)
snapshot:189 (890 bytes; live heap 175131490)
snapshot:190 (890 bytes; live heap 175209387)
snapshot:191 (412 bytes; live heap 178113700)
snapshot:192 (882 bytes; live heap 178175715)
snapshot:193 (412 bytes; live heap 172619931)
snapshot:194 (486 bytes; live heap 178427311)
snapshot:195 (369 bytes; live heap 178503620)
snapshot:196 (71412 bytes; live heap 178947388)
snapshot:197 (890 bytes; live heap 173348528)
snapshot:198 (412 bytes; live heap 173398521)
snapshot:199 (320 bytes; live heap 179070378)
snapshot:200 (81890 bytes; live heap 179540973)
snapshot:201 (320 bytes; live heap 179505590)
snapshot:202 (412 bytes; live heap 179543426)
snapshot:203 (412 bytes; live heap 179771065)
snapshot:204 (402 bytes; live heap 179978893)
snapshot:205 (446 bytes; live heap 180109547)
snapshot:206 (412 bytes; live heap 174598438)
snapshot:207 (412 bytes; live heap 180373517)
snapshot:208 (732 bytes; live heap 181457434)
snapshot:209 (10412 bytes; live heap 181546722)
snapshot:210 (320 bytes; live heap 181646859)
snapshot:211 (165412 bytes; live heap 181558453)
snapshot:212 (412 bytes; live heap 181084227)
snapshot:213 (412 bytes; live heap 181182165)
snapshot:214 (412 bytes; live heap 181232489)
snapshot:215 (329 bytes; live heap 181402399)
snapshot:216 (320 bytes; live heap 181468357)
snapshot:217 (412 bytes; live heap 181558936)
snapshot:218 (928 bytes; live heap 181591606)
snapshot:219 (1013 bytes; live heap 181769971)
snapshot:220 (1089 bytes; live heap 182042777)
snapshot:221 (396 bytes; live heap 182277139)
snapshot:222 (38354 bytes; live heap 177056119)
snapshot:223 (580 bytes; live heap 182897771)
snapshot:224 (891 bytes; live heap 182941989)
snapshot:225 (890 bytes; live heap 183157191)
snapshot:226 (412 bytes; live heap 176796690)
snapshot:227 (890 bytes; live heap 183389707)
snapshot:228 (320 bytes; live heap 183422033)
snapshot:229 (57 bytes; live heap 183470919)
snapshot:230 (435 bytes; live heap 183494374)
snapshot:231 (890 bytes; live heap 183525427)
snapshot:232 (757 bytes; live heap 183561235)
snapshot:233 (320 bytes; live heap 183614871)
snapshot:234 (412 bytes; live heap 183690839)
snapshot:235 (43320 bytes; live heap 183924854)
snapshot:236 (412 bytes; live heap 184137375)
snapshot:237 (412 bytes; live heap 184226680)
snapshot:238 (320 bytes; live heap 184307410)
snapshot:239 (320 bytes; live heap 184338898)
snapshot:240 (137321 bytes; live heap 184951465)
snapshot:241 (320 bytes; live heap 179872220)
snapshot:242 (376 bytes; live heap 185851157)
snapshot:243 (22435 bytes; live heap 186002924)
snapshot:244 (367 bytes; live heap 186185526)
snapshot:245 (412 bytes; live heap 180720900)
snapshot:246 (351 bytes; live heap 186354424)
snapshot:247 (412 bytes; live heap 186414150)
snapshot:248 (890 bytes; live heap 186523964)
snapshot:249 (320 bytes; live heap 186566243)
snapshot:250 (340 bytes; live heap 186593528)
snapshot:251 (412 bytes; live heap 186666246)
snapshot:252 (320 bytes; live heap 181099008)
snapshot:253 (919 bytes; live heap 187022540)
snapshot:254 (320 bytes; live heap 187074685)
snapshot:255 (304 bytes; live heap 181601839)
snapshot:256 (890 bytes; live heap 181603733)
snapshot:257 (505 bytes; live heap 187363450)
snapshot:258 (913 bytes; live heap 187470808)
snapshot:259 (325 bytes; live heap 187568175)
snapshot:260 (890 bytes; live heap 187617084)
snapshot:261 (890 bytes; live heap 189421438)
snapshot:262 (343 bytes; live heap 189635278)
snapshot:263 (890 bytes; live heap 189688992)
snapshot:264 (320 bytes; live heap 189715698)
snapshot:265 (231 bytes; live heap 189759448)
snapshot:266 (412 bytes; live heap 192055146)
snapshot:267 (35546 bytes; live heap 186719839)
snapshot:268 (412 bytes; live heap 192466178)
snapshot:269 (39689 bytes; live heap 192696292)
snapshot:270 (121320 bytes; live heap 193444714)
snapshot:271 (320 bytes; live heap 193868146)
snapshot:272 (810 bytes; live heap 188316044)
snapshot:273 (570 bytes; live heap 193985245)
snapshot:274 (1272 bytes; live heap 194132336)
snapshot:275 (174 bytes; live heap 194260553)
snapshot:276 (435 bytes; live heap 194291243)
snapshot:277 (320 bytes; live heap 188991023)
snapshot:278 (320 bytes; live heap 189339065)
snapshot:279 (320 bytes; live heap 195642823)
snapshot:280 (412 bytes; live heap 190377931)
snapshot:281 (890 bytes; live heap 196016265)
snapshot:282 (412 bytes; live heap 196168811)
snapshot:283 (320 bytes; live heap 196186633)
snapshot:284 (200606 bytes; live heap 196691923)
snapshot:285 (412 bytes; live heap 196322699)
snapshot:286 (435 bytes; live heap 196318227)
snapshot:287 (308 bytes; live heap 196286441)
snapshot:288 (890 bytes; live heap 196268879)
snapshot:289 (320 bytes; live heap 196389192)
snapshot:290 (320 bytes; live heap 196315907)
snapshot:291 (702 bytes; live heap 190682615)
snapshot:292 (460 bytes; live heap 196209808)
snapshot:293 (412 bytes; live heap 196115716)
snapshot:294 (890 bytes; live heap 196071497)
snapshot:295 (87412 bytes; live heap 195982964)
snapshot:296 (104412 bytes; live heap 195906786)
snapshot:297 (412 bytes; live heap 195879906)
snapshot:298 (412 bytes; live heap 195884518)
snapshot:299 (320 bytes; live heap 195929877)
snapshot:300 (433 bytes; live heap 195939437)
snapshot:301 (320 bytes; live heap 195933621)
snapshot:302 (347 bytes; live heap 195930276)
snapshot:303 (407 bytes; live heap 195923696)
snapshot:304 (207412 bytes; live heap 191038241)
snapshot:305 (412 bytes; live heap 190824873)
snapshot:306 (202890 bytes; live heap 196818758)
snapshot:307 (890 bytes; live heap 196374828)
snapshot:308 (200412 bytes; live heap 196684315)
snapshot:309 (890 bytes; live heap 195069572)
snapshot:310 (890 bytes; live heap 200654606)
snapshot:311 (10890 bytes; live heap 200818542)
snapshot:312 (412 bytes; live heap 200582920)
snapshot:313 (891 bytes; live heap 200379881)
snapshot:314 (399 bytes; live heap 194790957)
snapshot:315 (1208 bytes; live heap 200382204)
snapshot:316 (320 bytes; live heap 200341585)
snapshot:317 (350890 bytes; live heap 199903859)
snapshot:318 (320 bytes; live heap 197663314)
snapshot:319 (435 bytes; live heap 197627548)
snapshot:320 (920 bytes; live heap 197577160)
snapshot:321 (412 bytes; live heap 197495854)
snapshot:322 (203 bytes; live heap 197478935)
snapshot:323 (415 bytes; live heap 191043358)
snapshot:324 (408 bytes; live heap 191819760)
snapshot:325 (10435 bytes; live heap 197381893)
snapshot:326 (5 bytes; live heap 197188663)
snapshot:327 (320 bytes; live heap 197416422)
snapshot:328 (412 bytes; live heap 197943943)
snapshot:329 (455 bytes; live heap 197896403)
snapshot:330 (320 bytes; live heap 197868656)
certificate:seed2 (104273 bytes)
snapshot:331 (320 bytes; live heap 197416837)
snapshot:332 (924 bytes; live heap 197410199)
snapshot:333 (890 bytes; live heap 197422989)
snapshot:334 (412 bytes; live heap 196808224)
snapshot:335 (24412 bytes; live heap 196767272)
snapshot:336 (326 bytes; live heap 196622957)
snapshot:337 (32890 bytes; live heap 196580115)
snapshot:338 (643 bytes; live heap 197034915)
snapshot:339 (343 bytes; live heap 197018533)
snapshot:340 (200489 bytes; live heap 197085843)
snapshot:341 (16412 bytes; live heap 196493698)
snapshot:342 (320 bytes; live heap 190783256)
snapshot:343 (10412 bytes; live heap 196398836)
snapshot:344 (162 bytes; live heap 196400670)
snapshot:345 (418 bytes; live heap 196405462)
snapshot:346 (412 bytes; live heap 196543572)
snapshot:347 (890 bytes; live heap 196557482)
snapshot:348 (15320 bytes; live heap 196574918)
snapshot:349 (890 bytes; live heap 196573536)
snapshot:350 (320 bytes; live heap 196533761)
snapshot:351 (357 bytes; live heap 196222430)
snapshot:352 (913 bytes; live heap 196147081)
snapshot:353 (446 bytes; live heap 196108196)
snapshot:354 (12412 bytes; live heap 196048870)
snapshot:355 (321 bytes; live heap 196027772)
snapshot:356 (320 bytes; live heap 196012437)
snapshot:357 (436 bytes; live heap 195957950)
snapshot:358 (320 bytes; live heap 195878246)
snapshot:359 (412 bytes; live heap 195861117)
snapshot:360 (344 bytes; live heap 195800751)
snapshot:361 (412 bytes; live heap 195790683)
snapshot:362 (5730 bytes; live heap 195670077)
snapshot:363 (890 bytes; live heap 195611251)
snapshot:364 (891 bytes; live heap 195583675)
snapshot:365 (574 bytes; live heap 189827824)
snapshot:366 (4890 bytes; live heap 195412890)
snapshot:367 (361 bytes; live heap 195218463)
snapshot:368 (1150 bytes; live heap 189589500)
snapshot:369 (364 bytes; live heap 195201120)
snapshot:370 (107 bytes; live heap 195220144)
snapshot:371 (320 bytes; live heap 195229455)
snapshot:372 (173 bytes; live heap 191908954)
snapshot:373 (412 bytes; live heap 191934170)
snapshot:374 (890 bytes; live heap 191966792)
snapshot:375 (951 bytes; live heap 191960476)
snapshot:376 (891 bytes; live heap 192626280)
snapshot:377 (145 bytes; live heap 192631127)
snapshot:378 (887 bytes; live heap 192630411)
snapshot:379 (890 bytes; live heap 192626858)
snapshot:380 (891 bytes; live heap 193703322)
snapshot:381 (508 bytes; live heap 193645218)
snapshot:382 (412 bytes; live heap 188051179)
snapshot:383 (358 bytes; live heap 188043772)
snapshot:384 (320 bytes; live heap 193614797)
snapshot:385 (146917 bytes; live heap 193732387)
snapshot:386 (435 bytes; live heap 193587323)
snapshot:387 (412 bytes; live heap 193592870)
snapshot:388 (621 bytes; live heap 193571790)
snapshot:389 (890 bytes; live heap 193561347)
snapshot:390 (516 bytes; live heap 193559229)
snapshot:391 (320 bytes; live heap 193555719)
snapshot:392 (320 bytes; live heap 193558054)
snapshot:393 (609 bytes; live heap 193552017)
snapshot:394 (686 bytes; live heap 193529812)
snapshot:395 (913 bytes; live heap 193529605)
snapshot:396 (320 bytes; live heap 193515196)
snapshot:397 (890 bytes; live heap 193512591)
snapshot:398 (110320 bytes; live heap 193453503)
snapshot:399 (893 bytes; live heap 193493819)
snapshot:400 (890 bytes; live heap 193475924)
snapshot:401 (320 bytes; live heap 193387779)
snapshot:402 (320 bytes; live heap 193049312)
snapshot:403 (412 bytes; live heap 192757611)
snapshot:404 (320 bytes; live heap 192664748)
snapshot:405 (382 bytes; live heap 192641575)
snapshot:406 (412 bytes; live heap 192620416)
snapshot:407 (412 bytes; live heap 192577641)
snapshot:408 (742 bytes; live heap 192574992)
snapshot:409 (400 bytes; live heap 192558157)
snapshot:410 (320 bytes; live heap 192550429)
snapshot:411 (890 bytes; live heap 192526169)
snapshot:412 (320 bytes; live heap 192517614)
snapshot:413 (1158 bytes; live heap 192518135)
snapshot:414 (412 bytes; live heap 192504903)
snapshot:415 (797 bytes; live heap 192478208)
snapshot:416 (412 bytes; live heap 192468350)
snapshot:417 (1068 bytes; live heap 192415869)
snapshot:418 (314 bytes; live heap 192441571)
snapshot:419 (890 bytes; live heap 192428580)
snapshot:420 (409 bytes; live heap 192408662)
snapshot:421 (536 bytes; live heap 192433295)
snapshot:422 (174362 bytes; live heap 192897461)
snapshot:423 (976 bytes; live heap 186715645)
snapshot:424 (412 bytes; live heap 186726457)
snapshot:425 (891 bytes; live heap 187507162)
snapshot:426 (890 bytes; live heap 187520069)
snapshot:427 (412 bytes; live heap 187512532)
snapshot:428 (148412 bytes; live heap 187702396)
snapshot:429 (412 bytes; live heap 187495923)
snapshot:430 (1066 bytes; live heap 187502111)
snapshot:431 (320 bytes; live heap 187481757)
snapshot:432 (320 bytes; live heap 187466773)
snapshot:433 (831 bytes; live heap 187476729)
snapshot:434 (412 bytes; live heap 187474534)
snapshot:435 (424 bytes; live heap 187499728)
snapshot:436 (10570 bytes; live heap 187524724)
snapshot:437 (308 bytes; live heap 187497247)
snapshot:438 (890 bytes; live heap 187493614)
snapshot:439 (386 bytes; live heap 187415738)
snapshot:440 (449 bytes; live heap 193254873)
snapshot:441 (482 bytes; live heap 193524696)
snapshot:442 (117890 bytes; live heap 194431160)
snapshot:443 (412 bytes; live heap 194259197)
snapshot:444 (890 bytes; live heap 194256212)
snapshot:445 (321 bytes; live heap 194146677)
snapshot:446 (193 bytes; live heap 194156526)
snapshot:447 (412 bytes; live heap 194141375)
snapshot:448 (412 bytes; live heap 194134290)
snapshot:449 (890 bytes; live heap 194134113)
snapshot:450 (104707 bytes; live heap 194194041)
snapshot:451 (10890 bytes; live heap 193900347)
snapshot:452 (306 bytes; live heap 193697467)
snapshot:453 (111320 bytes; live heap 193712112)
snapshot:454 (890 bytes; live heap 187788527)
snapshot:455 (305 bytes; live heap 193286057)
snapshot:456 (10353 bytes; live heap 193262169)
snapshot:457 (412 bytes; live heap 187664737)
snapshot:458 (21913 bytes; live heap 193201418)
snapshot:459 (200358 bytes; live heap 193010558)
snapshot:460 (320 bytes; live heap 186268775)
snapshot:461 (316 bytes; live heap 191816732)
snapshot:462 (857 bytes; live heap 189662392)
snapshot:463 (382 bytes; live heap 189613638)
snapshot:464 (654 bytes; live heap 189547945)
snapshot:465 (60 bytes; live heap 189515547)
snapshot:466 (344 bytes; live heap 189490797)
snapshot:467 (494 bytes; live heap 189477009)
snapshot:468 (320 bytes; live heap 189468437)
snapshot:469 (146890 bytes; live heap 189473998)
snapshot:470 (78320 bytes; live heap 193724865)
snapshot:471 (412 bytes; live heap 193455037)
snapshot:472 (412 bytes; live heap 193435820)
snapshot:473 (10548 bytes; live heap 193342320)
snapshot:474 (412 bytes; live heap 187664560)
snapshot:475 (356 bytes; live heap 193196790)
snapshot:476 (320 bytes; live heap 193125701)
snapshot:477 (1402 bytes; live heap 193100260)
snapshot:478 (427 bytes; live heap 193101083)
snapshot:479 (580 bytes; live heap 193083665)
snapshot:480 (201124 bytes; live heap 193102309)
snapshot:481 (412 bytes; live heap 191886294)
snapshot:482 (306 bytes; live heap 191857287)
snapshot:483 (413 bytes; live heap 191855623)
snapshot:484 (129255 bytes; live heap 191898022)
snapshot:485 (11070 bytes; live heap 191646495)
snapshot:486 (412 bytes; live heap 191602709)
snapshot:487 (199495 bytes; live heap 191860213)
snapshot:488 (412 bytes; live heap 191451894)
snapshot:489 (447 bytes; live heap 191439711)
snapshot:490 (320 bytes; live heap 191325637)
snapshot:491 (966 bytes; live heap 191290915)
snapshot:492 (512 bytes; live heap 191185771)
snapshot:493 (30481 bytes; live heap 191098012)
snapshot:494 (320 bytes; live heap 190879114)
snapshot:495 (928 bytes; live heap 190833704)
snapshot:496 (10311 bytes; live heap 190735457)
snapshot:497 (15 bytes; live heap 190704273)
snapshot:498 (498 bytes; live heap 190694150)
snapshot:499 (1402 bytes; live heap 190676747)
snapshot:500 (320 bytes; live heap 190623861)
snapshot:501 (594 bytes; live heap 190593177)
snapshot:502 (320 bytes; live heap 190578233)
snapshot:503 (964 bytes; live heap 190587565)
snapshot:504 (237 bytes; live heap 184895043)
snapshot:505 (412 bytes; live heap 184796888)
snapshot:506 (42326 bytes; live heap 184598578)
snapshot:507 (320 bytes; live heap 182599639)
snapshot:508 (545 bytes; live heap 182120538)
snapshot:509 (94320 bytes; live heap 182081314)
certificate:seed3 (102786 bytes)
snapshot:510 (488 bytes; live heap 181699301)
snapshot:511 (95320 bytes; live heap 187094021)
snapshot:512 (320 bytes; live heap 186734448)
snapshot:513 (180320 bytes; live heap 186399181)
snapshot:514 (412 bytes; live heap 185702347)
snapshot:515 (412 bytes; live heap 180041454)
snapshot:516 (883 bytes; live heap 185593207)
snapshot:517 (412 bytes; live heap 185559960)
snapshot:518 (413 bytes; live heap 185471069)
snapshot:519 (1336 bytes; live heap 185413304)
snapshot:520 (179 bytes; live heap 185289329)
snapshot:521 (890 bytes; live heap 185241299)
snapshot:522 (337 bytes; live heap 185014924)
snapshot:523 (325 bytes; live heap 179296171)
snapshot:524 (913 bytes; live heap 184800091)
snapshot:525 (10435 bytes; live heap 184622676)
snapshot:526 (514 bytes; live heap 184563501)
snapshot:527 (398 bytes; live heap 184552465)
snapshot:528 (412 bytes; live heap 177441806)
snapshot:529 (890 bytes; live heap 177408337)
snapshot:530 (320 bytes; live heap 177354611)
snapshot:531 (890 bytes; live heap 177321273)
snapshot:532 (412 bytes; live heap 177220077)
snapshot:533 (944 bytes; live heap 177159846)
snapshot:534 (437 bytes; live heap 177756911)
snapshot:535 (320 bytes; live heap 177691588)
snapshot:536 (107287 bytes; live heap 183045282)
snapshot:537 (412 bytes; live heap 176748718)
snapshot:538 (195 bytes; live heap 181939551)
snapshot:539 (412 bytes; live heap 181850637)
snapshot:540 (890 bytes; live heap 181601182)
snapshot:541 (412 bytes; live heap 180575345)
snapshot:542 (10890 bytes; live heap 180517874)
snapshot:543 (312 bytes; live heap 180206433)
snapshot:544 (475 bytes; live heap 179870129)
snapshot:545 (10890 bytes; live heap 180655002)
snapshot:546 (320 bytes; live heap 181879283)
snapshot:547 (907 bytes; live heap 181836211)
snapshot:548 (408 bytes; live heap 181825896)
snapshot:549 (200320 bytes; live heap 181465161)
snapshot:550 (891 bytes; live heap 181215717)
snapshot:551 (320 bytes; live heap 181055218)
snapshot:552 (320 bytes; live heap 181048728)
snapshot:553 (412 bytes; live heap 181029566)
snapshot:554 (10890 bytes; live heap 181011811)
snapshot:555 (412 bytes; live heap 180965313)
snapshot:556 (120890 bytes; live heap 180931347)
snapshot:557 (890 bytes; live heap 174655708)
snapshot:558 (890 bytes; live heap 174600478)
snapshot:559 (526 bytes; live heap 173482273)
snapshot:560 (1030 bytes; live heap 178947125)
snapshot:561 (666 bytes; live heap 178793594)
snapshot:562 (406 bytes; live heap 178626574)
snapshot:563 (651 bytes; live heap 178578759)
snapshot:564 (941 bytes; live heap 178300285)
snapshot:565 (320 bytes; live heap 178274638)
snapshot:566 (628 bytes; live heap 177732901)
snapshot:567 (130412 bytes; live heap 173338890)
snapshot:568 (407 bytes; live heap 178132026)
snapshot:569 (343 bytes; live heap 178124020)
snapshot:570 (319 bytes; live heap 178062395)
snapshot:571 (412 bytes; live heap 172459871)
snapshot:572 (890 bytes; live heap 177741204)
snapshot:573 (116 bytes; live heap 174728851)
snapshot:574 (45402 bytes; live heap 169078409)
snapshot:575 (492 bytes; live heap 174547394)
snapshot:576 (580 bytes; live heap 173975477)
snapshot:577 (914 bytes; live heap 173942067)
snapshot:578 (320 bytes; live heap 168264576)
snapshot:579 (91320 bytes; live heap 173494483)
snapshot:580 (135412 bytes; live heap 172354789)
snapshot:581 (412 bytes; live heap 171278041)
snapshot:582 (343 bytes; live heap 174829233)
lockfile:14 (2146937 bytes; live heap 172357831)
snapshot:583 (97890 bytes; live heap 176619392)
snapshot:584 (890 bytes; live heap 171494236)
snapshot:585 (412 bytes; live heap 177270696)
snapshot:586 (732 bytes; live heap 177182506)
snapshot:587 (435 bytes; live heap 175043412)
lockfile:15 (5671 bytes; live heap 171156686)
snapshot:588 (412 bytes; live heap 171266191)
snapshot:589 (310 bytes; live heap 171908754)
snapshot:590 (413 bytes; live heap 166656409)
snapshot:591 (890 bytes; live heap 172359124)
lockfile:16 (2371 bytes; live heap 172456798)
certificate:seed4 (96430 bytes)
snapshot:592 (223580 bytes; live heap 174335219)
snapshot:593 (320 bytes; live heap 174747600)
snapshot:594 (20 bytes; live heap 175555751)
lockfile:17 (2379 bytes; live heap 175529816)
snapshot:595 (320 bytes; live heap 175567578)
snapshot:596 (19096 bytes; live heap 175644581)
snapshot:597 (594 bytes; live heap 169984059)
lockfile:18 (25520 bytes; live heap 175953884)
snapshot:598 (321 bytes; live heap 176612880)
snapshot:599 (890 bytes; live heap 176710082)
snapshot:600 (200890 bytes; live heap 178722526)
snapshot:601 (130412 bytes; live heap 179239868)
lockfile:19 (3170 bytes; live heap 179360233)
snapshot:602 (320 bytes; live heap 179978681)
snapshot:603 (127830 bytes; live heap 180366211)
snapshot:604 (10412 bytes; live heap 179813968)
snapshot:605 (413 bytes; live heap 179807871)
snapshot:606 (890 bytes; live heap 179947999)
lockfile:20 (5736 bytes; live heap 180254908)
snapshot:607 (320 bytes; live heap 174896762)
snapshot:608 (315 bytes; live heap 180529945)
snapshot:609 (360 bytes; live heap 180900209)
snapshot:610 (916 bytes; live heap 180877482)
snapshot:611 (780 bytes; live heap 177813772)
snapshot:612 (331 bytes; live heap 177786575)
snapshot:613 (1096 bytes; live heap 177791809)
lockfile:21 (5672 bytes; live heap 166336962)
snapshot:614 (320 bytes; live heap 168582522)
snapshot:615 (412 bytes; live heap 175683699)
snapshot:616 (580 bytes; live heap 175855285)
lockfile:22 (25986 bytes; live heap 176475725)
snapshot:617 (232 bytes; live heap 176523782)
snapshot:618 (1105 bytes; live heap 176900868)
snapshot:619 (914 bytes; live heap 177147742)
snapshot:620 (20407 bytes; live heap 177222672)
snapshot:621 (778 bytes; live heap 178336218)
snapshot:622 (244 bytes; live heap 178966821)
snapshot:623 (200320 bytes; live heap 175746664)
snapshot:624 (45 bytes; live heap 175885319)
snapshot:625 (200890 bytes; live heap 182626099)
snapshot:626 (337 bytes; live heap 183558357)
snapshot:627 (412 bytes; live heap 183583973)
snapshot:628 (890 bytes; live heap 184162546)
lockfile:23 (13031 bytes; live heap 184170537)
snapshot:629 (530 bytes; live heap 184177744)
snapshot:630 (320 bytes; live heap 184445093)
snapshot:631 (883 bytes; live heap 185347699)
lockfile:24 (2534 bytes; live heap 188473940)
snapshot:632 (672 bytes; live heap 183120448)
snapshot:633 (890 bytes; live heap 186977314)
snapshot:634 (320 bytes; live heap 186849812)
snapshot:635 (453 bytes; live heap 187115412)
lockfile:25 (2937 bytes; live heap 181852931)
certificate:seed5 (448 bytes)
snapshot:636 (336 bytes; live heap 188341651)
snapshot:637 (396 bytes; live heap 189045914)
row-model:seed1 (155047 bytes)
snapshot:638 (659 bytes; live heap 189591235)
snapshot:639 (5412 bytes; live heap 189760062)
lockfile:26 (13033 bytes; live heap 190571518)
snapshot:640 (343 bytes; live heap 190641334)
certificate:0 (149135 bytes; live heap 185450822)
snapshot:641 (320 bytes; live heap 191523463)
snapshot:642 (890 bytes; live heap 191223538)
snapshot:643 (890 bytes; live heap 191573366)
lockfile:27 (5683 bytes; live heap 191640303)
certificate:1 (98497 bytes; live heap 186462507)
snapshot:644 (320 bytes; live heap 186905891)
certificate:2 (93462 bytes; live heap 193308188)
snapshot:645 (924 bytes; live heap 193341006)
snapshot:646 (442 bytes; live heap 193590557)
snapshot:647 (320 bytes; live heap 193801633)
snapshot:648 (643 bytes; live heap 193787867)
snapshot:649 (412 bytes; live heap 193744120)
snapshot:650 (1111 bytes; live heap 193735332)
snapshot:651 (412 bytes; live heap 193757625)
snapshot:652 (320 bytes; live heap 193753428)
lockfile:28 (13111 bytes; live heap 193983437)
snapshot:653 (890 bytes; live heap 194075334)
snapshot:654 (890 bytes; live heap 194314597)
snapshot:655 (891 bytes; live heap 188979878)
snapshot:656 (320 bytes; live heap 194610509)
snapshot:657 (1330 bytes; live heap 194624263)
snapshot:658 (320 bytes; live heap 194659769)
snapshot:659 (320 bytes; live heap 194672426)
snapshot:660 (320 bytes; live heap 194684381)
snapshot:661 (320 bytes; live heap 194714028)
snapshot:662 (508 bytes; live heap 194732088)
snapshot:663 (890 bytes; live heap 194913395)
snapshot:664 (4 bytes; live heap 194932941)
snapshot:665 (378 bytes; live heap 194921968)
snapshot:666 (1890 bytes; live heap 189339166)
lockfile:29 (25421 bytes; live heap 194908730)
snapshot:667 (320 bytes; live heap 194938334)
snapshot:668 (320 bytes; live heap 194947861)
snapshot:669 (412 bytes; live heap 188542963)
snapshot:670 (409 bytes; live heap 189318539)
snapshot:671 (412 bytes; live heap 194941611)
snapshot:672 (412 bytes; live heap 194972074)
snapshot:673 (343 bytes; live heap 195047449)
snapshot:674 (224890 bytes; live heap 189853677)
snapshot:675 (412 bytes; live heap 195586286)
snapshot:676 (433 bytes; live heap 195610911)
snapshot:677 (412 bytes; live heap 195630032)
snapshot:678 (412 bytes; live heap 195663070)
snapshot:679 (890 bytes; live heap 195719718)
snapshot:680 (448 bytes; live heap 195747871)
snapshot:681 (11435 bytes; live heap 190187862)
snapshot:682 (320 bytes; live heap 190229202)
snapshot:683 (412 bytes; live heap 195915586)
snapshot:684 (84320 bytes; live heap 196072568)
snapshot:685 (890 bytes; live heap 196122852)
snapshot:686 (320 bytes; live heap 196204099)
snapshot:687 (782 bytes; live heap 196213955)
snapshot:688 (590 bytes; live heap 196533418)
snapshot:689 (3412 bytes; live heap 196599679)
snapshot:690 (320 bytes; live heap 196621003)
snapshot:691 (890 bytes; live heap 196747121)
lockfile:30 (25534 bytes; live heap 191219110)
snapshot:692 (200320 bytes; live heap 192780843)
snapshot:693 (176999 bytes; live heap 186823066)
snapshot:694 (890 bytes; live heap 193377329)
snapshot:695 (428 bytes; live heap 193633155)
snapshot:696 (13412 bytes; live heap 193653812)
snapshot:697 (412 bytes; live heap 188049839)
snapshot:698 (435 bytes; live heap 194710735)
snapshot:699 (320 bytes; live heap 194721869)
snapshot:700 (890 bytes; live heap 194700838)
snapshot:701 (864 bytes; live heap 194726954)
snapshot:702 (833 bytes; live heap 194723954)
snapshot:703 (413 bytes; live heap 194750389)
snapshot:704 (1068 bytes; live heap 194761456)
snapshot:705 (320 bytes; live heap 194813401)
snapshot:706 (439 bytes; live heap 194824843)
snapshot:707 (138266 bytes; live heap 189375751)
snapshot:708 (379 bytes; live heap 189225440)
snapshot:709 (412 bytes; live heap 194817233)
snapshot:710 (385 bytes; live heap 194815565)
snapshot:711 (24412 bytes; live heap 194786585)
snapshot:712 (413 bytes; live heap 194720700)
snapshot:713 (311 bytes; live heap 194721468)
snapshot:714 (412 bytes; live heap 194705397)
snapshot:715 (68304 bytes; live heap 194754813)
snapshot:716 (931 bytes; live heap 194704528)
snapshot:717 (890 bytes; live heap 194713359)
snapshot:718 (320 bytes; live heap 194702797)
snapshot:719 (320 bytes; live heap 195216457)
lockfile:31 (2394 bytes; live heap 195218499)
snapshot:720 (490 bytes; live heap 195223478)
snapshot:721 (320 bytes; live heap 195230248)
snapshot:722 (412 bytes; live heap 189624955)
snapshot:723 (552 bytes; live heap 195250252)
snapshot:724 (986 bytes; live heap 189809595)
snapshot:725 (412 bytes; live heap 189817505)
lockfile:32 (2925 bytes; live heap 195692124)
snapshot:726 (173412 bytes; live heap 195712502)
snapshot:727 (627 bytes; live heap 195449784)
snapshot:728 (278 bytes; live heap 195381869)
snapshot:729 (10890 bytes; live heap 195202174)
snapshot:730 (64412 bytes; live heap 195246456)
lockfile:33 (25570 bytes; live heap 195171443)
snapshot:731 (412 bytes; live heap 195156142)
snapshot:732 (412 bytes; live heap 195204406)
snapshot:733 (320 bytes; live heap 195217638)
snapshot:734 (412 bytes; live heap 195236939)
snapshot:735 (320 bytes; live heap 195271872)
snapshot:736 (320 bytes; live heap 195294387)
snapshot:737 (320 bytes; live heap 195314381)
snapshot:738 (483 bytes; live heap 195322912)
snapshot:739 (320 bytes; live heap 195335884)
snapshot:740 (316 bytes; live heap 195488978)
snapshot:741 (412 bytes; live heap 195506668)
snapshot:742 (890 bytes; live heap 195508551)
snapshot:743 (412 bytes; live heap 195619762)
snapshot:744 (382 bytes; live heap 195643384)
snapshot:745 (412 bytes; live heap 195656117)
snapshot:746 (12320 bytes; live heap 195704920)
snapshot:747 (523 bytes; live heap 195734834)
snapshot:748 (320 bytes; live heap 195779416)
snapshot:749 (891 bytes; live heap 196488705)
snapshot:750 (412 bytes; live heap 196595345)
snapshot:751 (29954 bytes; live heap 196726226)
snapshot:752 (906 bytes; live heap 196746502)
snapshot:753 (890 bytes; live heap 196787955)
snapshot:754 (311 bytes; live heap 196873865)
snapshot:755 (200320 bytes; live heap 197304834)
snapshot:756 (311 bytes; live heap 197139586)
snapshot:757 (200412 bytes; live heap 192117684)
snapshot:758 (47890 bytes; live heap 198869524)
snapshot:759 (320 bytes; live heap 199032343)
snapshot:760 (200901 bytes; live heap 199631453)
snapshot:761 (320 bytes; live heap 199419982)
snapshot:762 (191412 bytes; live heap 199603840)
snapshot:763 (890 bytes; live heap 199338889)
snapshot:764 (890 bytes; live heap 199258642)
snapshot:765 (11000 bytes; live heap 193549729)
snapshot:766 (496 bytes; live heap 199085509)
snapshot:767 (200890 bytes; live heap 199191586)
snapshot:768 (890 bytes; live heap 198974392)
snapshot:769 (304 bytes; live heap 198956420)
snapshot:770 (1048 bytes; live heap 198947275)
snapshot:771 (435 bytes; live heap 198910277)
snapshot:772 (795 bytes; live heap 198927778)
snapshot:773 (634 bytes; live heap 199036800)
snapshot:774 (412 bytes; live heap 198904151)
snapshot:775 (913 bytes; live heap 193245397)
certificate:3 (155954 bytes; live heap 198791516)
snapshot:776 (320 bytes; live heap 198786143)
snapshot:777 (320 bytes; live heap 198807724)
snapshot:778 (10320 bytes; live heap 198748899)
snapshot:779 (261 bytes; live heap 198563073)
snapshot:780 (320 bytes; live heap 193031238)
snapshot:781 (412 bytes; live heap 193074998)
snapshot:782 (565 bytes; live heap 198688428)
snapshot:783 (320 bytes; live heap 198651545)
certificate:4 (154468 bytes; live heap 198713234)
snapshot:784 (1398 bytes; live heap 198635114)
snapshot:785 (476 bytes; live heap 198316930)
snapshot:786 (890 bytes; live heap 198354607)
snapshot:787 (1374 bytes; live heap 198335689)
snapshot:788 (412 bytes; live heap 198327852)
snapshot:789 (86 bytes; live heap 198329856)
snapshot:790 (246435 bytes; live heap 198808861)
certificate:5 (97912 bytes; live heap 198477856)
eval:37 (338001 bytes; live heap 198403978)
snapshot:791 (66 bytes; live heap 198927989)
snapshot:792 (320 bytes; live heap 198956845)
snapshot:793 (890 bytes; live heap 197899609)
certificate:6 (154490 bytes; live heap 197901063)
lockfile:34 (122363 bytes; live heap 198284084)
snapshot:794 (321 bytes; live heap 198612129)
snapshot:795 (348 bytes; live heap 193057135)
snapshot:796 (96435 bytes; live heap 199268977)
snapshot:797 (890 bytes; live heap 194482515)
snapshot:798 (368 bytes; live heap 200639210)
lockfile:35 (2383 bytes; live heap 200652792)
snapshot:799 (320 bytes; live heap 200674438)
snapshot:800 (891 bytes; live heap 200707613)
snapshot:801 (79320 bytes; live heap 201122351)
snapshot:802 (412 bytes; live heap 201364367)
lockfile:36 (25054 bytes; live heap 201954227)
snapshot:803 (200926 bytes; live heap 196260841)
snapshot:804 (2412 bytes; live heap 201708732)
snapshot:805 (320 bytes; live heap 201739737)
snapshot:806 (890 bytes; live heap 201758357)
snapshot:807 (416 bytes; live heap 201800997)
snapshot:808 (534 bytes; live heap 201852285)
snapshot:809 (320 bytes; live heap 201905434)
snapshot:810 (10530 bytes; live heap 201995592)
snapshot:811 (320 bytes; live heap 202026363)
snapshot:812 (2415 bytes; live heap 202428569)
snapshot:813 (468 bytes; live heap 202331100)
snapshot:814 (5320 bytes; live heap 202375997)
snapshot:815 (506 bytes; live heap 202417851)
snapshot:816 (412 bytes; live heap 196854938)
snapshot:817 (320 bytes; live heap 202486319)
snapshot:818 (890 bytes; live heap 202515373)
snapshot:819 (890 bytes; live heap 203318627)
snapshot:820 (320 bytes; live heap 203404020)
snapshot:821 (119890 bytes; live heap 203766513)
snapshot:822 (264 bytes; live heap 203715644)
snapshot:823 (890 bytes; live heap 203849863)
snapshot:824 (500 bytes; live heap 198268960)
snapshot:825 (412 bytes; live heap 204012134)
snapshot:826 (320 bytes; live heap 204017794)
lockfile:37 (2383 bytes; live heap 204523765)
snapshot:827 (160412 bytes; live heap 204414212)
snapshot:828 (101412 bytes; live heap 204673637)
snapshot:829 (320 bytes; live heap 199401393)
snapshot:830 (1248 bytes; live heap 205049173)
snapshot:831 (580 bytes; live heap 205164407)
snapshot:832 (891 bytes; live heap 205170661)
snapshot:833 (435 bytes; live heap 205178882)
snapshot:834 (413 bytes; live heap 205200441)
lockfile:38 (5690 bytes; live heap 205246028)
snapshot:835 (304 bytes; live heap 199967197)
snapshot:836 (890 bytes; live heap 199996142)
snapshot:837 (412 bytes; live heap 205618778)
snapshot:838 (87702 bytes; live heap 206042825)
snapshot:839 (320 bytes; live heap 206658962)
snapshot:840 (412 bytes; live heap 206707188)
lockfile:39 (2934 bytes; live heap 206936537)
snapshot:841 (89320 bytes; live heap 207092111)
snapshot:842 (411 bytes; live heap 207420149)
snapshot:843 (884 bytes; live heap 207476584)
lockfile:40 (2911 bytes; live heap 207668923)
snapshot:844 (412 bytes; live heap 207687032)
snapshot:845 (320 bytes; live heap 207711200)
snapshot:846 (146913 bytes; live heap 208239517)
snapshot:847 (1027 bytes; live heap 209045102)
snapshot:848 (890 bytes; live heap 209129774)
snapshot:849 (890 bytes; live heap 211863627)
snapshot:850 (5321 bytes; live heap 212199900)
snapshot:851 (95 bytes; live heap 212255270)
snapshot:852 (358 bytes; live heap 212268201)
snapshot:853 (304 bytes; live heap 212287097)
snapshot:854 (92320 bytes; live heap 212393905)
snapshot:855 (320 bytes; live heap 212150503)
snapshot:856 (1206 bytes; live heap 212099423)
snapshot:857 (412 bytes; live heap 211984096)
snapshot:858 (589 bytes; live heap 211902367)
snapshot:859 (890 bytes; live heap 211874531)
snapshot:860 (413 bytes; live heap 211824193)
snapshot:861 (320 bytes; live heap 211784606)
snapshot:862 (320 bytes; live heap 206135208)
snapshot:863 (320 bytes; live heap 211697848)
snapshot:864 (26 bytes; live heap 211660087)
snapshot:865 (412 bytes; live heap 211635057)
snapshot:866 (890 bytes; live heap 211512052)
snapshot:867 (315 bytes; live heap 210755840)
snapshot:868 (656 bytes; live heap 210691603)
snapshot:869 (343 bytes; live heap 205001187)
snapshot:870 (313 bytes; live heap 210502141)
lockfile:41 (18340 bytes; live heap 210089292)
snapshot:871 (189580 bytes; live heap 210029301)
snapshot:872 (1173 bytes; live heap 209411980)
lockfile:42 (2824 bytes; live heap 209024814)
snapshot:873 (225412 bytes; live heap 203479271)
snapshot:874 (438 bytes; live heap 208663799)
snapshot:875 (256 bytes; live heap 208581250)
snapshot:876 (400 bytes; live heap 208549343)
snapshot:877 (275 bytes; live heap 208522047)
snapshot:878 (320 bytes; live heap 208483649)
snapshot:879 (320 bytes; live heap 208442707)
snapshot:880 (2320 bytes; live heap 211733724)
snapshot:881 (913 bytes; live heap 211669673)
snapshot:882 (412 bytes; live heap 211677063)
snapshot:883 (320 bytes; live heap 211682511)
snapshot:884 (890 bytes; live heap 211682264)
eval:38 (31 bytes; live heap 211167864)
eval:39 (27 bytes; live heap 211185191)
eval:40 (38 bytes; live heap 211228771)
snapshot:885 (320 bytes; live heap 211253632)
eval:41 (26 bytes; live heap 211269026)
snapshot:886 (320 bytes; live heap 211289815)
snapshot:887 (9343 bytes; live heap 205766836)
eval:42 (22 bytes; live heap 211413023)
snapshot:888 (146412 bytes; live heap 206960674)
snapshot:889 (1348 bytes; live heap 212690088)
snapshot:890 (452 bytes; live heap 212739244)
snapshot:891 (135412 bytes; live heap 213417893)
snapshot:892 (118908 bytes; live heap 215925768)
bitproof:seed0 (132 bytes)
snapshot:893 (400 bytes; live heap 216344231)
snapshot:894 (320 bytes; live heap 224793968)
snapshot:895 (202004 bytes; live heap 226054275)
bitproof:seed1 (74998 bytes)
snapshot:896 (25 bytes; live heap 228750053)
bitproof:seed2 (136712 bytes)
snapshot:897 (412 bytes; live heap 229665339)
snapshot:898 (981 bytes; live heap 230412133)
snapshot:899 (413 bytes; live heap 230459802)
bitproof:seed3 (3090 bytes)
snapshot:900 (313 bytes; live heap 230434701)
bitproof:seed4 (134 bytes)
snapshot:901 (890 bytes; live heap 229184103)
bitproof:seed5 (132920 bytes)
snapshot:902 (43412 bytes; live heap 236442034)
bitproof:seed6 (132 bytes)
snapshot:903 (890 bytes; live heap 238231084)
snapshot:904 (320 bytes; live heap 232709291)
bitproof:seed7 (134 bytes)
bitproof:seed8 (1109 bytes)
snapshot:905 (320 bytes; live heap 238931729)
bitproof:seed9 (143280 bytes)
snapshot:906 (890 bytes; live heap 239154537)
eval:43 (60008 bytes; live heap 238491177)
snapshot:907 (619 bytes; live heap 238511612)
bitproof:seed10 (8829 bytes)
eval:44 (2 bytes; live heap 233228762)
snapshot:908 (4412 bytes; live heap 238025944)
eval:45 (29 bytes; live heap 238075666)
certificate:7 (449 bytes; live heap 238183921)
bitproof:seed11 (759455 bytes)
snapshot:909 (320 bytes; live heap 239177923)
eval:46 (24 bytes; live heap 239250221)
snapshot:910 (574 bytes; live heap 240846335)
certificate:8 (97910 bytes; live heap 242220494)
snapshot:911 (128435 bytes; live heap 244604987)
certificate:9 (448 bytes; live heap 245359404)
snapshot:912 (191320 bytes; live heap 240744694)
snapshot:913 (423 bytes; live heap 249230734)
snapshot:914 (378 bytes; live heap 249969419)
certificate:10 (148535 bytes; live heap 252589361)
snapshot:915 (968 bytes; live heap 253797794)
snapshot:916 (622 bytes; live heap 256941370)
eval:47 (60004 bytes; live heap 257210525)
eval:48 (1 bytes; live heap 257767942)
certificate:11 (97899 bytes; live heap 251449620)
snapshot:917 (890 bytes; live heap 257835608)
eval:49 (2 bytes; live heap 257881427)
snapshot:918 (320 bytes; live heap 258098387)
eval:50 (7 bytes; live heap 258152495)
bitproof:seed12 (594334 bytes)
snapshot:919 (412 bytes; live heap 259268755)
eval:51 (7 bytes; live heap 259293728)
snapshot:920 (629 bytes; live heap 264590969)
eval:52 (2 bytes; live heap 265251291)
eval:53 (25 bytes; live heap 267024416)
snapshot:921 (973 bytes; live heap 265778117)
eval:54 (27 bytes; live heap 266181104)
eval:55 (4 bytes; live heap 266809888)
snapshot:922 (320 bytes; live heap 266817243)
eval:56 (21 bytes; live heap 263112603)
snapshot:923 (416 bytes; live heap 263116716)
snapshot:924 (913 bytes; live heap 273112345)
eval:57 (19 bytes; live heap 273170189)
eval:58 (59 bytes; live heap 269404688)
snapshot:925 (580 bytes; live heap 269457543)
eval:59 (7 bytes; live heap 270764782)
snapshot:926 (200890 bytes; live heap 279062114)
eval:60 (50 bytes; live heap 280447817)
eval:61 (41 bytes; live heap 280416097)
snapshot:927 (396 bytes; live heap 280221469)
eval:62 (3 bytes; live heap 280344446)
snapshot:928 (412 bytes; live heap 280076847)
eval:63 (22 bytes; live heap 279528883)
snapshot:929 (399 bytes; live heap 279624830)
eval:64 (396 bytes; live heap 279826164)
bitproof:0 (794705 bytes; live heap 279322396)
snapshot:930 (412 bytes; live heap 279262129)
snapshot:931 (412 bytes; live heap 279389716)
eval:65 (522 bytes; live heap 273173270)
core:17 (261220 bytes; live heap 279653594)
eval:66 (10 bytes; live heap 280914592)
snapshot:932 (178412 bytes; live heap 281121668)
snapshot:933 (412 bytes; live heap 281115838)
eval:67 (4 bytes; live heap 281150673)
snapshot:934 (891 bytes; live heap 275944528)
eval:68 (10 bytes; live heap 281763543)
snapshot:935 (890 bytes; live heap 281803111)
eval:69 (4088 bytes; live heap 282700515)
snapshot:936 (433 bytes; live heap 282757506)
eval:70 (23 bytes; live heap 282891707)
snapshot:937 (890 bytes; live heap 282969434)
eval:71 (3 bytes; live heap 282901519)
eval:72 (2 bytes; live heap 277448826)
eval:73 (27 bytes; live heap 283793905)
snapshot:938 (306 bytes; live heap 283817101)
eval:74 (19 bytes; live heap 283690007)
snapshot:939 (412 bytes; live heap 283743072)
eval:75 (40 bytes; live heap 283904663)
snapshot:940 (554 bytes; live heap 284032060)
eval:76 (31 bytes; live heap 279103705)
certificate:12 (149084 bytes; live heap 285492824)
snapshot:941 (320 bytes; live heap 279104162)
eval:77 (4 bytes; live heap 286526241)
snapshot:942 (890 bytes; live heap 287032559)
eval:78 (22 bytes; live heap 287131010)
certificate:13 (98484 bytes; live heap 286691146)
snapshot:943 (1214 bytes; live heap 286699247)
eval:79 (19 bytes; live heap 286788151)
snapshot:944 (11180 bytes; live heap 286559828)
snapshot:945 (412 bytes; live heap 286433728)
bitproof:1 (8843 bytes; live heap 285374329)
snapshot:946 (947 bytes; live heap 285477342)
bitproof:2 (8829 bytes; live heap 285531427)
snapshot:947 (443 bytes; live heap 286070886)
eval:80 (20 bytes; live heap 287454245)
snapshot:948 (1214 bytes; live heap 282041312)
eval:81 (381 bytes; live heap 287785106)
snapshot:949 (890 bytes; live heap 288001246)
core:18 (597 bytes; live heap 289515254)
eval:82 (599991 bytes; live heap 283329709)
snapshot:950 (320 bytes; live heap 283742144)
eval:83 (288 bytes; live heap 282643914)
snapshot:951 (890 bytes; live heap 283022538)
snapshot:952 (470 bytes; live heap 278170904)
eval:84 (3661 bytes; live heap 283256101)
snapshot:953 (890 bytes; live heap 277627910)
eval:85 (3 bytes; live heap 277666789)
snapshot:954 (534 bytes; live heap 283423610)
eval:86 (348 bytes; live heap 283293449)
snapshot:955 (412 bytes; live heap 283288548)
snapshot:956 (410 bytes; live heap 283406811)
core:19 (5247 bytes; live heap 283193325)
eval:87 (23 bytes; live heap 283194634)
snapshot:957 (239890 bytes; live heap 277839290)
core:20 (385 bytes; live heap 283440971)
eval:88 (62 bytes; live heap 283458672)
snapshot:958 (594 bytes; live heap 283274637)
eval:89 (388 bytes; live heap 283293724)
snapshot:959 (705 bytes; live heap 283550106)
core:21 (1150 bytes; live heap 283547578)
snapshot:960 (514 bytes; live heap 278013474)
snapshot:961 (320 bytes; live heap 283801261)
snapshot:962 (890 bytes; live heap 283858847)
snapshot:963 (412 bytes; live heap 284141627)
eval:90 (2546 bytes; live heap 284169386)
core:22 (2105 bytes; live heap 284372230)
eval:91 (2 bytes; live heap 284993455)
snapshot:964 (200890 bytes; live heap 285028792)
core:23 (11445 bytes; live heap 285113328)
eval:92 (19 bytes; live heap 285081090)
snapshot:965 (130 bytes; live heap 285316219)
eval:93 (2 bytes; live heap 285291157)
core:24 (2389 bytes; live heap 285391513)
snapshot:966 (366 bytes; live heap 285383735)
eval:94 (657 bytes; live heap 285552084)
core:25 (12324 bytes; live heap 285602413)
eval:95 (22 bytes; live heap 285773432)
snapshot:967 (412 bytes; live heap 286276318)
eval:96 (18 bytes; live heap 286313010)
core:26 (2534 bytes; live heap 286009250)
eval:97 (18 bytes; live heap 286150648)
snapshot:968 (890 bytes; live heap 286250693)
core:27 (1447 bytes; live heap 286392475)
snapshot:969 (320 bytes; live heap 286392565)
snapshot:970 (890 bytes; live heap 286399701)
core:28 (1212 bytes; live heap 286478974)
snapshot:971 (930 bytes; live heap 287292605)
snapshot:972 (890 bytes; live heap 287544225)
snapshot:973 (913 bytes; live heap 282507089)
eval:98 (48 bytes; live heap 283176488)
snapshot:974 (890 bytes; live heap 288983253)
eval:99 (156 bytes; live heap 289341339)
eval:100 (6 bytes; live heap 289923598)
snapshot:975 (200913 bytes; live heap 290732831)
eval:101 (12 bytes; live heap 285206902)
eval:102 (728 bytes; live heap 285812032)
snapshot:976 (890 bytes; live heap 291335230)
snapshot:977 (412 bytes; live heap 291301545)
eval:103 (59 bytes; live heap 291401858)
snapshot:978 (320 bytes; live heap 291370218)
snapshot:979 (320 bytes; live heap 291305226)
eval:104 (661 bytes; live heap 291436871)
snapshot:980 (320 bytes; live heap 290998634)
eval:105 (6 bytes; live heap 291022001)
snapshot:981 (890 bytes; live heap 290944766)
eval:106 (200057 bytes; live heap 290630946)
snapshot:982 (320 bytes; live heap 290464167)
eval:107 (7 bytes; live heap 288142269)
snapshot:983 (384 bytes; live heap 288096277)
snapshot:984 (412 bytes; live heap 288027760)
eval:108 (5 bytes; live heap 288007509)
snapshot:985 (890 bytes; live heap 287932235)
eval:109 (27 bytes; live heap 287909871)
eval:110 (23 bytes; live heap 287360536)
snapshot:986 (167498 bytes; live heap 287359065)
snapshot:987 (1132 bytes; live heap 285629682)
eval:111 (43 bytes; live heap 285629123)
snapshot:988 (412 bytes; live heap 285457865)
eval:112 (27 bytes; live heap 285271462)
snapshot:989 (200320 bytes; live heap 285169894)
eval:113 (43 bytes; live heap 279165998)
snapshot:990 (890 bytes; live heap 284513631)
eval:114 (7 bytes; live heap 278374137)
snapshot:991 (200412 bytes; live heap 282775312)
eval:115 (200071 bytes; live heap 278347656)
snapshot:992 (890 bytes; live heap 277948928)
certificate:14 (92776 bytes; live heap 277510909)
snapshot:993 (412 bytes; live heap 277282238)
eval:116 (54 bytes; live heap 277281745)
snapshot:994 (924 bytes; live heap 277311276)
eval:117 (40 bytes; live heap 277224438)
snapshot:995 (412 bytes; live heap 277061220)
eval:118 (4 bytes; live heap 277080448)
snapshot:996 (239890 bytes; live heap 275342522)
certificate:15 (149128 bytes; live heap 275004844)
snapshot:997 (890 bytes; live heap 273161443)
snapshot:998 (412 bytes; live heap 272731433)
eval:119 (814 bytes; live heap 271384988)
core:29 (30891 bytes; live heap 264877669)
snapshot:999 (890 bytes; live heap 264861639)
eval:120 (2 bytes; live heap 264858971)
eval:121 (4 bytes; live heap 269950944)
core:30 (620 bytes; live heap 269885751)
snapshot: 1000 cases in 826.917041ms; 81 mutants accepted; slowest seed 1.18025ms; slowest case 5 4.917041ms; largest heap case 999 64194 bytes
test regression_snapshot_schema_expansion_is_bounded ... ok
     296 truncated snapshot
     115 snapshot program or schema identity mismatch
      93 snapshot value limit exceeded
      85 snapshot payload length mismatch
      65 snapshot integrity check failed
      49 invalid enum tag
      37 noncanonical signed integer
      34 duplicate or unordered snapshot key
      31 unknown snapshot event channel
      17 snapshot byte length invalid
      16 invalid UTF-8
eval:122 (45 bytes; live heap 269169452)
      15 invalid Result tag
      15 snapshot format or semantics version mismatch
      15 trailing snapshot payload
      14 invalid snapshot event sequence
      13 invalid Option tag
       6 invalid Bool tag
       2 snapshot Int exceeds size limit
       1 snapshot length overflow
eval:123 (18 bytes; live heap 268913804)
test fuzz_snapshots ... ok
eval:124 (24 bytes; live heap 268876027)
eval:125 (17 bytes; live heap 268877187)
eval:126 (293 bytes; live heap 268831419)
eval:127 (19 bytes; live heap 268797419)
eval:128 (37 bytes; live heap 268722810)
core:31 (1148 bytes; live heap 269297862)
eval:129 (120007 bytes; live heap 268720865)
eval:130 (6 bytes; live heap 268354884)
eval:131 (36 bytes; live heap 267862787)
eval:132 (37 bytes; live heap 267769719)
eval:133 (27 bytes; live heap 270881393)
eval:134 (48 bytes; live heap 270868099)
eval:135 (15 bytes; live heap 271173207)
eval:136 (587 bytes; live heap 271155787)
eval:137 (6 bytes; live heap 271147649)
eval:138 (6 bytes; live heap 265538194)
eval:139 (19 bytes; live heap 271135716)
eval:140 (21 bytes; live heap 271132443)
eval:141 (25 bytes; live heap 271116251)
eval:142 (18 bytes; live heap 271113015)
eval:143 (53 bytes; live heap 271113476)
eval:144 (933 bytes; live heap 271075820)
eval:145 (39 bytes; live heap 271061898)
eval:146 (21 bytes; live heap 271035197)
eval:147 (30 bytes; live heap 265344419)
eval:148 (33 bytes; live heap 270939726)
eval:149 (23 bytes; live heap 270921115)
eval:150 (24 bytes; live heap 270877953)
eval:151 (1 bytes; live heap 270874915)
eval:152 (41 bytes; live heap 270857694)
eval:153 (4 bytes; live heap 270474397)
eval:154 (775 bytes; live heap 264878240)
eval:155 (7 bytes; live heap 270556120)
eval:156 (525 bytes; live heap 270514780)
eval:157 (5 bytes; live heap 270487358)
eval:158 (31 bytes; live heap 270469259)
eval:159 (19 bytes; live heap 270455370)
bitproof:3 (743906 bytes; live heap 269655798)
row-model:0 (153307 bytes; live heap 265532005)
row-model:1 (153300 bytes; live heap 261105882)
row-model:2 (153238 bytes; live heap 267342521)
row-model:3 (153313 bytes; live heap 267787561)
row-model:4 (155047 bytes; live heap 268253386)
equality:19 (500501 bytes; live heap 264965559)
equality:20 (1242 bytes; live heap 259183032)
equality:21 (3666 bytes; live heap 264845770)
bitproof:4 (96 bytes; live heap 263836736)
bitproof:5 (120 bytes; live heap 263859689)
bitproof:6 (10130 bytes; live heap 263912559)
equality:22 (191 bytes; live heap 263931017)
bitproof:7 (96 bytes; live heap 263906794)
equality:23 (589 bytes; live heap 258811355)
equality:24 (203 bytes; live heap 265252588)
bitproof:8 (143276 bytes; live heap 264605502)
equality:25 (953 bytes; live heap 264704181)
equality:26 (475 bytes; live heap 264922330)
equality:27 (13 bytes; live heap 265212919)
bitproof:9 (132 bytes; live heap 264695282)
equality:28 (1153 bytes; live heap 264693329)
equality:29 (456 bytes; live heap 264813296)
equality:30 (466 bytes; live heap 264915411)
equality:31 (242 bytes; live heap 264933596)
equality:32 (22 bytes; live heap 264994509)
bitproof:10 (1570 bytes; live heap 259296062)
equality:33 (200231 bytes; live heap 265212731)
equality:34 (193 bytes; live heap 265161091)
equality:35 (1152 bytes; live heap 265520468)
bitproof:11 (74998 bytes; live heap 265479434)
equality:36 (473 bytes; live heap 260324202)
equality:37 (623 bytes; live heap 266477450)
equality:38 (507 bytes; live heap 267942363)
equality:39 (1165 bytes; live heap 272387762)
equality:40 (752 bytes; live heap 277826445)
bitproof:12 (1195365 bytes; live heap 268519718)
equality:41 (1136 bytes; live heap 268751129)
equality:42 (476 bytes; live heap 270690536)
equality:43 (1208 bytes; live heap 270722086)
equality:44 (4000 bytes; live heap 271279547)
equality:45 (1122 bytes; live heap 273547617)
equality:46 (14 bytes; live heap 286646797)
equality:47 (11175 bytes; live heap 301032257)
equality:48 (443 bytes; live heap 308084095)
equality:49 (754 bytes; live heap 308586225)
equality:50 (486 bytes; live heap 303686032)
equality:51 (914 bytes; live heap 311965569)
equality:52 (526 bytes; live heap 313069823)
equality:53 (197 bytes; live heap 313159807)
equality:54 (233 bytes; live heap 313163427)
equality:55 (909 bytes; live heap 313206656)
equality:56 (196 bytes; live heap 315386334)
equality:57 (561 bytes; live heap 315388942)
equality:58 (1175 bytes; live heap 315405786)
equality:59 (935 bytes; live heap 312088097)
equality:60 (1163 bytes; live heap 296727477)
equality:61 (474 bytes; live heap 288464129)
equality:62 (472 bytes; live heap 288122276)
certificate:16 (89158 bytes; live heap 286583184)
equality:63 (446 bytes; live heap 285215179)
equality:64 (10118 bytes; live heap 282472828)
bitproof:13 (2629832 bytes; live heap 276824169)
equality:65 (1151 bytes; live heap 277444186)
certificate:17 (93469 bytes; live heap 277929811)
equality:66 (1119 bytes; live heap 277936967)
certificate:18 (154619 bytes; live heap 278906217)
equality:67 (473 bytes; live heap 273954636)
equality:68 (1174 bytes; live heap 282633361)
equality:69 (221 bytes; live heap 283632206)
equality:70 (3 bytes; live heap 284261124)
equality:71 (10883 bytes; live heap 284506886)
certificate:19 (148874 bytes; live heap 290472278)
bitproof:14 (96 bytes; live heap 277167132)
bitproof:15 (1110 bytes; live heap 277479179)
certificate:20 (97530 bytes; live heap 278252579)
certificate:21 (93474 bytes; live heap 280492625)
certificate:22 (148488 bytes; live heap 285899483)
equality:72 (240456 bytes; live heap 298146556)
equality:73 (946 bytes; live heap 296213487)
equality:74 (527 bytes; live heap 295792745)
equality:75 (452 bytes; live heap 295579979)
equality:76 (920 bytes; live heap 295060442)
equality:77 (401 bytes; live heap 294416227)
equality:78 (465 bytes; live heap 293987114)
equality:79 (452 bytes; live heap 293926608)
equality:80 (525 bytes; live heap 293688891)
certificate:23 (472 bytes; live heap 287301067)
bitproof:16 (780173 bytes; live heap 286251438)
certificate:24 (448 bytes; live heap 286239284)
equality:81 (32975 bytes; live heap 286272271)
equality:82 (242 bytes; live heap 279663276)
equality:83 (473 bytes; live heap 285209236)
equality:84 (471 bytes; live heap 285137555)
equality:85 (1118 bytes; live heap 285104953)
equality:86 (1175 bytes; live heap 276577933)
equality:87 (4567 bytes; live heap 281703739)
equality:88 (2533 bytes; live heap 281401780)
equality:89 (449 bytes; live heap 281689944)
equality:90 (447 bytes; live heap 281532361)
equality:91 (221 bytes; live heap 275876717)
equality:92 (10079 bytes; live heap 281454023)
equality:93 (1152 bytes; live heap 280980438)
eval:160 (363003 bytes; live heap 279696486)
equality:94 (11724 bytes; live heap 280343061)
equality:95 (534 bytes; live heap 281073513)
equality:96 (1166 bytes; live heap 281008427)
equality:97 (237 bytes; live heap 280979149)
equality:98 (285 bytes; live heap 280958069)
equality:99 (3492 bytes; live heap 280948214)
bitproof:17 (1131 bytes; live heap 276748570)
row-model:5 (152291 bytes; live heap 277046117)
row-model:6 (155077 bytes; live heap 282849938)
bitproof:18 (75308 bytes; live heap 282452210)
row-model:7 (153974 bytes; live heap 279375103)
bitproof:19 (2123 bytes; live heap 274084936)
row-model:8 (153299 bytes; live heap 274086943)
bitproof:20 (132 bytes; live heap 279809598)
bitproof:21 (1039 bytes; live heap 279957575)
eval:161 (46 bytes; live heap 355915125)
eval:162 (20 bytes; live heap 350314563)
eval:163 (25 bytes; live heap 355669695)
eval:164 (2 bytes; live heap 355501412)
eval:165 (395 bytes; live heap 354082439)
eval:166 (12 bytes; live heap 353594554)
eval:167 (29 bytes; live heap 347534697)
eval:168 (20 bytes; live heap 352788491)
eval:169 (3 bytes; live heap 352638968)
eval:170 (200002 bytes; live heap 352360990)
eval:171 (55 bytes; live heap 347092458)
eval:172 (1 bytes; live heap 345374103)
eval:173 (11 bytes; live heap 349384379)
eval:174 (41 bytes; live heap 346167593)
eval:175 (13 bytes; live heap 342314047)
eval:176 (1 bytes; live heap 340017523)
eval:177 (21 bytes; live heap 336254223)
eval:178 (26 bytes; live heap 333902215)
eval:179 (4 bytes; live heap 331502525)
eval:180 (4 bytes; live heap 324242033)
eval:181 (36 bytes; live heap 325507554)
eval:182 (41 bytes; live heap 321128376)
eval:183 (1 bytes; live heap 319470786)
eval:184 (18 bytes; live heap 312258527)
eval:185 (7 bytes; live heap 310505657)
eval:186 (7 bytes; live heap 313102863)
eval:187 (311 bytes; live heap 304782131)
eval:188 (4 bytes; live heap 298091615)
eval:189 (25 bytes; live heap 293294184)
eval:190 (37 bytes; live heap 283923417)
bitproof:22 (11821526 bytes; live heap 282311942)
eval:191 (27 bytes; live heap 282137597)
eval:192 (540 bytes; live heap 282092741)
eval:193 (17 bytes; live heap 281964656)
eval:194 (279 bytes; live heap 280643956)
certificate:25 (2154983 bytes; live heap 279406753)
eval:195 (25 bytes; live heap 279331453)
eval:196 (6 bytes; live heap 279334253)
eval:197 (4 bytes; live heap 279344436)
eval:198 (296 bytes; live heap 275872946)
eval:199 (25 bytes; live heap 275741836)
eval:200 (90 bytes; live heap 270378107)
eval:201 (34 bytes; live heap 275765845)
certificate:26 (147585 bytes; live heap 275737692)
eval:202 (3 bytes; live heap 275653080)
eval:203 (23 bytes; live heap 275519278)
eval:204 (2 bytes; live heap 275674680)
eval:205 (6 bytes; live heap 268726849)
eval:206 (3 bytes; live heap 269488930)
eval:207 (10 bytes; live heap 269532947)
certificate:27 (475 bytes; live heap 269558997)
eval:208 (34 bytes; live heap 269596790)
eval:209 (16539 bytes; live heap 275471249)
eval:210 (404 bytes; live heap 273607548)
eval:211 (8 bytes; live heap 273612106)
eval:212 (29 bytes; live heap 273744136)
eval:213 (10 bytes; live heap 273851706)
eval:214 (23 bytes; live heap 273991529)
eval:215 (28 bytes; live heap 273979389)
eval:216 (30 bytes; live heap 274461281)
eval:217 (30 bytes; live heap 274546947)
eval:218 (31 bytes; live heap 274580803)
eval:219 (34 bytes; live heap 274608382)
certificate:28 (98502 bytes; live heap 274648303)
eval:220 (921 bytes; live heap 274757204)
eval:221 (17 bytes; live heap 274703709)
eval:222 (19 bytes; live heap 274964044)
eval:223 (38 bytes; live heap 275000985)
eval:224 (7 bytes; live heap 275416761)
certificate:29 (155977 bytes; live heap 275393162)
eval:225 (29 bytes; live heap 275354731)
eval:226 (4 bytes; live heap 275540588)
eval:227 (22 bytes; live heap 275600805)
eval:228 (6 bytes; live heap 270265485)
eval:229 (15 bytes; live heap 270381177)
eval:230 (13 bytes; live heap 270370094)
eval:231 (37 bytes; live heap 271971006)
eval:232 (18 bytes; live heap 277813491)
eval:233 (4011 bytes; live heap 279122544)
lockfile:43 (1702369 bytes; live heap 277109638)
eval:234 (331 bytes; live heap 273631763)
eval:235 (28 bytes; live heap 279601888)
eval:236 (282 bytes; live heap 279796831)
eval:237 (23 bytes; live heap 280161338)
eval:238 (24 bytes; live heap 280381459)
eval:239 (36 bytes; live heap 280543535)
eval:240 (28 bytes; live heap 275267804)
eval:241 (49 bytes; live heap 275419249)
eval:242 (7 bytes; live heap 281098227)
eval:243 (286 bytes; live heap 281438304)
eval:244 (33 bytes; live heap 282405009)
eval:245 (62 bytes; live heap 283599608)
eval:246 (33 bytes; live heap 284847475)
bitproof:23 (3832 bytes; live heap 240272844)
eval:247 (11038 bytes; live heap 240509299)
eval:248 (10285 bytes; live heap 248836207)
eval:249 (19 bytes; live heap 248895413)
bitproof:24 (759992 bytes; live heap 241295847)
eval:250 (120038 bytes; live heap 242875188)
bitproof:25 (146 bytes; live heap 241597567)
bitproof:26 (96 bytes; live heap 236562961)
bitproof:27 (146 bytes; live heap 242051024)
bitproof:28 (136722 bytes; live heap 241974172)
bitproof:29 (3108 bytes; live heap 241080268)
bitproof:30 (28829 bytes; live heap 242941628)
bitproof:31 (9331 bytes; live heap 242448987)
bitproof:32 (3125 bytes; live heap 242237376)
bitproof:33 (3128 bytes; live heap 241923283)
bitproof:34 (3125 bytes; live heap 241603335)
bitproof:35 (155 bytes; live heap 241373077)
bitproof:36 (394 bytes; live heap 241350141)
bitproof:37 (75446 bytes; live heap 239379863)
eval:251 (4 bytes; live heap 239322032)
eval:252 (23 bytes; live heap 239471841)
eval:253 (2 bytes; live heap 239488242)
eval:254 (26 bytes; live heap 239590083)
eval:255 (46 bytes; live heap 239482013)
eval:256 (45 bytes; live heap 239483358)
eval:257 (19 bytes; live heap 239492986)
eval:258 (56 bytes; live heap 239530886)
eval:259 (300004 bytes; live heap 242659907)
eval:260 (3 bytes; live heap 244235895)
eval:261 (33 bytes; live heap 244195127)
eval:262 (30 bytes; live heap 244075592)
eval:263 (4 bytes; live heap 238346015)
eval:264 (18 bytes; live heap 242650831)
bitproof:38 (594334 bytes; live heap 233387190)
eval:265 (26 bytes; live heap 231521561)
eval:266 (7 bytes; live heap 225506993)
eval:267 (4 bytes; live heap 231030783)
eval:268 (30 bytes; live heap 230775187)
eval:269 (41 bytes; live heap 230500725)
eval:270 (30 bytes; live heap 230412673)
eval:271 (29 bytes; live heap 230027638)
eval:272 (12 bytes; live heap 224391713)
eval:273 (24 bytes; live heap 229945913)
eval:274 (4 bytes; live heap 229891688)
eval:275 (53 bytes; live heap 229901240)
eval:276 (39 bytes; live heap 229774405)
eval:277 (19 bytes; live heap 229697441)
eval:278 (4 bytes; live heap 229572524)
eval:279 (2 bytes; live heap 229504739)
eval:280 (2 bytes; live heap 229433367)
eval:281 (12 bytes; live heap 223634326)
eval:282 (19 bytes; live heap 223563619)
eval:283 (75352 bytes; live heap 229078122)
certificate:30 (92622 bytes; live heap 229066888)
eval:284 (19 bytes; live heap 228417216)
eval:285 (29 bytes; live heap 228442226)
eval:286 (19 bytes; live heap 228405467)
eval:287 (41 bytes; live heap 227555477)
eval:288 (22 bytes; live heap 227402414)
certificate:31 (149126 bytes; live heap 229301382)
eval:289 (300004 bytes; live heap 220190233)
certificate:32 (93462 bytes; live heap 228312452)
eval:290 (3 bytes; live heap 223179011)
eval:291 (15 bytes; live heap 223002382)
eval:292 (28 bytes; live heap 221808603)
eval:293 (7 bytes; live heap 221013439)
eval:294 (19 bytes; live heap 221247930)
eval:295 (27 bytes; live heap 215100479)
eval:296 (27 bytes; live heap 220890094)
eval:297 (20 bytes; live heap 221095366)
eval:298 (16 bytes; live heap 221178108)
eval:299 (24 bytes; live heap 221305552)
eval:300 (7 bytes; live heap 221349307)
eval:301 (4272 bytes; live heap 221580334)
eval:302 (23 bytes; live heap 221551104)
bitproof:39 (230912 bytes; live heap 219986591)
certificate:33 (98079 bytes; live heap 219974041)
eval:303 (19 bytes; live heap 220015638)
row-model:9 (153122 bytes; live heap 221463670)
eval:304 (60004 bytes; live heap 220953887)
eval:305 (12 bytes; live heap 215347263)
eval:306 (30 bytes; live heap 220895058)
eval:307 (1 bytes; live heap 220891122)
eval:308 (13 bytes; live heap 220780567)
eval:309 (2 bytes; live heap 220656172)
eval:310 (22 bytes; live heap 220163804)
certificate:34 (149126 bytes; live heap 220124848)
eval:311 (45 bytes; live heap 220131219)
eval:312 (38 bytes; live heap 220145815)
eval:313 (2 bytes; live heap 214713789)
eval:314 (652 bytes; live heap 220177421)
bitproof:40 (1598 bytes; live heap 219922782)
eval:315 (34 bytes; live heap 214346949)
bitproof:41 (3137 bytes; live heap 219926369)
eval:316 (19 bytes; live heap 219934915)
bitproof:42 (121 bytes; live heap 219927198)
bitproof:43 (132 bytes; live heap 219927100)
eval:317 (20 bytes; live heap 219919287)
eval:318 (43 bytes; live heap 220052116)
eval:319 (7 bytes; live heap 220103871)
eval:320 (58 bytes; live heap 220092489)
eval:321 (34 bytes; live heap 214571777)
eval:322 (8 bytes; live heap 214648030)
eval:323 (107 bytes; live heap 220300506)
eval:324 (4 bytes; live heap 220277845)
eval:325 (238 bytes; live heap 221024316)
certificate:35 (96453 bytes; live heap 220956295)
eval:326 (27 bytes; live heap 220843366)
eval:327 (11 bytes; live heap 220608113)
certificate:36 (102787 bytes; live heap 220610575)
eval:328 (2 bytes; live heap 215011229)
eval:329 (19 bytes; live heap 220682059)
eval:330 (25 bytes; live heap 220693401)
eval:331 (26 bytes; live heap 220671762)
eval:332 (6 bytes; live heap 220464484)
bitproof:44 (7793 bytes; live heap 220449659)
eval:333 (13 bytes; live heap 220457686)
bitproof:45 (142 bytes; live heap 220472170)
eval:334 (21 bytes; live heap 220524055)
eval:335 (4 bytes; live heap 220732015)
eval:336 (2 bytes; live heap 215034581)
eval:337 (4 bytes; live heap 220728557)
eval:338 (2 bytes; live heap 220808986)
eval:339 (6 bytes; live heap 220910887)
eval:340 (12 bytes; live heap 221083163)
eval:341 (8 bytes; live heap 221238294)
eval:342 (46 bytes; live heap 221224558)
eval:343 (10022 bytes; live heap 221196921)
eval:344 (33 bytes; live heap 221257864)
eval:345 (18 bytes; live heap 221320704)
eval:346 (33 bytes; live heap 221400978)
eval:347 (0 bytes; live heap 215866507)
eval:348 (7 bytes; live heap 221519451)
eval:349 (4 bytes; live heap 221548010)
eval:350 (85 bytes; live heap 221634891)
eval:351 (2308 bytes; live heap 221720387)
certificate:37 (152881 bytes; live heap 221410412)
eval:352 (10045 bytes; live heap 221392780)
eval:353 (74 bytes; live heap 221375849)
eval:354 (5 bytes; live heap 221261675)
eval:355 (6 bytes; live heap 215802075)
eval:356 (27 bytes; live heap 215897688)
eval:357 (11 bytes; live heap 216001592)
eval:358 (7 bytes; live heap 216150877)
eval:359 (2 bytes; live heap 221926947)
eval:360 (18 bytes; live heap 222034174)
eval:361 (17 bytes; live heap 223545523)
eval:362 (37 bytes; live heap 223631734)
eval:363 (23 bytes; live heap 223697142)
certificate:38 (148549 bytes; live heap 223700636)
eval:364 (27 bytes; live heap 223858230)
eval:365 (12292 bytes; live heap 218574187)
eval:366 (55 bytes; live heap 224509415)
eval:367 (71 bytes; live heap 224598734)
eval:368 (10076 bytes; live heap 224689617)
eval:369 (3 bytes; live heap 225425291)
eval:370 (6 bytes; live heap 225445854)
eval:371 (34 bytes; live heap 225596638)
eval:372 (2 bytes; live heap 220226135)
eval:373 (29 bytes; live heap 226009718)
eval:374 (45 bytes; live heap 226126050)
eval:375 (29 bytes; live heap 226338772)
eval:376 (2 bytes; live heap 226454458)
eval:377 (20 bytes; live heap 226532485)
eval:378 (3 bytes; live heap 226763221)
eval:379 (10 bytes; live heap 226878712)
eval:380 (15971 bytes; live heap 227063408)
eval:381 (33 bytes; live heap 221594211)
eval:382 (10004 bytes; live heap 227385411)
eval:383 (7 bytes; live heap 227550281)
eval:384 (46 bytes; live heap 222982603)
eval:385 (3001 bytes; live heap 229816739)
eval:386 (300009 bytes; live heap 226186330)
lockfile:44 (2927 bytes; live heap 286384514)
lockfile:45 (13196 bytes; live heap 289313885)
lockfile:46 (13093 bytes; live heap 306365658)
lockfile:47 (25547 bytes; live heap 315815959)
test regression_eval_list_copies_cost_fuel ... ok
lockfile:48 (2375 bytes; live heap 304001848)
lockfile:49 (3909 bytes; live heap 304000983)
lockfile:50 (2966 bytes; live heap 303822655)
lockfile:51 (11911 bytes; live heap 314050426)
lockfile:52 (24485 bytes; live heap 313448248)
lockfile:53 (25392 bytes; live heap 307289634)
lockfile:54 (5673 bytes; live heap 301694934)
lockfile:55 (25307 bytes; live heap 300441957)
certificate:39 (205877 bytes; live heap 289071138)
certificate:40 (154464 bytes; live heap 288505884)
lockfile:56 (295033 bytes; live heap 267397003)
lockfile:57 (13132 bytes; live heap 263863748)
lockfile:58 (2973 bytes; live heap 261587233)
lockfile:59 (25629 bytes; live heap 258035366)
row-model:10 (153370 bytes; live heap 256214221)
row-model:11 (153560 bytes; live heap 254436391)
lockfile:60 (2926 bytes; live heap 253892582)
lockfile:61 (24553 bytes; live heap 245242630)
bitproof:46 (10813504 bytes; live heap 232805908)
lockfile:62 (2928 bytes; live heap 232021932)
lockfile:63 (5680 bytes; live heap 231092801)
lockfile:64 (2801 bytes; live heap 228886083)
lockfile:65 (12825 bytes; live heap 228092830)
lockfile:66 (25537 bytes; live heap 225642086)
lockfile:67 (5644 bytes; live heap 222419721)
lockfile:68 (5671 bytes; live heap 220916964)
certificate:41 (98387 bytes; live heap 220038842)
lockfile:69 (2370 bytes; live heap 219369624)
lockfile:70 (2358 bytes; live heap 218097406)
certificate:42 (150691 bytes; live heap 216509594)
lockfile:71 (2390 bytes; live heap 216345250)
lockfile:72 (25413 bytes; live heap 216121479)
lockfile:73 (2421 bytes; live heap 212417386)
lockfile:74 (25526 bytes; live heap 211550543)
lockfile:75 (2338 bytes; live heap 206950084)
lockfile:76 (2926 bytes; live heap 206550257)
lockfile:77 (5671 bytes; live heap 205432425)
lockfile:78 (3002 bytes; live heap 204800910)
lockfile:79 (13090 bytes; live heap 203693279)
lockfile:80 (2888 bytes; live heap 202876673)
lockfile:81 (2201 bytes; live heap 202427834)
core:32 (2201868 bytes; live heap 198561725)
lockfile:82 (25587 bytes; live heap 198522662)
lockfile:83 (5583 bytes; live heap 196829616)
lockfile:84 (2325 bytes; live heap 196840332)
lockfile:85 (5742 bytes; live heap 196519884)
lockfile:86 (2325 bytes; live heap 196260260)
lockfile:87 (25389 bytes; live heap 195979829)
core:33 (534 bytes; live heap 173281959)
core:34 (1446 bytes; live heap 143382088)
core:35 (1894 bytes; live heap 145821390)
lockfile:88 (2960 bytes; live heap 152396681)
lockfile:89 (202381 bytes; live heap 172551228)
lockfile:90 (5673 bytes; live heap 177733649)
lockfile:91 (26528 bytes; live heap 180723144)
lockfile:92 (25536 bytes; live heap 185273680)
core:36 (182244 bytes; live heap 183031772)
core:37 (1408 bytes; live heap 182746511)
certificate:43 (97780 bytes; live heap 181914311)
core:38 (5232 bytes; live heap 181851119)
certificate:44 (96430 bytes; live heap 181549336)
core:39 (2558 bytes; live heap 180613621)
lockfile:93 (12872 bytes; live heap 180435020)
core:40 (2836 bytes; live heap 179745509)
core:41 (552 bytes; live heap 178770794)
lockfile:94 (2895 bytes; live heap 178553581)
certificate:45 (102786 bytes; live heap 178456093)
lockfile:95 (2869 bytes; live heap 179258823)
lockfile:96 (2931 bytes; live heap 179729628)
bitproof:47 (75000 bytes; live heap 163944983)
lockfile:97 (25528 bytes; live heap 164108175)
lockfile:98 (25606 bytes; live heap 177681180)
row-model:12 (155048 bytes; live heap 180297065)
lockfile:99 (2893 bytes; live heap 182950738)
lockfile:100 (2357 bytes; live heap 184932430)
lockfile:101 (13157 bytes; live heap 186226731)
lockfile:102 (5727 bytes; live heap 187978307)
lockfile:103 (2379 bytes; live heap 189402331)
lockfile:104 (13409 bytes; live heap 190535297)
core:42 (147366 bytes; live heap 192511005)
lockfile:105 (2928 bytes; live heap 194656322)
core:43 (2263 bytes; live heap 195628399)
lockfile:106 (25559 bytes; live heap 197143189)
core:44 (1442 bytes; live heap 198992642)
core:45 (4005 bytes; live heap 203474943)
lockfile:107 (5584 bytes; live heap 203826550)
certificate:46 (155955 bytes; live heap 203990557)
lockfile:108 (5679 bytes; live heap 204030762)
certificate:47 (149130 bytes; live heap 204916639)
lockfile:109 (25544 bytes; live heap 204985163)
lockfile:110 (2837 bytes; live heap 205225909)
lockfile:111 (13030 bytes; live heap 204808729)
lockfile:112 (25448 bytes; live heap 205496860)
core:46 (1476 bytes; live heap 205510223)
lockfile:113 (2910 bytes; live heap 206182340)
lockfile:114 (5649 bytes; live heap 207126758)
core:47 (13453 bytes; live heap 207093878)
lockfile:115 (2964 bytes; live heap 208169537)
lockfile:116 (2942 bytes; live heap 208349242)
core:48 (4130 bytes; live heap 207178824)
lockfile:117 (2926 bytes; live heap 207148763)
bitproof:48 (740169 bytes; live heap 206544009)
core:49 (7061 bytes; live heap 206929869)
core:50 (1921 bytes; live heap 207567132)
lockfile:118 (2936 bytes; live heap 208244096)
lockfile:119 (13030 bytes; live heap 209570649)
core:51 (1969 bytes; live heap 211196178)
core:52 (397 bytes; live heap 211551680)
lockfile:120 (5660 bytes; live heap 205588141)
core:53 (1206 bytes; live heap 205631413)
core:54 (160 bytes; live heap 187960778)
eval:387 (50 bytes; live heap 187736337)
core:55 (5242 bytes; live heap 187888231)
eval:388 (10 bytes; live heap 187969023)
eval:389 (45 bytes; live heap 188192686)
eval:390 (163 bytes; live heap 188568508)
eval:391 (20 bytes; live heap 189492580)
eval:392 (388 bytes; live heap 190010330)
eval:393 (19 bytes; live heap 190054732)
eval:394 (19 bytes; live heap 190096988)
lockfile:121 (2362 bytes; live heap 190153745)
eval:395 (269 bytes; live heap 190181436)
eval:396 (21 bytes; live heap 190265013)
eval:397 (21 bytes; live heap 190353526)
eval:398 (22 bytes; live heap 190417638)
core:56 (2084 bytes; live heap 190583751)
eval:399 (2732 bytes; live heap 190914698)
eval:400 (4 bytes; live heap 191693452)
eval:401 (4 bytes; live heap 191876688)
eval:402 (38 bytes; live heap 191898745)
eval:403 (11 bytes; live heap 191907366)
eval:404 (41 bytes; live heap 191975016)
eval:405 (36 bytes; live heap 192100473)
lockfile:122 (2756 bytes; live heap 192106088)
eval:406 (187 bytes; live heap 192149966)
eval:407 (10 bytes; live heap 192206944)
eval:408 (17 bytes; live heap 192385159)
eval:409 (28 bytes; live heap 192570239)
lockfile:123 (13113 bytes; live heap 193668831)
core:57 (4014 bytes; live heap 194547336)
core:58 (1856 bytes; live heap 197467833)
lockfile:124 (5664 bytes; live heap 199053522)
core:59 (1468 bytes; live heap 199538554)
core:60 (2651 bytes; live heap 203309739)
core:61 (1929 bytes; live heap 203641886)
lockfile:125 (36271 bytes; live heap 204327927)
core:62 (2445 bytes; live heap 204372401)
test regression_logic_substitution_copies_are_charged ... ok
core:63 (2535 bytes; live heap 205281898)
lockfile:126 (13337 bytes; live heap 205300245)
core:64 (4038 bytes; live heap 215053829)
core:65 (1166 bytes; live heap 216292067)
bitproof:49 (1195292 bytes; live heap 204665359)
core:66 (1206 bytes; live heap 204708599)
core:67 (4032 bytes; live heap 202615764)
bitproof:50 (74998 bytes; live heap 203071564)
bitproof:51 (256680 bytes; live heap 205022544)
certificate:48 (150854 bytes; live heap 206216095)
bitproof:52 (75005 bytes; live heap 205821437)
core:68 (1608 bytes; live heap 206075826)
core:69 (1876 bytes; live heap 206684390)
bitproof:53 (212855 bytes; live heap 207816392)
bitproof:54 (164 bytes; live heap 207650260)
bitproof:55 (3090 bytes; live heap 207832113)
core:70 (1792 bytes; live heap 211264893)
core:71 (1942 bytes; live heap 214709653)
core:72 (2590 bytes; live heap 219167473)
bitproof:56 (594333 bytes; live heap 220271230)
core:73 (6866 bytes; live heap 223625364)
core:74 (7231 bytes; live heap 226403545)
core:75 (1485 bytes; live heap 226507913)
bitproof:57 (8827 bytes; live heap 226788070)
bitproof:58 (96 bytes; live heap 226844676)
core:76 (2276 bytes; live heap 226943004)
core:77 (1402 bytes; live heap 228723147)
core:78 (4015 bytes; live heap 233595219)
core:79 (2928 bytes; live heap 235583886)
core:80 (147 bytes; live heap 236489983)
core:81 (381 bytes; live heap 236441256)
core:82 (1693 bytes; live heap 236431692)
core:83 (581 bytes; live heap 236424347)
core:84 (2625 bytes; live heap 235274295)
bitproof:59 (594492 bytes; live heap 234013774)
core:85 (39721 bytes; live heap 237090690)
bitproof:60 (78159 bytes; live heap 239708963)
core:86 (1207 bytes; live heap 240947228)
lockfile:127 (1392409 bytes; live heap 237928407)
bitproof:61 (12683 bytes; live heap 240237906)
core:87 (5246 bytes; live heap 246920581)
lockfile:128 (25529 bytes; live heap 250106296)
bitproof:62 (998984 bytes; live heap 244068511)
bitproof:63 (8838 bytes; live heap 244006368)
lockfile:129 (26763 bytes; live heap 246313106)
lockfile:130 (9746 bytes; live heap 250775357)
core:88 (4055 bytes; live heap 251945193)
core:89 (387 bytes; live heap 252553013)
lockfile:131 (5657 bytes; live heap 252603286)
core:90 (4148 bytes; live heap 252729161)
core:91 (529 bytes; live heap 252667757)
certificate:49 (97909 bytes; live heap 252053900)
core:92 (1903 bytes; live heap 251856930)
bitproof:64 (759964 bytes; live heap 250955093)
lockfile:132 (126245 bytes; live heap 251389077)
core:93 (3442 bytes; live heap 254461005)
lockfile:133 (4033 bytes; live heap 255894123)
core:94 (1202 bytes; live heap 256037358)
lockfile:134 (2373 bytes; live heap 257007269)
lockfile:135 (12418 bytes; live heap 261108562)
lockfile:136 (30821 bytes; live heap 282959433)
lockfile:137 (5531 bytes; live heap 289690965)
row-model:13 (153298 bytes; live heap 290521414)
bitproof:65 (758579 bytes; live heap 293490595)
bitproof:66 (1135 bytes; live heap 313833906)
bitproof:67 (74997 bytes; live heap 316473932)
bitproof:68 (144475 bytes; live heap 320841861)
logic:seed0 (501 bytes)
logic:seed1 (690 bytes)
logic:seed2 (424 bytes)
logic:seed3 (2370 bytes)
logic:seed4 (8555 bytes)
bitproof:69 (162198 bytes; live heap 322826121)
bitproof:70 (4040 bytes; live heap 326962564)
bitproof:71 (169 bytes; live heap 327175840)
bitproof:72 (143 bytes; live heap 327247939)
logic:seed5 (2385 bytes)
logic:seed6 (1305 bytes)
logic:seed7 (19946 bytes)
bitproof:73 (1542563 bytes; live heap 332209051)
eval:410 (380020 bytes; live heap 333676490)
bitproof:74 (135514 bytes; live heap 333944426)
bitproof:75 (142 bytes; live heap 335592180)
bitproof:76 (26169 bytes; live heap 336112228)
logic:seed8 (964 bytes)
logic:seed9 (4068 bytes)
bitproof:77 (594430 bytes; live heap 347799606)
logic:seed10 (4296 bytes)
logic:seed11 (2305 bytes)
logic:seed12 (2500 bytes)
logic:seed13 (1102 bytes)
logic:seed14 (1376 bytes)
logic:seed15 (2258 bytes)
logic:seed16 (1128 bytes)
logic:seed17 (1947 bytes)
logic:seed18 (2014 bytes)
logic:seed19 (3160 bytes)
logic:seed20 (2405 bytes)
logic:seed21 (219 bytes)
logic:seed22 (1467 bytes)
logic:seed23 (1625 bytes)
logic:seed24 (891 bytes)
logic:seed25 (1250 bytes)
logic:seed26 (1735 bytes)
logic:seed27 (890 bytes)
logic:seed28 (331 bytes)
logic:seed29 (2604 bytes)
logic:seed30 (2220 bytes)
logic:seed31 (2494 bytes)
eval:411 (29 bytes; live heap 348105054)
logic:seed32 (422 bytes)
eval:412 (668 bytes; live heap 348067225)
logic:seed33 (2253 bytes)
eval:413 (23 bytes; live heap 347969344)
eval:414 (32 bytes; live heap 347907353)
eval:415 (1 bytes; live heap 347868212)
eval:416 (28 bytes; live heap 347834871)
eval:417 (284 bytes; live heap 347682324)
eval:418 (2 bytes; live heap 347634896)
eval:419 (519 bytes; live heap 347349393)
eval:420 (39 bytes; live heap 347220196)
eval:421 (100 bytes; live heap 346988918)
eval:422 (2 bytes; live heap 346909563)
eval:423 (32 bytes; live heap 346847313)
eval:424 (26 bytes; live heap 346665053)
eval:425 (16 bytes; live heap 346600158)
eval:426 (6 bytes; live heap 346537900)
eval:427 (7 bytes; live heap 346511551)
eval:428 (2 bytes; live heap 346469183)
eval:429 (4 bytes; live heap 346441571)
eval:430 (28 bytes; live heap 346054497)
eval:431 (26 bytes; live heap 345978076)
logic:seed34 (3637 bytes)
logic:seed35 (2013 bytes)
bitproof:78 (594355 bytes; live heap 344268693)
logic:seed36 (3927 bytes)
logic:seed37 (1803 bytes)
logic:seed38 (3734 bytes)
logic:seed39 (1727 bytes)
eval:432 (60004 bytes; live heap 345191060)
logic:seed40 (615 bytes)
logic:seed41 (1382 bytes)
eval:433 (5 bytes; live heap 345962735)
logic:seed42 (19644 bytes)
eval:434 (20 bytes; live heap 345937168)
eval:435 (8 bytes; live heap 345941739)
eval:436 (22 bytes; live heap 345948138)
eval:437 (10 bytes; live heap 345953354)
eval:438 (31 bytes; live heap 345943092)
eval:439 (17 bytes; live heap 345924347)
eval:440 (5 bytes; live heap 345905725)
eval:441 (10 bytes; live heap 345889279)
eval:442 (9 bytes; live heap 345880743)
eval:443 (9 bytes; live heap 345868917)
eval:444 (7 bytes; live heap 345838456)
eval:445 (387 bytes; live heap 345817481)
eval:446 (5 bytes; live heap 345545645)
eval:447 (21 bytes; live heap 345512112)
eval:448 (28 bytes; live heap 345481057)
eval:449 (13 bytes; live heap 344327765)
bitproof:79 (277112 bytes; live heap 345869337)
logic:seed43 (260 bytes)
logic:seed44 (1237 bytes)
bitproof:80 (135 bytes; live heap 346448750)
logic:seed45 (2511 bytes)
bitproof:81 (8825 bytes; live heap 346602807)
bitproof:82 (96 bytes; live heap 346637063)
logic:seed46 (8354 bytes)
bitproof:83 (8846 bytes; live heap 346763455)
bitproof:84 (143280 bytes; live heap 347351530)
bitproof:85 (8826 bytes; live heap 347441967)
bitproof:86 (680 bytes; live heap 347614317)
bitproof:87 (96 bytes; live heap 347650528)
bitproof:88 (144 bytes; live heap 347699098)
logic:seed47 (2513 bytes)
logic:seed48 (1764 bytes)
eval:450 (60004 bytes; live heap 348284044)
logic:seed49 (6003 bytes)
eval:451 (24 bytes; live heap 348515945)
eval:452 (10000 bytes; live heap 348828574)
eval:453 (30 bytes; live heap 348879379)
eval:454 (40 bytes; live heap 348883454)
eval:455 (20 bytes; live heap 348857094)
eval:456 (2 bytes; live heap 348861322)
eval:457 (4 bytes; live heap 348859222)
eval:458 (13 bytes; live heap 348875234)
eval:459 (40 bytes; live heap 348880602)
eval:460 (3 bytes; live heap 348883316)
eval:461 (22 bytes; live heap 348897523)
eval:462 (200028 bytes; live heap 349161167)
eval:463 (8023 bytes; live heap 348881340)
eval:464 (19 bytes; live heap 348829471)
eval:465 (264 bytes; live heap 348840286)
eval:466 (40 bytes; live heap 348296082)
eval:467 (65 bytes; live heap 348315537)
eval:468 (35 bytes; live heap 348309280)
eval:469 (390 bytes; live heap 348305438)
eval:470 (1 bytes; live heap 348273137)
eval:471 (20 bytes; live heap 348222748)
eval:472 (7 bytes; live heap 348190942)
eval:473 (18 bytes; live heap 348155264)
logic:seed50 (1058 bytes)
logic:seed51 (4345 bytes)
logic:seed52 (597 bytes)
logic:seed53 (989 bytes)
logic:seed54 (1706 bytes)
logic:seed55 (1552 bytes)
logic:seed56 (4106 bytes)
logic:seed57 (1810 bytes)
logic:seed58 (75448 bytes)
eval:474 (26 bytes; live heap 349672339)
eval:475 (33 bytes; live heap 349573381)
eval:476 (31 bytes; live heap 349544232)
eval:477 (5 bytes; live heap 349547493)
logic:seed59 (5134 bytes)
logic:seed60 (2310 bytes)
logic:seed61 (1451 bytes)
logic:seed62 (625 bytes)
logic:seed63 (4744 bytes)
logic:seed64 (419 bytes)
logic:seed65 (2011 bytes)
logic:seed66 (1703 bytes)
bitproof:89 (45555 bytes; live heap 352660777)
logic:seed67 (1435 bytes)
logic:seed68 (3905 bytes)
logic:seed69 (8708 bytes)
bitproof:90 (75447 bytes; live heap 353005676)
bitproof:91 (19090 bytes; live heap 353207952)
logic:seed70 (11328 bytes)
row-model:14 (153309 bytes; live heap 361066680)
row-model:15 (153237 bytes; live heap 362926252)
row-model:16 (181094 bytes; live heap 367315630)
logic:seed71 (944 bytes)
logic:seed72 (3332 bytes)
row-model:17 (153830 bytes; live heap 372102960)
logic:seed73 (7053 bytes)
row-model:18 (155037 bytes; live heap 372954825)
row-model:19 (153299 bytes; live heap 375843593)
logic:seed74 (3861 bytes)
logic:seed75 (10078 bytes)
logic:seed76 (5079 bytes)
bitproof:92 (45435 bytes; live heap 392383694)
logic:seed77 (4497 bytes)
logic:seed78 (315 bytes)
logic:seed79 (5881 bytes)
logic:seed80 (2325 bytes)
logic:seed81 (2804 bytes)
bitproof:93 (759450 bytes; live heap 396022922)
logic:seed82 (1973 bytes)
logic:seed83 (2964 bytes)
logic:seed84 (10279 bytes)
logic:seed85 (356 bytes)
logic:seed86 (613 bytes)
logic:seed87 (191 bytes)
logic:seed88 (5534 bytes)
bitproof:94 (74086 bytes; live heap 397513733)
logic:seed89 (1904 bytes)
logic:seed90 (2046 bytes)
logic:seed91 (18549 bytes)
certificate:50 (439030 bytes; live heap 402478514)
logic:seed92 (2469 bytes)
logic:seed93 (6249 bytes)
bitproof:95 (759455 bytes; live heap 396801815)
logic:seed94 (2702 bytes)
logic:seed95 (420 bytes)
logic:seed96 (5534 bytes)
certificate:51 (148983 bytes; live heap 393519803)
logic:seed97 (242 bytes)
logic:seed98 (2148 bytes)
logic:seed99 (1080 bytes)
logic:seed100 (1895 bytes)
logic:seed101 (137158 bytes)
eval:478 (1800019 bytes; live heap 389333309)
bitproof:96 (1012460 bytes; live heap 384392735)
logic:seed102 (3500 bytes)
bitproof:97 (224580 bytes; live heap 383728225)
logic:seed103 (2526 bytes)
logic:seed104 (891 bytes)
logic:seed105 (7302 bytes)
bitproof:98 (12311 bytes; live heap 383172489)
bitproof:99 (3832 bytes; live heap 383221946)
bitproof:100 (3090 bytes; live heap 383195480)
logic:seed106 (4812 bytes)
bitproof:101 (136709 bytes; live heap 383876604)
logic:seed107 (2059 bytes)
bitproof:102 (136525 bytes; live heap 384800310)
logic:seed108 (449 bytes)
logic:seed109 (2459 bytes)
logic:seed110 (1783 bytes)
bitproof:103 (130 bytes; live heap 384289030)
bitproof:104 (133 bytes; live heap 384287439)
logic:seed111 (2204 bytes)
logic:seed112 (2209 bytes)
logic:seed113 (1454 bytes)
logic:seed114 (777 bytes)
logic:seed115 (4669 bytes)
logic:seed116 (1371 bytes)
logic:seed117 (4040 bytes)
logic:seed118 (2223 bytes)
logic:seed119 (888 bytes)
logic:seed120 (2395 bytes)
logic:seed121 (1062 bytes)
logic:seed122 (1474 bytes)
logic:seed123 (749 bytes)
logic:seed124 (2629 bytes)
bitproof:105 (759652 bytes; live heap 386658794)
logic:seed125 (1067 bytes)
logic:seed126 (2261 bytes)
logic:seed127 (1946 bytes)
logic:seed128 (520 bytes)
logic:seed129 (1322 bytes)
logic:seed130 (2561 bytes)
logic:seed131 (2358 bytes)
logic:seed132 (354 bytes)
logic:seed133 (1488 bytes)
logic:seed134 (2352 bytes)
logic:seed135 (2608 bytes)
bitproof:106 (759461 bytes; live heap 386241385)
logic:seed136 (1304 bytes)
logic:seed137 (539 bytes)
logic:seed138 (2459 bytes)
logic:seed139 (1661 bytes)
logic:seed140 (692 bytes)
logic:seed141 (133309 bytes)
certificate:52 (478 bytes; live heap 379242694)
bitproof:107 (285108 bytes; live heap 376265657)
certificate:53 (98498 bytes; live heap 375959484)
certificate:54 (10509 bytes; live heap 375832563)
eval:479 (70 bytes; live heap 371937854)
eval:480 (72 bytes; live heap 371799873)
eval:481 (109 bytes; live heap 371715087)
eval:482 (3 bytes; live heap 371533643)
eval:483 (40 bytes; live heap 371271526)
eval:484 (2 bytes; live heap 371044138)
bitproof:108 (95015 bytes; live heap 371494673)
eval:485 (3001 bytes; live heap 371426624)
certificate:55 (148607 bytes; live heap 371348018)
eval:486 (38 bytes; live heap 371568888)
eval:487 (200036 bytes; live heap 371795282)
eval:488 (388 bytes; live heap 373768190)
eval:489 (25 bytes; live heap 373970150)
eval:490 (32 bytes; live heap 374562330)
eval:491 (28 bytes; live heap 374680967)
eval:492 (27 bytes; live heap 374755566)
eval:493 (1565 bytes; live heap 375721756)
eval:494 (24 bytes; live heap 376069920)
eval:495 (7112 bytes; live heap 376267312)
eval:496 (25 bytes; live heap 376367943)
eval:497 (164 bytes; live heap 376656242)
eval:498 (40 bytes; live heap 376791313)
eval:499 (0 bytes; live heap 376967286)
eval:500 (24 bytes; live heap 377105481)
eval:501 (22 bytes; live heap 377266089)
eval:502 (1 bytes; live heap 377549812)
eval:503 (30 bytes; live heap 377686857)
eval:504 (15 bytes; live heap 377817745)
eval:505 (6 bytes; live heap 377908538)
eval:506 (47 bytes; live heap 377995557)
eval:507 (7 bytes; live heap 378053432)
eval:508 (30 bytes; live heap 378188751)
eval:509 (2 bytes; live heap 378298407)
eval:510 (4 bytes; live heap 378409465)
eval:511 (2 bytes; live heap 378505880)
eval:512 (29 bytes; live heap 378623546)
eval:513 (50 bytes; live heap 378766781)
eval:514 (23 bytes; live heap 379057471)
eval:515 (13 bytes; live heap 379164009)
eval:516 (4 bytes; live heap 380922314)
row-model:20 (155065 bytes; live heap 395837109)
row-model:21 (155047 bytes; live heap 396315586)
eval:517 (24580 bytes; live heap 397684642)
eval:518 (17 bytes; live heap 397804492)
eval:519 (20 bytes; live heap 398031136)
eval:520 (1 bytes; live heap 398149476)
certificate:56 (140472 bytes; live heap 433578346)
certificate:57 (149008 bytes; live heap 438317961)
test regression_eval_scope_is_not_copied_per_element ... ok
eval:521 (100111 bytes; live heap 384918356)
eval:522 (22 bytes; live heap 378318273)
eval:523 (25 bytes; live heap 377851011)
eval:524 (16 bytes; live heap 379232720)
eval:525 (0 bytes; live heap 379275113)
eval:526 (28 bytes; live heap 379245236)
eval:527 (17 bytes; live heap 379083522)
eval:528 (46 bytes; live heap 379017055)
eval:529 (45 bytes; live heap 378983992)
eval:530 (22 bytes; live heap 378798614)
eval:531 (41 bytes; live heap 378699529)
eval:532 (35 bytes; live heap 378602409)
eval:533 (25 bytes; live heap 378467611)
eval:534 (264 bytes; live heap 378372640)
eval:535 (87 bytes; live heap 378221580)
eval:536 (4 bytes; live heap 378140511)
eval:537 (33 bytes; live heap 378018188)
eval:538 (61 bytes; live heap 377903316)
eval:539 (15 bytes; live heap 377827668)
eval:540 (20 bytes; live heap 377757800)
eval:541 (4 bytes; live heap 377714182)
eval:542 (2 bytes; live heap 377705584)
eval:543 (10 bytes; live heap 377645644)
eval:544 (5025 bytes; live heap 376653611)
eval:545 (3 bytes; live heap 376301681)
eval:546 (50 bytes; live heap 376304010)
eval:547 (13 bytes; live heap 376265819)
eval:548 (0 bytes; live heap 376108821)
eval:549 (23 bytes; live heap 375961477)
eval:550 (16 bytes; live heap 375790834)
eval:551 (10067 bytes; live heap 375647407)
eval:552 (2 bytes; live heap 375454156)
eval:553 (24 bytes; live heap 375327695)
eval:554 (69 bytes; live heap 375136750)
eval:555 (3 bytes; live heap 375014534)
eval:556 (32 bytes; live heap 374887137)
eval:557 (60004 bytes; live heap 374393119)
eval:558 (5 bytes; live heap 373339379)
eval:559 (50 bytes; live heap 372510068)
eval:560 (44 bytes; live heap 371731930)
eval:561 (5 bytes; live heap 371598546)
eval:562 (28 bytes; live heap 371434205)
eval:563 (221 bytes; live heap 371129085)
eval:564 (26 bytes; live heap 370964749)
eval:565 (200055 bytes; live heap 370170651)
eval:566 (108 bytes; live heap 369721739)
eval:567 (27 bytes; live heap 369474540)
eval:568 (338 bytes; live heap 369085650)
eval:569 (22 bytes; live heap 366995070)
eval:570 (0 bytes; live heap 366767761)
eval:571 (5 bytes; live heap 366566452)
eval:572 (30 bytes; live heap 366389007)
eval:573 (36 bytes; live heap 366245336)
eval:574 (0 bytes; live heap 366038182)
eval:575 (200012 bytes; live heap 365743540)
eval:576 (2124 bytes; live heap 365027950)
eval:577 (46 bytes; live heap 364756178)
eval:578 (20 bytes; live heap 364554896)
eval:579 (5 bytes; live heap 362460101)
eval:580 (10339 bytes; live heap 362000369)
eval:581 (10007 bytes; live heap 361519697)
eval:582 (49 bytes; live heap 361230295)
eval:583 (26 bytes; live heap 361070760)
eval:584 (46 bytes; live heap 360765950)
eval:585 (5 bytes; live heap 360587332)
eval:586 (13 bytes; live heap 360306052)
eval:587 (151833 bytes; live heap 357966866)
eval:588 (22 bytes; live heap 356295321)
eval:589 (262 bytes; live heap 355948401)
eval:590 (12 bytes; live heap 355810537)
eval:591 (2 bytes; live heap 355697346)
eval:592 (2 bytes; live heap 355665659)
eval:593 (9 bytes; live heap 355676582)
lockfile:138 (2418494 bytes; live heap 346950661)
certificate:58 (102780 bytes; live heap 346670290)
bitproof:109 (8396362 bytes; live heap 344351136)
certificate:59 (97847 bytes; live heap 366201836)
certificate:60 (104259 bytes; live heap 368281778)
logic:seed142 (351 bytes)
logic:seed143 (2385 bytes)
logic:seed144 (223 bytes)
logic:seed145 (4152 bytes)
logic:seed146 (1086 bytes)
logic:seed147 (623 bytes)
logic:seed148 (3680 bytes)
logic:seed149 (2827 bytes)
logic:seed150 (2516 bytes)
logic:seed151 (4246 bytes)
logic:seed152 (2270 bytes)
certificate:61 (214073 bytes; live heap 382760277)
logic:seed153 (809 bytes)
logic:seed154 (1978 bytes)
certificate:62 (98484 bytes; live heap 377264625)
logic:seed155 (2293 bytes)
lockfile:139 (13137 bytes; live heap 370827115)
logic:seed156 (801 bytes)
logic:seed157 (4343 bytes)
logic:seed158 (969 bytes)
logic:seed159 (748 bytes)
logic:seed160 (1001 bytes)
logic:seed161 (2067 bytes)
lockfile:140 (25561 bytes; live heap 371942037)
logic:seed162 (2233 bytes)
logic:seed163 (1543 bytes)
logic:seed164 (354 bytes)
logic:seed165 (2258 bytes)
lockfile:141 (2952 bytes; live heap 372395597)
logic:seed166 (2211 bytes)
logic:seed167 (3499 bytes)
lockfile:142 (2756 bytes; live heap 372599459)
logic:seed168 (2019 bytes)
logic:seed169 (1312 bytes)
logic:seed170 (6188 bytes)
lockfile:143 (5672 bytes; live heap 373451917)
logic:seed171 (152005 bytes)
lockfile:144 (13030 bytes; live heap 370286153)
eval:594 (300015 bytes; live heap 367558810)
lockfile:145 (2933 bytes; live heap 384194036)
logic:seed172 (1474 bytes)
logic:seed173 (541 bytes)
logic:seed174 (391390 bytes)
lockfile:146 (2394 bytes; live heap 388469993)
row-model:22 (153299 bytes; live heap 394110767)
lockfile:147 (2369 bytes; live heap 394944840)
lockfile:148 (2372 bytes; live heap 395978276)
lockfile:149 (2852 bytes; live heap 397892995)
lockfile:150 (13030 bytes; live heap 398113274)
logic:seed175 (1777 bytes)
logic:seed176 (355 bytes)
logic:seed177 (5447 bytes)
certificate:63 (149141 bytes; live heap 393794076)
certificate:64 (98481 bytes; live heap 392115341)
certificate:65 (1102 bytes; live heap 390925928)
logic:seed178 (2892 bytes)
logic:seed179 (1919 bytes)
lockfile:151 (306625 bytes; live heap 389216748)
certificate:66 (91871 bytes; live heap 388735060)
logic:seed180 (2003 bytes)
certificate:67 (93461 bytes; live heap 387391254)
logic:seed181 (8354 bytes)
lockfile:152 (25381 bytes; live heap 384262483)
bitproof:110 (1592 bytes; live heap 360479101)
logic:seed182 (2586 bytes)
logic:seed183 (7101 bytes)
lockfile:153 (25517 bytes; live heap 373833619)
bitproof:111 (1195328 bytes; live heap 362199805)
logic:seed184 (7588 bytes)
bitproof:112 (169 bytes; live heap 361030181)
bitproof:113 (134 bytes; live heap 361019542)
bitproof:114 (1109 bytes; live heap 361015276)
bitproof:115 (135 bytes; live heap 360999213)
logic:seed185 (890 bytes)
bitproof:116 (8832 bytes; live heap 360957465)
logic:seed186 (8086 bytes)
lockfile:154 (2514 bytes; live heap 361492177)
lockfile:155 (2371 bytes; live heap 362274275)
logic:seed187 (8555 bytes)
lockfile:156 (13097 bytes; live heap 364098866)
lockfile:157 (35502 bytes; live heap 365820757)
logic:seed188 (627309 bytes)
certificate:68 (148520 bytes; live heap 374096455)
certificate:69 (98484 bytes; live heap 379128105)
lockfile:158 (2904 bytes; live heap 379479673)
logic:seed189 (417 bytes)
logic:seed190 (2253 bytes)
logic:seed191 (8610 bytes)
lockfile:159 (6097 bytes; live heap 381321185)
logic:seed192 (889 bytes)
logic:seed193 (3302 bytes)
lockfile:160 (5660 bytes; live heap 384619584)
logic:seed194 (3361 bytes)
logic:seed195 (3275 bytes)
logic:seed196 (6149 bytes)
logic:seed197 (2878 bytes)
logic:seed198 (2185 bytes)
logic:seed199 (19443 bytes)
logic:seed200 (3726 bytes)
logic:seed201 (4343 bytes)
logic:seed202 (8299 bytes)
logic:seed203 (18158 bytes)
logic:seed204 (551 bytes)
logic:seed205 (5225 bytes)
logic:seed206 (6003 bytes)
logic:seed207 (347 bytes)
logic:seed208 (1310 bytes)
logic:seed209 (2024 bytes)
logic:seed210 (2149 bytes)
logic:seed211 (1065 bytes)
logic:seed212 (2454 bytes)
logic:seed213 (617 bytes)
logic:seed214 (4447 bytes)
logic:seed215 (2529 bytes)
logic:seed216 (1923 bytes)
logic:seed217 (6048 bytes)
logic:seed218 (1123 bytes)
logic:seed219 (1815 bytes)
logic:seed220 (1123 bytes)
logic:seed221 (2606 bytes)
logic:seed222 (2260 bytes)
logic:seed223 (3467 bytes)
logic:seed224 (744 bytes)
logic:seed225 (2677 bytes)
certificate:70 (148546 bytes; live heap 431678946)
logic:seed226 (1943 bytes)
logic:seed227 (3447 bytes)
logic:seed228 (2537 bytes)
row-model:23 (153299 bytes; live heap 437155140)
logic:seed229 (3321 bytes)
logic:seed230 (3492 bytes)
logic:seed231 (912 bytes)
logic:seed232 (1451 bytes)
logic:seed233 (542 bytes)
logic:seed234 (690 bytes)
logic:seed235 (3533 bytes)
logic:seed236 (747 bytes)
logic:seed237 (451 bytes)
logic:seed238 (2284 bytes)
logic:seed239 (695 bytes)
logic:seed240 (4774 bytes)
logic:seed241 (588 bytes)
logic:seed242 (427 bytes)
logic:seed243 (2135 bytes)
logic:seed244 (542 bytes)
logic:seed245 (359 bytes)
logic:seed246 (2022 bytes)
logic:seed247 (3476 bytes)
logic:seed248 (152206 bytes)
logic:seed249 (3067 bytes)
logic:seed250 (353 bytes)
logic:seed251 (10845 bytes)
logic:seed252 (11127 bytes)
logic:seed253 (4692 bytes)
logic:seed254 (471 bytes)
logic:seed255 (4275 bytes)
logic:seed256 (3415 bytes)
logic:seed257 (2347 bytes)
logic:seed258 (2696 bytes)
logic:seed259 (173 bytes)
logic:seed260 (5069 bytes)
logic:seed261 (332 bytes)
logic:seed262 (4812 bytes)
logic:seed263 (2577 bytes)
logic:seed264 (2524 bytes)
logic:seed265 (1787 bytes)
logic:seed266 (4241 bytes)
logic:seed267 (1509 bytes)
logic:seed268 (2456 bytes)
logic:seed269 (16585 bytes)
certificate:71 (97876 bytes; live heap 457569367)
certificate:72 (148550 bytes; live heap 457707006)
logic:seed270 (892 bytes)
logic:seed271 (3981 bytes)
certificate:73 (293469 bytes; live heap 457692933)
logic:seed272 (2563 bytes)
logic:seed273 (1679 bytes)
logic:seed274 (690 bytes)
logic:seed275 (1696 bytes)
logic:seed276 (536 bytes)
logic:seed277 (539 bytes)
logic:seed278 (2350 bytes)
logic:seed279 (4056 bytes)
logic:seed280 (1128 bytes)
logic:seed281 (4811 bytes)
logic:seed282 (2269 bytes)
logic:seed283 (3165 bytes)
logic:seed284 (2471 bytes)
logic:seed285 (186 bytes)
logic:seed286 (1602 bytes)
logic:seed287 (2470 bytes)
logic:seed288 (2687 bytes)
logic:seed289 (1883 bytes)
logic:seed290 (4546 bytes)
logic:seed291 (1930 bytes)
logic:seed292 (2358 bytes)
logic:seed293 (2603 bytes)
logic:seed294 (368 bytes)
logic:seed295 (757 bytes)
logic:seed296 (863 bytes)
logic:seed297 (1598 bytes)
logic:seed298 (2872 bytes)
logic:seed299 (2084 bytes)
logic:seed300 (2827 bytes)
logic:seed301 (757 bytes)
logic:seed302 (8909 bytes)
logic:seed303 (806 bytes)
logic:seed304 (7574 bytes)
logic:seed305 (5802 bytes)
certificate:74 (148549 bytes; live heap 444749032)
logic:seed306 (4744 bytes)
logic:seed307 (627108 bytes)
logic:seed308 (2160 bytes)
logic:seed309 (450 bytes)
logic:seed310 (1904 bytes)
logic:seed311 (358 bytes)
logic:seed312 (152481 bytes)
logic:seed313 (1541 bytes)
logic:seed314 (1453 bytes)
logic:seed315 (464 bytes)
logic:seed316 (2626 bytes)
logic:seed317 (1905 bytes)
logic:seed318 (2403 bytes)
logic:seed319 (2626 bytes)
logic:seed320 (2830 bytes)
row-model:24 (219629 bytes; live heap 438426858)
logic:seed321 (2151 bytes)
logic:seed322 (212 bytes)
logic:seed323 (534 bytes)
logic:seed324 (3131 bytes)
logic:seed325 (839 bytes)
logic:seed326 (840 bytes)
logic:seed327 (4182 bytes)
logic:seed328 (2454 bytes)
logic:seed329 (2591 bytes)
logic:seed330 (2301 bytes)
logic:seed331 (2174 bytes)
logic:seed332 (3191 bytes)
logic:seed333 (2654 bytes)
logic:seed334 (2548 bytes)
logic:seed335 (427 bytes)
logic:seed336 (245 bytes)
logic:seed337 (1334 bytes)
logic:seed338 (598 bytes)
logic:seed339 (3298 bytes)
logic:seed340 (2299 bytes)
logic:seed341 (1977 bytes)
logic:seed342 (7152 bytes)
logic:seed343 (197 bytes)
logic:seed344 (989 bytes)
logic:seed345 (427 bytes)
logic:seed346 (3772 bytes)
logic:seed347 (1988 bytes)
logic:seed348 (534 bytes)
logic:seed349 (2730 bytes)
logic:seed350 (545 bytes)
logic:seed351 (2390 bytes)
logic:seed352 (1995 bytes)
logic:seed353 (1424 bytes)
logic:seed354 (2169 bytes)
logic:seed355 (1866 bytes)
logic:seed356 (2809 bytes)
logic:seed357 (19745 bytes)
certificate:75 (155954 bytes; live heap 435545145)
certificate:76 (104273 bytes; live heap 435419172)
bitproof:117 (5326091 bytes; live heap 434554068)
bitproof:118 (1113 bytes; live heap 426240868)
logic:seed358 (1287 bytes)
logic:seed359 (2909 bytes)
logic:seed360 (1602 bytes)
logic:seed361 (2032 bytes)
logic:seed362 (452 bytes)
logic:seed363 (1505 bytes)
logic:seed364 (4870 bytes)
logic:seed365 (1326 bytes)
logic:seed366 (1508 bytes)
logic:seed367 (6852 bytes)
logic:seed368 (3101 bytes)
bitproof:119 (1513455 bytes; live heap 426353334)
logic:seed369 (912 bytes)
logic:seed370 (2604 bytes)
logic:seed371 (751 bytes)
logic:seed372 (1013 bytes)
logic:seed373 (2764 bytes)
logic:seed374 (2135 bytes)
logic:seed375 (2218 bytes)
logic:seed376 (1889 bytes)
logic:seed377 (8086 bytes)
logic:seed378 (330 bytes)
logic:seed379 (3682 bytes)
logic:seed380 (5339 bytes)
logic:seed381 (7387 bytes)
logic:seed382 (113182 bytes)
bitproof:120 (990730 bytes; live heap 403761731)
logic:seed383 (2133 bytes)
logic:seed384 (1897 bytes)
certificate:77 (148560 bytes; live heap 441914644)
logic:seed385 (2866 bytes)
logic:seed386 (3165 bytes)
certificate:78 (93470 bytes; live heap 451877637)
lockfile:161 (702995 bytes; live heap 449447279)
logic:seed387 (902 bytes)
logic:seed388 (6350 bytes)
certificate:79 (148553 bytes; live heap 454941631)
certificate:80 (155947 bytes; live heap 456641442)
certificate:81 (302786 bytes; live heap 463542372)
logic:seed389 (542 bytes)
logic:seed390 (460 bytes)
logic:seed391 (2234 bytes)
lockfile:162 (5673 bytes; live heap 454991921)
logic:seed392 (1433 bytes)
lockfile:163 (13034 bytes; live heap 461313824)
logic:seed393 (2696 bytes)
logic:seed394 (890 bytes)
logic:seed395 (11109 bytes)
lockfile:164 (12178 bytes; live heap 457481393)
row-model:25 (155047 bytes; live heap 430448463)
logic:seed396 (1742 bytes)
logic:seed397 (1549 bytes)
lockfile:165 (13152 bytes; live heap 415224258)
logic:seed398 (143670 bytes)
bitproof:121 (11821698 bytes; live heap 385801171)
lockfile:166 (5785 bytes; live heap 384690324)
logic:seed399 (1922 bytes)
logic:seed400 (2486 bytes)
lockfile:167 (2937 bytes; live heap 384670966)
logic:seed401 (1428 bytes)
logic:seed402 (4353 bytes)
lockfile:168 (5671 bytes; live heap 385521735)
logic:seed403 (2094 bytes)
lockfile:169 (5686 bytes; live heap 386745858)
logic:seed404 (6772 bytes)
lockfile:170 (12115 bytes; live heap 388427919)
logic:seed405 (1866 bytes)
logic:seed406 (2247 bytes)
lockfile:171 (2196 bytes; live heap 388815842)
logic:seed407 (2513 bytes)
lockfile:172 (2603 bytes; live heap 388284833)
logic:seed408 (718 bytes)
logic:seed409 (2647 bytes)
logic:seed410 (629 bytes)
lockfile:173 (2759 bytes; live heap 372146505)
logic:seed411 (2299 bytes)
bitproof:122 (132 bytes; live heap 347809217)
logic:seed412 (420 bytes)
lockfile:174 (5668 bytes; live heap 348172616)
logic:seed413 (1102 bytes)
logic:seed414 (536 bytes)
logic:seed415 (3616 bytes)
lockfile:175 (25529 bytes; live heap 348759106)
logic:seed416 (5426 bytes)
logic:seed417 (4062 bytes)
lockfile:176 (12650 bytes; live heap 349897023)
lockfile:177 (5568 bytes; live heap 347484864)
certificate:82 (98106 bytes; live heap 346011446)
logic:seed418 (2466 bytes)
logic:seed419 (4543 bytes)
certificate:83 (98744 bytes; live heap 343500286)
logic:seed420 (3331 bytes)
lockfile:178 (3147 bytes; live heap 341375322)
logic:seed421 (17957 bytes)
bitproof:123 (768355 bytes; live heap 336811210)
lockfile:179 (13138 bytes; live heap 336774976)
lockfile:180 (2686 bytes; live heap 334920593)
lockfile:181 (2389 bytes; live heap 333025664)
lockfile:182 (2498 bytes; live heap 331920006)
lockfile:183 (5706 bytes; live heap 331152886)
logic:seed422 (5802 bytes)
lockfile:184 (25594 bytes; live heap 327904668)
bitproof:124 (146 bytes; live heap 323551056)
logic:seed423 (749 bytes)
logic:seed424 (422 bytes)
logic:seed425 (3895 bytes)
logic:seed426 (2778 bytes)
logic:seed427 (3291 bytes)
lockfile:185 (202374 bytes; live heap 321804061)
logic:seed428 (7909 bytes)
lockfile:186 (2374 bytes; live heap 320347393)
logic:seed429 (2562 bytes)
lockfile:187 (5672 bytes; live heap 318304287)
logic:seed430 (5179 bytes)
lockfile:188 (5662 bytes; live heap 316838123)
logic:seed431 (113383 bytes)
certificate:84 (103307 bytes; live heap 316023979)
logic:seed432 (2526 bytes)
logic:seed433 (2738 bytes)
logic:seed434 (391591 bytes)
logic:seed435 (6611 bytes)
logic:seed436 (4136 bytes)
logic:seed437 (6410 bytes)
logic:seed438 (2334 bytes)
logic:seed439 (1354 bytes)
logic:seed440 (2670 bytes)
logic:seed441 (3224 bytes)
logic:seed442 (18348 bytes)
certificate:85 (93103 bytes; live heap 296621509)
logic:seed443 (2839 bytes)
logic:seed444 (358 bytes)
logic:seed445 (211 bytes)
logic:seed446 (3120 bytes)
logic:seed447 (589 bytes)
logic:seed448 (1093 bytes)
logic:seed449 (843 bytes)
logic:seed450 (520 bytes)
test regression_eval_compute_values_charge_copies_and_preserve_context ... ok
logic:seed451 (5982 bytes)
logic:seed452 (757 bytes)
logic:seed453 (1123 bytes)
logic:seed454 (213 bytes)
logic:seed455 (2265 bytes)
logic:seed456 (619 bytes)
logic:seed457 (9224 bytes)
row-model:26 (153369 bytes; live heap 282902805)
logic:seed458 (558 bytes)
logic:seed459 (867 bytes)
logic:seed460 (1126 bytes)
logic:seed461 (184 bytes)
logic:seed462 (1842 bytes)
logic:seed463 (1776 bytes)
logic:seed464 (7178 bytes)
logic:seed465 (547 bytes)
logic:seed466 (2083 bytes)
logic:seed467 (2131 bytes)
logic:seed468 (627 bytes)
logic:seed469 (1665 bytes)
logic:seed470 (1893 bytes)
row-model:27 (152560 bytes; live heap 276741912)
logic:seed471 (1803 bytes)
logic:seed472 (2100 bytes)
logic:seed473 (1555 bytes)
logic:seed474 (356 bytes)
logic:seed475 (152682 bytes)
bitproof:125 (763136 bytes; live heap 273771623)
certificate:86 (493 bytes; live heap 271018852)
logic:seed476 (15604 bytes)
lockfile:189 (2125816 bytes; live heap 271573474)
lockfile:190 (12907 bytes; live heap 267153743)
logic:seed477 (229 bytes)
logic:seed478 (3073 bytes)
logic:seed479 (748 bytes)
logic:seed480 (8098 bytes)
logic:seed481 (266 bytes)
logic:seed482 (888 bytes)
logic:seed483 (3425 bytes)
logic:seed484 (3694 bytes)
logic:seed485 (520 bytes)
logic:seed486 (4275 bytes)
logic:seed487 (10824 bytes)
logic:seed488 (543 bytes)
logic:seed489 (235 bytes)
logic:seed490 (5280 bytes)
logic:seed491 (450 bytes)
logic:seed492 (2403 bytes)
logic:seed493 (1893 bytes)
logic:seed494 (2892 bytes)
logic:seed495 (4257 bytes)
logic:seed496 (151670 bytes)
lockfile:191 (2125261 bytes; live heap 274589069)
logic:seed497 (751 bytes)
logic:seed498 (4868 bytes)
lockfile:192 (25539 bytes; live heap 271012710)
logic:seed499 (2194 bytes)
logic:seed500 (4611 bytes)
logic:seed501 (15805 bytes)
logic:seed502 (529 bytes)
logic:seed503 (1634 bytes)
lockfile:193 (13396 bytes; live heap 278312916)
logic:seed504 (2325 bytes)
logic:seed505 (2332 bytes)
logic:seed506 (2147 bytes)
logic:seed507 (2270 bytes)
lockfile:194 (2830 bytes; live heap 279330489)
logic:seed508 (2392 bytes)
logic:seed509 (540 bytes)
logic:seed510 (967 bytes)
logic:seed511 (1615 bytes)
logic:seed512 (981 bytes)
lockfile:195 (5661 bytes; live heap 278009838)
logic:seed513 (10623 bytes)
certificate:87 (268553 bytes; live heap 280249059)
certificate:88 (485 bytes; live heap 281322943)
logic:seed514 (3668 bytes)
lockfile:196 (2897 bytes; live heap 282195666)
certificate:89 (93477 bytes; live heap 282323113)
logic:seed515 (2964 bytes)
logic:seed516 (2196 bytes)
certificate:90 (154467 bytes; live heap 283406631)
logic:seed517 (2453 bytes)
lockfile:197 (13305 bytes; live heap 284417276)
logic:seed518 (3361 bytes)
logic:seed519 (486 bytes)
logic:seed520 (1640 bytes)
lockfile:198 (2929 bytes; live heap 287517307)
logic:seed521 (3867 bytes)
lockfile:199 (5646 bytes; live heap 287168219)
logic:seed522 (356 bytes)
logic:seed523 (587 bytes)
logic:seed524 (2725 bytes)
lockfile:200 (2862 bytes; live heap 283038839)
logic:seed525 (2104 bytes)
logic:seed526 (4543 bytes)
lockfile:201 (5645 bytes; live heap 280459727)
logic:seed527 (1098 bytes)
logic:seed528 (587 bytes)
logic:seed529 (1694 bytes)
logic:seed530 (6951 bytes)
lockfile:202 (27574 bytes; live heap 273915663)
logic:seed531 (2708 bytes)
logic:seed532 (1694 bytes)
logic:seed533 (869 bytes)
logic:seed534 (2586 bytes)
logic:seed535 (4611 bytes)
lockfile:203 (13030 bytes; live heap 268176940)
logic:seed536 (1493 bytes)
logic:seed537 (1775 bytes)
logic:seed538 (2014 bytes)
logic:seed539 (587 bytes)
logic:seed540 (10908 bytes)
logic:seed541 (751 bytes)
logic:seed542 (3010 bytes)
logic:seed543 (1675 bytes)
logic:seed544 (16384 bytes)
row-model:28 (215408 bytes; live heap 262718116)
lockfile:204 (85538 bytes; live heap 261552335)
lockfile:205 (2371 bytes; live heap 259468646)
logic:seed545 (5648 bytes)
lockfile:206 (2376 bytes; live heap 257367831)
lockfile:207 (413137 bytes; live heap 256606438)
logic:seed546 (759966 bytes)
lockfile:208 (2932 bytes; live heap 253386812)
lockfile:209 (13045 bytes; live heap 252577746)
bitproof:126 (3700139 bytes; live heap 250706441)
lockfile:210 (25354 bytes; live heap 251028439)
lockfile:211 (25528 bytes; live heap 252269452)
logic:seed547 (2191 bytes)
logic:seed548 (3935 bytes)
logic:seed549 (594846 bytes)
lockfile:212 (13122 bytes; live heap 253632627)
lockfile:213 (5605 bytes; live heap 254669637)
lockfile:214 (2393 bytes; live heap 255586205)
lockfile:215 (13030 bytes; live heap 256106383)
lockfile:216 (2975 bytes; live heap 256976435)
lockfile:217 (13030 bytes; live heap 257371145)
lockfile:218 (25816 bytes; live heap 257987315)
logic:seed550 (2361 bytes)
logic:seed551 (8811 bytes)
logic:seed552 (890 bytes)
logic:seed553 (2376 bytes)
logic:seed554 (1123 bytes)
logic:seed555 (353 bytes)
logic:seed556 (8110 bytes)
lockfile:219 (2926 bytes; live heap 257935658)
logic:seed557 (5138 bytes)
lockfile:220 (2280 bytes; live heap 258236247)
lockfile:221 (5695 bytes; live heap 258391157)
logic:seed558 (2608 bytes)
logic:seed559 (3160 bytes)
logic:0 (2598 bytes; live heap 259084158)
logic:1 (1918 bytes; live heap 259124936)
lockfile:222 (13659 bytes; live heap 259133236)
lockfile:223 (2358 bytes; live heap 260564557)
logic:2 (8832 bytes; live heap 260740860)
lockfile:224 (2372 bytes; live heap 260713594)
lockfile:225 (2268 bytes; live heap 261081139)
logic:3 (5154 bytes; live heap 261496016)
logic:4 (2625 bytes; live heap 261487790)
lockfile:226 (2374 bytes; live heap 261481563)
logic:5 (2871 bytes; live heap 261530000)
lockfile:227 (13209 bytes; live heap 261479816)
logic:6 (1458 bytes; live heap 261484145)
lockfile:228 (5680 bytes; live heap 261691110)
lockfile:229 (25528 bytes; live heap 261890584)
lockfile:230 (13103 bytes; live heap 261311717)
lockfile:231 (21111 bytes; live heap 262051129)
lockfile:232 (74591 bytes; live heap 261098188)
lockfile:233 (2912 bytes; live heap 260332165)
lockfile:234 (2270 bytes; live heap 260060121)
lockfile:235 (5691 bytes; live heap 259519325)
lockfile:236 (2901 bytes; live heap 259051116)
lockfile:237 (2939 bytes; live heap 258917022)
lockfile:238 (2384 bytes; live heap 258761799)
bitproof:127 (96 bytes; live heap 252939623)
lockfile:239 (25990 bytes; live heap 253627674)
bitproof:128 (142466 bytes; live heap 253258086)
bitproof:129 (121 bytes; live heap 253042937)
bitproof:130 (136404 bytes; live heap 253329445)
bitproof:131 (23097 bytes; live heap 252869168)
bitproof:132 (4034 bytes; live heap 252863137)
bitproof:133 (120 bytes; live heap 252916980)
lockfile:240 (5604 bytes; live heap 254180834)
lockfile:241 (2927 bytes; live heap 256726089)
row-model:29 (151146 bytes; live heap 258433057)
lockfile:242 (5690 bytes; live heap 259376665)
row-model:30 (153304 bytes; live heap 258656655)
lockfile:243 (2917 bytes; live heap 256540386)
bitproof:134 (603320 bytes; live heap 254563144)
lockfile:244 (11497 bytes; live heap 254639175)
lockfile:245 (3323 bytes; live heap 254786902)
bitproof:135 (143 bytes; live heap 254020486)
bitproof:136 (144434 bytes; live heap 254285997)
bitproof:137 (1120 bytes; live heap 254160365)
bitproof:138 (23073 bytes; live heap 254189717)
bitproof:139 (74998 bytes; live heap 254558999)
bitproof:140 (3843 bytes; live heap 254469018)
lockfile:246 (107465 bytes; live heap 269874950)
lockfile:247 (13119 bytes; live heap 259344176)
lockfile:248 (12961 bytes; live heap 262287853)
lockfile:249 (2927 bytes; live heap 265098397)
lockfile:250 (5686 bytes; live heap 268161272)
lockfile:251 (25381 bytes; live heap 272628742)
lockfile:252 (2909 bytes; live heap 272888511)
lockfile:253 (25528 bytes; live heap 271236795)
row-model:31 (355047 bytes; live heap 258482966)
bitproof:141 (763139 bytes; live heap 257981966)
bitproof:142 (136708 bytes; live heap 257164802)
bitproof:143 (1119 bytes; live heap 257061073)
bitproof:144 (8019 bytes; live heap 256973583)
bitproof:145 (182299 bytes; live heap 256821936)
certificate:91 (420398 bytes; live heap 270723735)
bitproof:146 (1542563 bytes; live heap 257709632)
certificate:92 (149128 bytes; live heap 258290476)
bitproof:147 (145 bytes; live heap 256365707)
bitproof:148 (3091 bytes; live heap 256460076)
bitproof:149 (130 bytes; live heap 256483535)
bitproof:150 (239 bytes; live heap 256512054)
bitproof:151 (8018 bytes; live heap 256771918)
bitproof:152 (134 bytes; live heap 256826822)
bitproof:153 (398522 bytes; live heap 257606807)
bitproof:154 (96 bytes; live heap 257460127)
bitproof:155 (3050 bytes; live heap 257513691)
bitproof:156 (132920 bytes; live heap 258034202)
bitproof:157 (134 bytes; live heap 257990005)
bitproof:158 (143 bytes; live heap 257996462)
bitproof:159 (1004230 bytes; live heap 260713644)
bitproof:160 (3090 bytes; live heap 260765652)
bitproof:161 (74998 bytes; live heap 260920549)
bitproof:162 (8076 bytes; live heap 261171659)
bitproof:163 (173 bytes; live heap 261177967)
bitproof:164 (761706 bytes; live heap 262912055)
certificate:93 (486 bytes; live heap 269857439)
certificate:94 (98459 bytes; live heap 268739010)
bitproof:165 (759460 bytes; live heap 266963610)
logic:7 (2801585 bytes; live heap 283037238)
logic:8 (4914 bytes; live heap 278801458)
logic:9 (450 bytes; live heap 278532972)
logic:10 (1950 bytes; live heap 278465606)
logic:11 (431 bytes; live heap 278420940)
logic:12 (1351 bytes; live heap 278405941)
logic:13 (484 bytes; live heap 278400646)
logic:14 (3314 bytes; live heap 278376785)
certificate:95 (492 bytes; live heap 279008695)
certificate:96 (96453 bytes; live heap 279072160)
certificate:97 (460 bytes; live heap 279887995)
certificate:98 (98484 bytes; live heap 273667323)
row-model:32 (153299 bytes; live heap 249081016)
logic:15 (2117886 bytes; live heap 243607577)
certificate:99 (474 bytes; live heap 224087160)
certificate:100 (462 bytes; live heap 223761142)
certificate:101 (103883 bytes; live heap 223999731)
certificate:102 (476 bytes; live heap 223185707)
certificate:103 (149246 bytes; live heap 220160730)
certificate:104 (102786 bytes; live heap 219537783)
bitproof:166 (3714490 bytes; live heap 211436412)
certificate:105 (93477 bytes; live heap 203906362)
certificate:106 (444 bytes; live heap 202990277)
certificate:107 (349124 bytes; live heap 202260500)
logic:16 (1548 bytes; live heap 195374817)
logic:17 (2215 bytes; live heap 195026619)
logic:18 (204 bytes; live heap 194974593)
row-model:33 (153304 bytes; live heap 187318049)
row-model:34 (153307 bytes; live heap 186336299)
row-model:35 (153299 bytes; live heap 185470265)
core:95 (2975821 bytes; live heap 173024834)
lockfile:254 (1605655 bytes; live heap 168087383)
core:96 (5949 bytes; live heap 167159312)
certificate:108 (93462 bytes; live heap 171516576)
certificate:109 (148559 bytes; live heap 172780669)
certificate:110 (475 bytes; live heap 173970119)
certificate:111 (495 bytes; live heap 175594936)
core:97 (92129 bytes; live heap 175860092)
certificate:112 (98024 bytes; live heap 179254661)
certificate:113 (148549 bytes; live heap 187153658)
core:98 (2931 bytes; live heap 192454847)
core:99 (400 bytes; live heap 194300187)
core:100 (12936 bytes; live heap 194464578)
row-model:36 (153369 bytes; live heap 215239544)
bitproof:167 (1380302 bytes; live heap 210051249)
certificate:114 (2475 bytes; live heap 207441849)
certificate:115 (485 bytes; live heap 207274107)
certificate:116 (71454 bytes; live heap 206250426)
certificate:117 (93469 bytes; live heap 205221249)
core:101 (358047 bytes; live heap 204594752)
core:102 (1922 bytes; live heap 203808263)
certificate:118 (149126 bytes; live heap 203932172)
bitproof:168 (8869 bytes; live heap 192076877)
bitproof:169 (175 bytes; live heap 192092393)
bitproof:170 (1113 bytes; live heap 192100684)
bitproof:171 (120 bytes; live heap 192107530)
bitproof:172 (8829 bytes; live heap 192202559)
bitproof:173 (164 bytes; live heap 192194433)
bitproof:174 (136450 bytes; live heap 192364818)
eval:595 (26 bytes; live heap 172284856)
eval:596 (7 bytes; live heap 172481082)
eval:597 (13 bytes; live heap 172581656)
eval:598 (19 bytes; live heap 172703697)
eval:599 (7 bytes; live heap 172853282)
eval:600 (2 bytes; live heap 172977730)
eval:601 (7 bytes; live heap 173071755)
eval:602 (20 bytes; live heap 173191288)
eval:603 (29 bytes; live heap 173351416)
eval:604 (3 bytes; live heap 173645826)
eval:605 (7 bytes; live heap 173715686)
eval:606 (73 bytes; live heap 173775467)
eval:607 (22 bytes; live heap 173845168)
eval:608 (18 bytes; live heap 173929759)
eval:609 (37 bytes; live heap 174011809)
eval:610 (28 bytes; live heap 174159649)
eval:611 (10030 bytes; live heap 174244028)
eval:612 (58 bytes; live heap 175171135)
eval:613 (17 bytes; live heap 175617917)
eval:614 (22 bytes; live heap 175809418)
eval:615 (42 bytes; live heap 175922194)
eval:616 (37 bytes; live heap 176005446)
eval:617 (19 bytes; live heap 176099567)
eval:618 (301 bytes; live heap 176231882)
eval:619 (17 bytes; live heap 176317392)
eval:620 (50 bytes; live heap 180151926)
eval:621 (13 bytes; live heap 180232357)
eval:622 (908 bytes; live heap 180809726)
eval:623 (3 bytes; live heap 180957520)
eval:624 (142 bytes; live heap 181035794)
certificate:119 (93461 bytes; live heap 182887990)
logic:19 (391609 bytes; live heap 183294478)
eval:625 (13461 bytes; live heap 182460691)
logic:20 (7179 bytes; live heap 181907291)
logic:21 (10331 bytes; live heap 181878032)
logic:22 (1601 bytes; live heap 181786637)
eval:626 (1405 bytes; live heap 181567405)
eval:627 (25 bytes; live heap 181630159)
eval:628 (2 bytes; live heap 181605537)
eval:629 (47 bytes; live heap 181618648)
eval:630 (5 bytes; live heap 181647710)
logic:23 (1935 bytes; live heap 182232585)
logic:24 (6020 bytes; live heap 182334472)
logic:25 (411 bytes; live heap 182849031)
logic:26 (10684 bytes; live heap 182906879)
logic:27 (8611 bytes; live heap 182922798)
lockfile:255 (45279 bytes; live heap 172312920)
eval:631 (80007 bytes; live heap 173310530)
lockfile:256 (11120 bytes; live heap 179324822)
lockfile:257 (2338 bytes; live heap 174227860)
lockfile:258 (2151 bytes; live heap 175329634)
lockfile:259 (13255 bytes; live heap 176460845)
certificate:120 (104306 bytes; live heap 177710878)
lockfile:260 (2269 bytes; live heap 178527600)
lockfile:261 (13800 bytes; live heap 178829306)
lockfile:262 (14233 bytes; live heap 180404821)
bitproof:175 (748866 bytes; live heap 179612134)
lockfile:263 (13119 bytes; live heap 180996841)
row-model:37 (427128 bytes; live heap 180612947)
lockfile:264 (2916 bytes; live heap 182799955)
lockfile:265 (25530 bytes; live heap 184977741)
certificate:121 (98545 bytes; live heap 185687892)
certificate:122 (104266 bytes; live heap 187209115)
lockfile:266 (2902 bytes; live heap 188549246)
lockfile:267 (5588 bytes; live heap 189945459)
lockfile:268 (23933 bytes; live heap 191918080)
eval:632 (80004 bytes; live heap 190674528)
eval:633 (10 bytes; live heap 190938485)
eval:634 (25 bytes; live heap 190982830)
eval:635 (27 bytes; live heap 191043011)
eval:636 (2 bytes; live heap 191097909)
eval:637 (10 bytes; live heap 191167431)
eval:638 (37 bytes; live heap 191263199)
lockfile:269 (25511 bytes; live heap 194460650)
certificate:123 (67361 bytes; live heap 195889894)
lockfile:270 (2955 bytes; live heap 197843179)
certificate:124 (149126 bytes; live heap 197974921)
lockfile:271 (4066 bytes; live heap 200425090)
lockfile:272 (13111 bytes; live heap 202359767)
lockfile:273 (13373 bytes; live heap 204718723)
lockfile:274 (23999 bytes; live heap 207976344)
bitproof:176 (3014 bytes; live heap 207494509)
bitproof:177 (3102 bytes; live heap 207979526)
bitproof:178 (75008 bytes; live heap 208617640)
lockfile:275 (25536 bytes; live heap 209537524)
bitproof:179 (75002 bytes; live heap 212068006)
bitproof:180 (136 bytes; live heap 213631432)
lockfile:276 (13122 bytes; live heap 224560831)
eval:639 (100027 bytes; live heap 229686210)
lockfile:277 (25803 bytes; live heap 230138548)
bitproof:181 (594345 bytes; live heap 230486204)
lockfile:278 (3084 bytes; live heap 233243930)
eval:640 (3 bytes; live heap 232181138)
eval:641 (200011 bytes; live heap 233025931)
eval:642 (13 bytes; live heap 233020749)
eval:643 (2839 bytes; live heap 232966606)
bitproof:182 (136707 bytes; live heap 232369924)
eval:644 (200282 bytes; live heap 232740531)
eval:645 (17 bytes; live heap 232647120)
eval:646 (29 bytes; live heap 232832639)
eval:647 (22 bytes; live heap 233132308)
lockfile:279 (2371 bytes; live heap 233174830)
eval:648 (200013 bytes; live heap 233585155)
eval:649 (29 bytes; live heap 233402407)
eval:650 (4 bytes; live heap 233424257)
eval:651 (14 bytes; live heap 233459039)
eval:652 (2 bytes; live heap 233487048)
eval:653 (30 bytes; live heap 233511407)
lockfile:280 (2894 bytes; live heap 233890620)
eval:654 (6006 bytes; live heap 234053344)
eval:655 (12 bytes; live heap 234293874)
lockfile:281 (12852 bytes; live heap 237520753)
eval:656 (4074 bytes; live heap 238834653)
eval:657 (26 bytes; live heap 239722739)
lockfile:282 (25537 bytes; live heap 242627539)
eval:658 (12300 bytes; live heap 243082889)
eval:659 (23 bytes; live heap 242523782)
eval:660 (2 bytes; live heap 242599032)
eval:661 (38 bytes; live heap 243515807)
eval:662 (1 bytes; live heap 243516420)
eval:663 (36 bytes; live heap 243436058)
eval:664 (15 bytes; live heap 243281256)
eval:665 (6 bytes; live heap 243222184)
bitproof:183 (607584 bytes; live heap 243048566)
eval:666 (528 bytes; live heap 243190181)
lockfile:283 (24533 bytes; live heap 243455771)
eval:667 (25 bytes; live heap 244690989)
eval:668 (45 bytes; live heap 245080822)
eval:669 (45 bytes; live heap 246607481)
eval:670 (16 bytes; live heap 246787150)
eval:671 (7 bytes; live heap 247114873)
eval:672 (67 bytes; live heap 247272779)
eval:673 (7 bytes; live heap 247478155)
lockfile:284 (12547 bytes; live heap 249153960)
lockfile:285 (30241 bytes; live heap 254356374)
bitproof:184 (132 bytes; live heap 254322796)
eval:674 (24001 bytes; live heap 255584800)
bitproof:185 (75000 bytes; live heap 255956675)
eval:675 (2 bytes; live heap 256919890)
eval:676 (7 bytes; live heap 257078000)
bitproof:186 (134 bytes; live heap 257521787)
bitproof:187 (260780 bytes; live heap 260057639)
bitproof:188 (594237 bytes; live heap 272776116)
eval:677 (220012 bytes; live heap 275178108)
bitproof:189 (594351 bytes; live heap 278490190)
bitproof:190 (332920 bytes; live heap 279670990)
eval:678 (1 bytes; live heap 294697803)
eval:679 (24 bytes; live heap 295639246)
eval:680 (1067 bytes; live heap 296978892)
eval:681 (179 bytes; live heap 299253376)
eval:682 (15 bytes; live heap 299695408)
eval:683 (11 bytes; live heap 300021805)
eval:684 (3 bytes; live heap 300265904)
eval:685 (19 bytes; live heap 300505675)
eval:686 (72 bytes; live heap 302285683)
eval:687 (19 bytes; live heap 303307976)
eval:688 (33 bytes; live heap 303732981)
logic:28 (308784 bytes; live heap 313962013)
logic:29 (2899 bytes; live heap 316876246)
logic:30 (3252 bytes; live heap 321362157)
logic:31 (620 bytes; live heap 323912779)
logic:32 (78868 bytes; live heap 348458485)
logic:33 (2488 bytes; live heap 348772791)
logic:34 (3642 bytes; live heap 352128016)
logic:35 (67360 bytes; live heap 351773096)
logic:36 (597 bytes; live heap 355926927)
row-model:38 (155559 bytes; live heap 367942529)
row-model:39 (161272 bytes; live heap 350690041)
bitproof:191 (9090517 bytes; live heap 302579889)
eval:689 (73767 bytes; live heap 306320009)
eval:690 (21 bytes; live heap 310608429)
eval:691 (37 bytes; live heap 310687780)
eval:692 (48 bytes; live heap 311001722)
eval:693 (112 bytes; live heap 311554175)
eval:694 (37 bytes; live heap 311845025)
eval:695 (119 bytes; live heap 311383079)
eval:696 (18 bytes; live heap 311053612)
eval:697 (25 bytes; live heap 310944762)
eval:698 (25 bytes; live heap 310971874)
eval:699 (27 bytes; live heap 311039136)
eval:700 (25 bytes; live heap 311069012)
eval:701 (43 bytes; live heap 311128425)
eval:702 (6 bytes; live heap 311162651)
eval:703 (7 bytes; live heap 311187098)
eval:704 (31 bytes; live heap 311218139)
eval:705 (27 bytes; live heap 311246635)
eval:706 (365 bytes; live heap 311345328)
eval:707 (8 bytes; live heap 311713182)
eval:708 (102 bytes; live heap 311772724)
eval:709 (86 bytes; live heap 313009012)
eval:710 (13 bytes; live heap 313089086)
eval:711 (20 bytes; live heap 313095059)
eval:712 (1211 bytes; live heap 313210439)
eval:713 (11 bytes; live heap 313218611)
eval:714 (31 bytes; live heap 313220792)
eval:715 (4 bytes; live heap 313230839)
eval:716 (22 bytes; live heap 313368141)
eval:717 (11 bytes; live heap 313464079)
eval:718 (500029 bytes; live heap 313521150)
eval:719 (23 bytes; live heap 313604095)
eval:720 (22 bytes; live heap 313514284)
eval:721 (3 bytes; live heap 313417247)
eval:722 (1 bytes; live heap 313378636)
eval:723 (4 bytes; live heap 313348509)
eval:724 (288 bytes; live heap 313303072)
eval:725 (27 bytes; live heap 313259767)
eval:726 (20506 bytes; live heap 313160418)
eval:727 (21 bytes; live heap 312081558)
eval:728 (7 bytes; live heap 309928596)
eval:729 (15 bytes; live heap 310035089)
eval:730 (13 bytes; live heap 310165244)
eval:731 (11 bytes; live heap 309811628)
eval:732 (21 bytes; live heap 309475951)
logic:37 (143677 bytes; live heap 309065386)
eval:733 (4 bytes; live heap 309068598)
logic:38 (2453 bytes; live heap 313146992)
eval:734 (300004 bytes; live heap 310586312)
logic:39 (503 bytes; live heap 312745420)
logic:40 (244 bytes; live heap 312744363)
logic:41 (460 bytes; live heap 312733558)
logic:42 (1913 bytes; live heap 314914417)
eval:735 (19 bytes; live heap 310198603)
eval:736 (1 bytes; live heap 310126248)
eval:737 (10 bytes; live heap 310036874)
eval:738 (22 bytes; live heap 310001493)
eval:739 (10 bytes; live heap 309997055)
eval:740 (22 bytes; live heap 309976257)
eval:741 (517 bytes; live heap 310047851)
eval:742 (10 bytes; live heap 310095980)
eval:743 (23 bytes; live heap 310151648)
eval:744 (21 bytes; live heap 310136756)
eval:745 (18 bytes; live heap 309964478)
eval:746 (14 bytes; live heap 310027638)
eval:747 (4003 bytes; live heap 310046264)
logic:43 (10868 bytes; live heap 310081272)
logic:44 (1163 bytes; live heap 312338947)
logic:45 (2362 bytes; live heap 312480193)
logic:46 (2306 bytes; live heap 312568151)
logic:47 (2720 bytes; live heap 312610371)
lockfile:286 (2146993 bytes; live heap 278019626)
lockfile:287 (5671 bytes; live heap 274807897)
eval:748 (10 bytes; live heap 274807664)
eval:749 (164 bytes; live heap 274840173)
lockfile:288 (5671 bytes; live heap 275301579)
eval:750 (5087 bytes; live heap 274357671)
eval:751 (4 bytes; live heap 274392590)
eval:752 (15 bytes; live heap 275203437)
eval:753 (11 bytes; live heap 275324512)
eval:754 (12292 bytes; live heap 277257859)
eval:755 (4 bytes; live heap 277245797)
eval:756 (285 bytes; live heap 277312075)
eval:757 (40 bytes; live heap 277634396)
lockfile:289 (21736 bytes; live heap 277693818)
eval:758 (20003 bytes; live heap 277740099)
eval:759 (3 bytes; live heap 277875000)
eval:760 (22 bytes; live heap 277927038)
eval:761 (23 bytes; live heap 278043045)
eval:762 (38 bytes; live heap 278001266)
eval:763 (3 bytes; live heap 278274253)
eval:764 (11 bytes; live heap 278355364)
eval:765 (28 bytes; live heap 278408430)
eval:766 (22 bytes; live heap 279184476)
lockfile:290 (21249 bytes; live heap 283900764)
eval:767 (400007 bytes; live heap 281000112)
lockfile:291 (25527 bytes; live heap 291428768)
bitproof:192 (45430 bytes; live heap 312524890)
bitproof:193 (8840 bytes; live heap 312751644)
lockfile:292 (13127 bytes; live heap 320410164)
bitproof:194 (594754 bytes; live heap 312884491)
lockfile:293 (5518 bytes; live heap 311698163)
lockfile:294 (2281 bytes; live heap 310722570)
lockfile:295 (5831 bytes; live heap 310195674)
lockfile:296 (2382 bytes; live heap 309248080)
lockfile:297 (13030 bytes; live heap 308501986)
lockfile:298 (2338 bytes; live heap 308034029)
lockfile:299 (6706 bytes; live heap 305153546)
certificate:125 (280328 bytes; live heap 302814001)
bitproof:195 (159 bytes; live heap 301102897)
bitproof:196 (8830 bytes; live heap 301381151)
lockfile:300 (13114 bytes; live heap 301369782)
certificate:126 (98218 bytes; live heap 303338547)
bitproof:197 (142065 bytes; live heap 301702556)
lockfile:301 (2925 bytes; live heap 301678389)
certificate:127 (148989 bytes; live heap 302103253)
lockfile:302 (2344 bytes; live heap 302627608)
lockfile:303 (5437 bytes; live heap 303551821)
certificate:128 (97877 bytes; live heap 303512374)
lockfile:304 (2574 bytes; live heap 305102359)
lockfile:305 (25577 bytes; live heap 306693456)
row-model:40 (161280 bytes; live heap 306736064)
row-model:41 (153316 bytes; live heap 307651168)
row-model:42 (155048 bytes; live heap 307958252)
row-model:43 (153299 bytes; live heap 308266445)
bitproof:198 (759150 bytes; live heap 303973938)
bitproof:199 (1128 bytes; live heap 307050005)
bitproof:200 (8791 bytes; live heap 306911458)
bitproof:201 (74996 bytes; live heap 306309561)
bitproof:202 (8017 bytes; live heap 304698268)
bitproof:203 (225489 bytes; live heap 305003985)
logic:48 (121908 bytes; live heap 304480079)
logic:49 (1243 bytes; live heap 303527947)
logic:50 (1460 bytes; live heap 303524556)
logic:51 (2430 bytes; live heap 303508941)
bitproof:204 (1554 bytes; live heap 303422751)
logic:52 (376 bytes; live heap 303531127)
logic:53 (2607 bytes; live heap 304562550)
bitproof:205 (136390 bytes; live heap 303693733)
logic:54 (846 bytes; live heap 303789331)
bitproof:206 (96 bytes; live heap 303823739)
bitproof:207 (133 bytes; live heap 303655392)
bitproof:208 (96 bytes; live heap 303638787)
logic:55 (10843 bytes; live heap 307212449)
logic:56 (1896 bytes; live heap 309458360)
logic:57 (628 bytes; live heap 309910546)
logic:58 (469 bytes; live heap 310452010)
logic:59 (2352 bytes; live heap 311330857)
logic:60 (202152 bytes; live heap 313564273)
logic:61 (16587 bytes; live heap 316049272)
logic:62 (1687 bytes; live heap 317495761)
logic:63 (798 bytes; live heap 318070558)
logic:64 (2080 bytes; live heap 319175115)
logic:65 (18567 bytes; live heap 330301475)
logic:66 (1803 bytes; live heap 338995713)
certificate:129 (155954 bytes; live heap 341017429)
certificate:130 (364468 bytes; live heap 346011633)
logic:67 (7185 bytes; live heap 350210925)
certificate:131 (483 bytes; live heap 374022835)
logic:68 (40556 bytes; live heap 387124548)
logic:69 (4755 bytes; live heap 391323465)
logic:70 (7225 bytes; live heap 395724016)
logic:71 (2237 bytes; live heap 396046211)
logic:72 (528 bytes; live heap 396133265)
logic:73 (233 bytes; live heap 396197473)
logic:74 (61142 bytes; live heap 398102548)
logic:75 (877 bytes; live heap 390412007)
logic:76 (201462 bytes; live heap 389839403)
logic:77 (4691 bytes; live heap 387204772)
logic:78 (11453 bytes; live heap 366741591)
logic:79 (2487 bytes; live heap 362823031)
logic:80 (2260 bytes; live heap 358564507)
logic:81 (353 bytes; live heap 355540426)
logic:82 (1967 bytes; live heap 354723837)
logic:83 (2146 bytes; live heap 351263894)
logic:84 (3866 bytes; live heap 348541509)
logic:85 (3980 bytes; live heap 345933050)
logic:86 (9993 bytes; live heap 343039325)
logic:87 (4083 bytes; live heap 341687646)
logic:88 (3363 bytes; live heap 339745912)
logic:89 (4630 bytes; live heap 332784069)
bitproof:209 (8323995 bytes; live heap 324980526)
logic:90 (7065 bytes; live heap 326720246)
lockfile:306 (1984510 bytes; live heap 314261525)
bitproof:210 (13842 bytes; live heap 315340290)
bitproof:211 (1116 bytes; live heap 315465228)
bitproof:212 (132908 bytes; live heap 315639244)
bitproof:213 (120 bytes; live heap 314878290)
logic:91 (10871 bytes; live heap 310191743)
lockfile:307 (25530 bytes; live heap 310112919)
bitproof:214 (1127 bytes; live heap 310002544)
logic:92 (2276 bytes; live heap 310856980)
logic:93 (595 bytes; live heap 313988705)
certificate:132 (413443 bytes; live heap 317514938)
logic:94 (2194 bytes; live heap 317583144)
certificate:133 (98498 bytes; live heap 323881365)
logic:95 (11142 bytes; live heap 317546123)
logic:96 (2903 bytes; live heap 317821333)
certificate:134 (98494 bytes; live heap 317679997)
logic:97 (200355 bytes; live heap 318447945)
bitproof:215 (771329 bytes; live heap 309984118)
certificate:135 (93461 bytes; live heap 311020814)
logic:98 (16611 bytes; live heap 312086116)
certificate:136 (93417 bytes; live heap 309144892)
lockfile:308 (2370 bytes; live heap 315398936)
lockfile:309 (5799 bytes; live heap 316593536)
bitproof:216 (757026 bytes; live heap 310460885)
bitproof:217 (8886 bytes; live heap 309598932)
lockfile:310 (25400 bytes; live heap 311332760)
bitproof:218 (265755 bytes; live heap 310623457)
lockfile:311 (13111 bytes; live heap 315869239)
bitproof:219 (594356 bytes; live heap 313272483)
row-model:44 (155065 bytes; live heap 313306238)
lockfile:312 (2404 bytes; live heap 313343366)
lockfile:313 (2926 bytes; live heap 313141301)
logic:99 (194299 bytes; live heap 316764874)
logic:100 (6399 bytes; live heap 320908437)
logic:101 (2036 bytes; live heap 322904101)
logic:102 (209 bytes; live heap 323032133)
logic:103 (1805 bytes; live heap 323116008)
logic:104 (2360 bytes; live heap 323374068)
logic:105 (701 bytes; live heap 323522804)
logic:106 (8667 bytes; live heap 323889371)
logic:107 (478 bytes; live heap 324042162)
certificate:137 (476 bytes; live heap 325869798)
logic:108 (5151 bytes; live heap 325910993)
logic:109 (415 bytes; live heap 326189632)
logic:110 (2782 bytes; live heap 326565005)
certificate:138 (98533 bytes; live heap 326553191)
logic:111 (464 bytes; live heap 326895451)
logic:112 (4292 bytes; live heap 326782950)
logic:113 (1772 bytes; live heap 327833635)
logic:114 (1526 bytes; live heap 327982545)
logic:115 (967 bytes; live heap 328265890)
logic:116 (889 bytes; live heap 328530452)
certificate:139 (149068 bytes; live heap 329466308)
certificate:140 (431 bytes; live heap 329949710)
certificate:141 (98061 bytes; live heap 331716577)
certificate:142 (475 bytes; live heap 332219221)
certificate:143 (448 bytes; live heap 332989132)
certificate:144 (154467 bytes; live heap 333941218)
certificate:145 (97908 bytes; live heap 337052649)
lockfile:314 (83647 bytes; live heap 348536070)
lockfile:315 (2894 bytes; live heap 352679376)
lockfile:316 (25461 bytes; live heap 354365915)
lockfile:317 (2925 bytes; live heap 360554976)
logic:117 (302330 bytes; live heap 359973760)
lockfile:318 (2211 bytes; live heap 361290569)
lockfile:319 (2929 bytes; live heap 362252588)
logic:118 (19425 bytes; live heap 362397352)
lockfile:320 (2337 bytes; live heap 362763403)
lockfile:321 (24903 bytes; live heap 363646603)
logic:119 (2169 bytes; live heap 365192425)
lockfile:322 (5740 bytes; live heap 370283517)
lockfile:323 (5707 bytes; live heap 389140028)
lockfile:324 (2933 bytes; live heap 389188902)
lockfile:325 (25420 bytes; live heap 393597301)
lockfile:326 (5675 bytes; live heap 391411786)
lockfile:327 (2355 bytes; live heap 386484493)
lockfile:328 (25528 bytes; live heap 383400181)
certificate:146 (517 bytes; live heap 379213904)
certificate:147 (97909 bytes; live heap 377372969)
lockfile:329 (2388 bytes; live heap 377324190)
lockfile:330 (5675 bytes; live heap 375619449)
lockfile:331 (13056 bytes; live heap 373434904)
lockfile:332 (2766 bytes; live heap 372867185)
certificate:148 (96431 bytes; live heap 372828307)
lockfile:333 (14434 bytes; live heap 372674095)
lockfile:334 (25314 bytes; live heap 371456920)
certificate:149 (102787 bytes; live heap 370517536)
logic:120 (8014 bytes; live heap 368748857)
lockfile:335 (213113 bytes; live heap 367878057)
logic:121 (10189 bytes; live heap 367113522)
logic:122 (229 bytes; live heap 366912177)
logic:123 (1889 bytes; live heap 366595725)
certificate:150 (93543 bytes; live heap 365432409)
lockfile:336 (25528 bytes; live heap 365129890)
certificate:151 (457 bytes; live heap 364767138)
certificate:152 (93464 bytes; live heap 363798217)
logic:124 (8454 bytes; live heap 363079869)
logic:125 (2156 bytes; live heap 362886352)
logic:126 (1131 bytes; live heap 362491468)
logic:127 (643 bytes; live heap 362409507)
lockfile:337 (2830 bytes; live heap 362376948)
logic:128 (2328 bytes; live heap 362354098)
logic:129 (2702 bytes; live heap 361729521)
logic:130 (2137 bytes; live heap 361325810)
lockfile:338 (25528 bytes; live heap 361195687)
logic:131 (3093 bytes; live heap 359949270)
logic:132 (1837 bytes; live heap 359692028)
logic:133 (19308 bytes; live heap 357939380)
logic:134 (4668 bytes; live heap 356061935)
logic:135 (4274 bytes; live heap 355251956)
bitproof:220 (5913388 bytes; live heap 354134017)
logic:136 (14433 bytes; live heap 361787100)
logic:137 (5141 bytes; live heap 362886622)
logic:138 (2214 bytes; live heap 362949110)
logic:139 (816 bytes; live heap 363250710)
logic:140 (1122 bytes; live heap 363562701)
logic:141 (2465 bytes; live heap 364064363)
logic:142 (90 bytes; live heap 365207045)
logic:143 (2328 bytes; live heap 365626518)
logic:144 (208 bytes; live heap 365827852)
logic:145 (3203 bytes; live heap 367375352)
logic:146 (2179 bytes; live heap 368052953)
logic:147 (2311 bytes; live heap 368575732)
logic:148 (1110 bytes; live heap 369044012)
row-model:45 (149879 bytes; live heap 362847715)
logic:149 (1792 bytes; live heap 348611204)
eval:768 (4 bytes; live heap 344637796)
eval:769 (36 bytes; live heap 344962600)
eval:770 (10028 bytes; live heap 346009240)
eval:771 (4 bytes; live heap 346082330)
eval:772 (22 bytes; live heap 346159323)
logic:150 (4553 bytes; live heap 346224076)
eval:773 (2 bytes; live heap 346301845)
eval:774 (11 bytes; live heap 346405937)
eval:775 (6 bytes; live heap 346473001)
eval:776 (4 bytes; live heap 346540754)
eval:777 (21 bytes; live heap 346991304)
eval:778 (5 bytes; live heap 347121803)
eval:779 (2 bytes; live heap 347193271)
logic:151 (1092 bytes; live heap 350862961)
logic:152 (2109 bytes; live heap 352111415)
eval:780 (300004 bytes; live heap 349181486)
logic:153 (5820 bytes; live heap 352077093)
eval:781 (21 bytes; live heap 350730508)
eval:782 (35 bytes; live heap 351018045)
eval:783 (19 bytes; live heap 351282937)
eval:784 (696 bytes; live heap 351753052)
eval:785 (21 bytes; live heap 352004527)
eval:786 (10 bytes; live heap 351996660)
certificate:153 (148549 bytes; live heap 352011576)
eval:787 (4 bytes; live heap 352091182)
logic:154 (701 bytes; live heap 356874991)
logic:155 (2526 bytes; live heap 357338908)
logic:156 (2539 bytes; live heap 357443301)
logic:157 (400 bytes; live heap 357805582)
logic:158 (2818 bytes; live heap 359021486)
logic:159 (913 bytes; live heap 359646135)
logic:160 (1752 bytes; live heap 359840026)
logic:161 (290 bytes; live heap 360034886)
logic:162 (7370 bytes; live heap 361490346)
logic:163 (8071 bytes; live heap 362814471)
logic:164 (183 bytes; live heap 364061424)
logic:165 (2569 bytes; live heap 364538102)
logic:166 (2625 bytes; live heap 365077489)
logic:167 (1321 bytes; live heap 365509403)
logic:168 (905 bytes; live heap 365663281)
logic:169 (2299 bytes; live heap 365992578)
logic:170 (7552 bytes; live heap 367031067)
logic:171 (1070 bytes; live heap 366223969)
certificate:154 (98507 bytes; live heap 411776592)
certificate:155 (98492 bytes; live heap 401193277)
certificate:156 (476 bytes; live heap 401742701)
certificate:157 (98420 bytes; live heap 405164870)
bitproof:221 (594623 bytes; live heap 418774096)
lockfile:339 (2128636 bytes; live heap 452466964)
lockfile:340 (2700 bytes; live heap 456396795)
lockfile:341 (2372 bytes; live heap 462038311)
lockfile:342 (5510 bytes; live heap 464469035)
lockfile:343 (23145 bytes; live heap 466866329)
lockfile:344 (13430 bytes; live heap 477939140)
lockfile:345 (2865 bytes; live heap 487198331)
lockfile:346 (2373 bytes; live heap 490108086)
lockfile:347 (2935 bytes; live heap 493440346)
lockfile:348 (2371 bytes; live heap 496677985)
lockfile:349 (25531 bytes; live heap 499063349)
lockfile:350 (13030 bytes; live heap 514435742)
lockfile:351 (2928 bytes; live heap 519020074)
lockfile:352 (5674 bytes; live heap 521416853)
lockfile:353 (11610 bytes; live heap 526201733)
lockfile:354 (25209 bytes; live heap 529330822)
bitproof:222 (265757 bytes; live heap 527691288)
bitproof:223 (96 bytes; live heap 528962119)
bitproof:224 (8864 bytes; live heap 529642234)
bitproof:225 (134 bytes; live heap 530124332)
bitproof:226 (1601 bytes; live heap 530749257)
bitproof:227 (96 bytes; live heap 530989086)
row-model:46 (153321 bytes; live heap 534212225)
row-model:47 (153349 bytes; live heap 536386780)
row-model:48 (153299 bytes; live heap 537981708)
bitproof:228 (7927 bytes; live heap 539758171)
bitproof:229 (3015 bytes; live heap 540893921)
lockfile:355 (13119 bytes; live heap 540895708)
bitproof:230 (136713 bytes; live heap 543689709)
bitproof:231 (132914 bytes; live heap 546725356)
lockfile:356 (25653 bytes; live heap 547946747)
bitproof:232 (131 bytes; live heap 547745913)
bitproof:233 (140548 bytes; live heap 551853647)
bitproof:234 (182 bytes; live heap 554473918)
bitproof:235 (137048 bytes; live heap 556772609)
bitproof:236 (143301 bytes; live heap 559355775)
eval:788 (300004 bytes; live heap 554229602)
bitproof:237 (2123 bytes; live heap 556220140)
bitproof:238 (142146 bytes; live heap 561449330)
lockfile:357 (5703 bytes; live heap 561741570)
eval:789 (55 bytes; live heap 558589611)
eval:790 (2 bytes; live heap 558295034)
bitproof:239 (96 bytes; live heap 558127922)
bitproof:240 (134 bytes; live heap 558201805)
eval:791 (105 bytes; live heap 558205879)
eval:792 (0 bytes; live heap 558399641)
eval:793 (338 bytes; live heap 558867494)
eval:794 (27 bytes; live heap 565108843)
eval:795 (22 bytes; live heap 565464060)
eval:796 (14 bytes; live heap 565604169)
eval:797 (29 bytes; live heap 565751397)
eval:798 (4 bytes; live heap 565884651)
eval:799 (30 bytes; live heap 565984602)
lockfile:358 (13772 bytes; live heap 566127145)
eval:800 (2 bytes; live heap 566244125)
eval:801 (32 bytes; live heap 566420860)
eval:802 (7 bytes; live heap 566525026)
eval:803 (8 bytes; live heap 566614973)
eval:804 (3 bytes; live heap 566807066)
eval:805 (20 bytes; live heap 566943652)
eval:806 (200006 bytes; live heap 572042079)
eval:807 (6 bytes; live heap 571945069)
eval:808 (327 bytes; live heap 572161005)
eval:809 (4 bytes; live heap 572291662)
eval:810 (5 bytes; live heap 572388052)
eval:811 (97 bytes; live heap 572909054)
eval:812 (43 bytes; live heap 573170204)
eval:813 (3 bytes; live heap 573293361)
eval:814 (25 bytes; live heap 573383749)
lockfile:359 (5671 bytes; live heap 577968302)
eval:815 (300005 bytes; live heap 576581318)
lockfile:360 (5633 bytes; live heap 583501900)
eval:816 (2 bytes; live heap 569627305)
eval:817 (26 bytes; live heap 569524351)
bitproof:241 (1137432 bytes; live heap 569280476)
eval:818 (13 bytes; live heap 569356843)
eval:819 (46 bytes; live heap 569586334)
eval:820 (3 bytes; live heap 569782456)
eval:821 (37 bytes; live heap 569976555)
eval:822 (37 bytes; live heap 570238068)
eval:823 (27 bytes; live heap 570506835)
eval:824 (335 bytes; live heap 571036613)
eval:825 (37 bytes; live heap 571314384)
eval:826 (16 bytes; live heap 571539502)
eval:827 (362 bytes; live heap 572266541)
eval:828 (2 bytes; live heap 572502284)
lockfile:361 (2949 bytes; live heap 572598453)
eval:829 (21 bytes; live heap 572702955)
eval:830 (25 bytes; live heap 572835656)
eval:831 (21 bytes; live heap 574023772)
eval:832 (19 bytes; live heap 574148951)
eval:833 (32 bytes; live heap 574340098)
eval:834 (18 bytes; live heap 575072859)
eval:835 (33 bytes; live heap 575172984)
eval:836 (100025 bytes; live heap 575599864)
eval:837 (25 bytes; live heap 575560255)
eval:838 (29 bytes; live heap 576105209)
eval:839 (38 bytes; live heap 576243557)
eval:840 (22 bytes; live heap 576391604)
eval:841 (22 bytes; live heap 574269657)
eval:842 (7 bytes; live heap 572109445)
lockfile:362 (12991 bytes; live heap 572403876)
eval:843 (16 bytes; live heap 572410061)
eval:844 (22 bytes; live heap 572771943)
eval:845 (44 bytes; live heap 573312392)
eval:846 (47 bytes; live heap 573476837)
eval:847 (3 bytes; live heap 573507735)
eval:848 (181 bytes; live heap 573531293)
eval:849 (24 bytes; live heap 573277503)
eval:850 (29 bytes; live heap 572951413)
bitproof:242 (136716 bytes; live heap 572891934)
eval:851 (200025 bytes; live heap 573347966)
eval:852 (13 bytes; live heap 573264592)
eval:853 (6 bytes; live heap 573354151)
eval:854 (21 bytes; live heap 573460645)
eval:855 (4 bytes; live heap 573553480)
eval:856 (21 bytes; live heap 573714713)
eval:857 (35 bytes; live heap 573751358)
eval:858 (4 bytes; live heap 573947386)
eval:859 (39 bytes; live heap 574204518)
eval:860 (200046 bytes; live heap 575981189)
lockfile:363 (13040 bytes; live heap 579515234)
eval:861 (6017 bytes; live heap 579935723)
eval:862 (33 bytes; live heap 581131007)
bitproof:243 (618694 bytes; live heap 580795303)
lockfile:364 (13153 bytes; live heap 584483961)
eval:863 (300012 bytes; live heap 581559757)
bitproof:244 (79784 bytes; live heap 584013579)
lockfile:365 (2400 bytes; live heap 585476038)
bitproof:245 (8860 bytes; live heap 589295146)
bitproof:246 (120 bytes; live heap 593622370)
bitproof:247 (133 bytes; live heap 593664597)
bitproof:248 (3090 bytes; live heap 597083772)
lockfile:366 (5674 bytes; live heap 597216563)
bitproof:249 (132931 bytes; live heap 599975003)
lockfile:367 (25528 bytes; live heap 607802583)
lockfile:368 (25389 bytes; live heap 620497766)
lockfile:369 (12933 bytes; live heap 626452801)
lockfile:370 (13111 bytes; live heap 629097101)
lockfile:371 (25558 bytes; live heap 631924991)
lockfile:372 (5652 bytes; live heap 634507836)
lockfile:373 (2372 bytes; live heap 636047309)
lockfile:374 (3958 bytes; live heap 642274662)
lockfile:375 (2478 bytes; live heap 643726767)
lockfile:376 (2930 bytes; live heap 648717253)
lockfile:377 (14476 bytes; live heap 649940568)
lockfile:378 (13038 bytes; live heap 651605934)
lockfile:379 (5633 bytes; live heap 653193558)
lockfile:380 (225553 bytes; live heap 655120499)
lockfile:381 (2437 bytes; live heap 655740678)
lockfile:382 (2370 bytes; live heap 654812135)
lockfile:383 (65558 bytes; live heap 655346428)
lockfile:384 (5696 bytes; live heap 653313830)
lockfile:385 (13585 bytes; live heap 652221064)
row-model:49 (153359 bytes; live heap 651600210)
row-model:50 (153307 bytes; live heap 651231352)
row-model:51 (153300 bytes; live heap 650819238)
lockfile:386 (13023 bytes; live heap 650169112)
lockfile:387 (3515 bytes; live heap 648447414)
lockfile:388 (5641 bytes; live heap 646667542)
bitproof:250 (960217 bytes; live heap 641103075)
lockfile:389 (2128706 bytes; live heap 666768138)
lockfile:390 (13111 bytes; live heap 666512548)
lockfile:391 (5682 bytes; live heap 670143387)
bitproof:251 (142085 bytes; live heap 674582246)
bitproof:252 (12863 bytes; live heap 680595658)
bitproof:253 (173 bytes; live heap 680861183)
bitproof:254 (3097 bytes; live heap 681078855)
bitproof:255 (152 bytes; live heap 681291340)
bitproof:256 (136210 bytes; live heap 683567421)
bitproof:257 (175 bytes; live heap 688165115)
bitproof:258 (173 bytes; live heap 688278500)
lockfile:392 (142300 bytes; live heap 709965580)
lockfile:393 (5671 bytes; live heap 721728517)
lockfile:394 (13155 bytes; live heap 736987986)
lockfile:395 (5670 bytes; live heap 749673696)
lockfile:396 (2889 bytes; live heap 757562396)
lockfile:397 (25783 bytes; live heap 769341549)
lockfile:398 (2930 bytes; live heap 776343625)
lockfile:399 (2375 bytes; live heap 777009012)
lockfile:400 (13035 bytes; live heap 782081246)
lockfile:401 (25555 bytes; live heap 783763997)
lockfile:402 (32833 bytes; live heap 778870638)
lockfile:403 (5643 bytes; live heap 766930579)
lockfile:404 (2314 bytes; live heap 758729947)
lockfile:405 (13027 bytes; live heap 755047260)
lockfile:406 (30389 bytes; live heap 731713904)
row-model:52 (155047 bytes; live heap 727663454)
bitproof:259 (7860628 bytes; live heap 709817185)
lockfile:407 (5671 bytes; live heap 713235737)
lockfile:408 (2936 bytes; live heap 713844753)
lockfile:409 (2338 bytes; live heap 714105316)
lockfile:410 (5702 bytes; live heap 714202814)
lockfile:411 (2365 bytes; live heap 714393732)
bitproof:260 (3128 bytes; live heap 653580910)
bitproof:261 (143298 bytes; live heap 652139621)
row-model:53 (153335 bytes; live heap 612502755)
lockfile:412 (1005697 bytes; live heap 610053325)
row-model:54 (163299 bytes; live heap 609736808)
lockfile:413 (295033 bytes; live heap 592334144)
lockfile:414 (173126 bytes; live heap 550039614)
lockfile:415 (2269 bytes; live heap 544463818)
lockfile:416 (2910 bytes; live heap 542252798)
bitproof:262 (763166 bytes; live heap 540927116)
lockfile:417 (2018 bytes; live heap 540532992)
lockfile:418 (1392409 bytes; live heap 532810732)
lockfile:419 (2403 bytes; live heap 530822360)
lockfile:420 (25419 bytes; live heap 529574856)
lockfile:421 (29827 bytes; live heap 525599573)
lockfile:422 (13103 bytes; live heap 523306324)
row-model:55 (153307 bytes; live heap 521586599)
row-model:56 (155047 bytes; live heap 521358857)
lockfile:423 (25559 bytes; live heap 518979314)
lockfile:424 (12341 bytes; live heap 520893439)
lockfile:425 (2967 bytes; live heap 522441888)
lockfile:426 (5778 bytes; live heap 523489232)
lockfile:427 (2378 bytes; live heap 525056294)
lockfile:428 (13180 bytes; live heap 525815856)
lockfile:429 (1717 bytes; live heap 531027826)
lockfile:430 (35529 bytes; live heap 534478028)
lockfile:431 (25382 bytes; live heap 552935293)
lockfile:432 (13179 bytes; live heap 568764797)
lockfile:433 (3188 bytes; live heap 571003178)
lockfile:434 (24007 bytes; live heap 571491577)
lockfile:435 (2269 bytes; live heap 576537804)
lockfile:436 (2370 bytes; live heap 576231987)
lockfile:437 (2948 bytes; live heap 575712232)
lockfile:438 (2633 bytes; live heap 583487636)
lockfile:439 (5642 bytes; live heap 582473803)
lockfile:440 (2941 bytes; live heap 581099925)
lockfile:441 (2884 bytes; live heap 579394561)
lockfile:442 (5736 bytes; live heap 577671665)
lockfile:443 (13031 bytes; live heap 575449590)
lockfile:444 (2376 bytes; live heap 568772375)
lockfile:445 (2279 bytes; live heap 570472163)
lockfile:446 (5639 bytes; live heap 567984271)
bitproof:263 (10343671 bytes; live heap 496813644)
row-model:57 (163290 bytes; live heap 482201231)
row-model:58 (153170 bytes; live heap 482046408)
row-model:59 (153299 bytes; live heap 481827625)
eval:864 (31 bytes; live heap 439075669)
eval:865 (2 bytes; live heap 438950454)
eval:866 (20 bytes; live heap 438815828)
eval:867 (2781 bytes; live heap 438743786)
eval:868 (59 bytes; live heap 438306460)
eval:869 (23 bytes; live heap 438174107)
eval:870 (4 bytes; live heap 438073662)
eval:871 (19 bytes; live heap 437790726)
eval:872 (44 bytes; live heap 437696485)
eval:873 (4 bytes; live heap 437385681)
eval:874 (36 bytes; live heap 437044778)
eval:875 (3 bytes; live heap 436840250)
eval:876 (400010 bytes; live heap 434065997)
bitproof:264 (136712 bytes; live heap 427479879)
bitproof:265 (265745 bytes; live heap 433478337)
bitproof:266 (137404 bytes; live heap 432713531)
certificate:158 (1748418 bytes; live heap 431722701)
bitproof:267 (780180 bytes; live heap 461747366)
bitproof:268 (74994 bytes; live heap 441676556)
bitproof:269 (759142 bytes; live heap 450554211)
bitproof:270 (75293 bytes; live heap 454088336)
bitproof:271 (8829 bytes; live heap 451009678)
bitproof:272 (759456 bytes; live heap 457171198)
bitproof:273 (191 bytes; live heap 460940132)
bitproof:274 (134 bytes; live heap 460932636)
bitproof:275 (143292 bytes; live heap 461289613)
bitproof:276 (141872 bytes; live heap 452157791)
certificate:159 (93466 bytes; live heap 452778790)
bitproof:277 (145 bytes; live heap 452586254)
bitproof:278 (144440 bytes; live heap 453429132)
row-model:60 (1492697 bytes; live heap 456535895)
lockfile:447 (2181878 bytes; live heap 459292510)
lockfile:448 (2926 bytes; live heap 459104700)
lockfile:449 (13112 bytes; live heap 461059990)
lockfile:450 (7040 bytes; live heap 463637109)
lockfile:451 (35543 bytes; live heap 463657845)
row-model:61 (155048 bytes; live heap 459668839)
row-model:62 (155070 bytes; live heap 458818725)
certificate:160 (154456 bytes; live heap 456236619)
lockfile:452 (284893 bytes; live heap 454894722)
certificate:161 (93461 bytes; live heap 454781422)
lockfile:453 (25541 bytes; live heap 448842004)
lockfile:454 (202373 bytes; live heap 443127540)
lockfile:455 (13268 bytes; live heap 439118551)
lockfile:456 (5673 bytes; live heap 434974832)
lockfile:457 (2943 bytes; live heap 431966243)
lockfile:458 (3007 bytes; live heap 429510032)
lockfile:459 (2862 bytes; live heap 427476622)
lockfile:460 (2775 bytes; live heap 426048062)
lockfile:461 (25315 bytes; live heap 424498577)
lockfile:462 (2361 bytes; live heap 418296520)
lockfile:463 (5549 bytes; live heap 415899806)
lockfile:464 (2874 bytes; live heap 406920739)
lockfile:465 (23136 bytes; live heap 404216638)
lockfile:466 (25537 bytes; live heap 399463368)
certificate:162 (476 bytes; live heap 398584039)
bitproof:279 (780173 bytes; live heap 396611128)
certificate:163 (148568 bytes; live heap 395716611)
certificate:164 (93464 bytes; live heap 394303422)
lockfile:467 (2921 bytes; live heap 391977177)
lockfile:468 (25312 bytes; live heap 390637061)
lockfile:469 (2045 bytes; live heap 387392364)
lockfile:470 (2358 bytes; live heap 387035900)
lockfile:471 (13111 bytes; live heap 385889292)
lockfile:472 (25528 bytes; live heap 383669077)
bitproof:280 (176 bytes; live heap 377078246)
lockfile:473 (2635 bytes; live heap 378572834)
bitproof:281 (259410 bytes; live heap 375978950)
lockfile:474 (3004 bytes; live heap 375724064)
bitproof:282 (147 bytes; live heap 374533495)
lockfile:475 (13115 bytes; live heap 375203475)
bitproof:283 (132926 bytes; live heap 374458095)
bitproof:284 (169 bytes; live heap 373746111)
bitproof:285 (132923 bytes; live heap 373535571)
lockfile:476 (3003 bytes; live heap 373146639)
lockfile:477 (5672 bytes; live heap 373573679)
lockfile:478 (25634 bytes; live heap 373352093)
lockfile:479 (25540 bytes; live heap 373494903)
lockfile:480 (5679 bytes; live heap 373310212)
certificate:165 (107917 bytes; live heap 373136156)
lockfile:481 (2916 bytes; live heap 373018770)
certificate:166 (93740 bytes; live heap 372626288)
lockfile:482 (3276 bytes; live heap 372585099)
certificate:167 (448 bytes; live heap 372183923)
lockfile:483 (5683 bytes; live heap 372145406)
certificate:168 (93462 bytes; live heap 371846256)
lockfile:484 (25547 bytes; live heap 371810017)
lockfile:485 (2895 bytes; live heap 369049840)
lockfile:486 (2354 bytes; live heap 363665977)
lockfile:487 (13270 bytes; live heap 361471222)
certificate:169 (8969 bytes; live heap 361220780)
certificate:170 (96453 bytes; live heap 361213825)
lockfile:488 (5742 bytes; live heap 358520899)
lockfile:489 (12964 bytes; live heap 354793474)
lockfile:490 (2577 bytes; live heap 351045453)
lockfile:491 (25537 bytes; live heap 350465958)
certificate:171 (104274 bytes; live heap 345301940)
lockfile:492 (25329 bytes; live heap 342224072)
lockfile:493 (2687 bytes; live heap 338568965)
lockfile:494 (2373 bytes; live heap 337792055)
lockfile:495 (2383 bytes; live heap 336184387)
lockfile:496 (2912 bytes; live heap 335193792)
lockfile:497 (5660 bytes; live heap 331259494)
lockfile:498 (2039 bytes; live heap 328537103)
lockfile:499 (2901 bytes; live heap 326885349)
lockfile:500 (25544 bytes; live heap 325483986)
bitproof:286 (780212 bytes; live heap 324695419)
row-model:63 (154081 bytes; live heap 324030654)
row-model:64 (111825 bytes; live heap 322460088)
lockfile:501 (2896 bytes; live heap 322316205)
row-model:65 (152013 bytes; live heap 320846579)
lockfile:502 (2340 bytes; live heap 320810302)
lockfile:503 (2918 bytes; live heap 320159389)
lockfile:504 (5695 bytes; live heap 319187884)
lockfile:505 (13099 bytes; live heap 317538333)
lockfile:506 (25382 bytes; live heap 315758668)
lockfile:507 (2926 bytes; live heap 312468749)
lockfile:508 (12373 bytes; live heap 311003548)
lockfile:509 (2929 bytes; live heap 310076794)
certificate:172 (476 bytes; live heap 309797834)
certificate:173 (149125 bytes; live heap 310850370)
bitproof:287 (594650 bytes; live heap 305212741)
bitproof:288 (264462 bytes; live heap 302859561)
bitproof:289 (8792 bytes; live heap 302556443)
bitproof:290 (90648 bytes; live heap 302688281)
bitproof:291 (1602 bytes; live heap 302576585)
certificate:174 (97928 bytes; live heap 310895793)
certificate:175 (108484 bytes; live heap 309545337)
certificate:176 (148548 bytes; live heap 308679214)
certificate:177 (98367 bytes; live heap 306278418)
row-model:66 (353299 bytes; live heap 298253168)
certificate:178 (476 bytes; live heap 285234240)
bitproof:292 (763149 bytes; live heap 285496143)
certificate:179 (450 bytes; live heap 285237597)
certificate:180 (93399 bytes; live heap 284728694)
certificate:181 (97939 bytes; live heap 285993710)
certificate:182 (104269 bytes; live heap 286143378)
certificate:183 (97908 bytes; live heap 284700790)
eval:877 (4 bytes; live heap 237328014)
eval:878 (1 bytes; live heap 237164463)
eval:879 (338 bytes; live heap 236784194)
eval:880 (2323 bytes; live heap 236660994)
eval:881 (21 bytes; live heap 236420899)
eval:882 (42 bytes; live heap 236262477)
eval:883 (28 bytes; live heap 236226527)
eval:884 (805 bytes; live heap 235011700)
eval:885 (2 bytes; live heap 234901681)
eval:886 (36 bytes; live heap 234832867)
eval:887 (1 bytes; live heap 234781417)
eval:888 (16391 bytes; live heap 234713888)
eval:889 (3 bytes; live heap 234580947)
eval:890 (2 bytes; live heap 234517340)
eval:891 (30 bytes; live heap 234470142)
eval:892 (45 bytes; live heap 234428636)
eval:893 (27 bytes; live heap 234323683)
eval:894 (450 bytes; live heap 234208139)
eval:895 (339 bytes; live heap 234099639)
eval:896 (4 bytes; live heap 233143328)
eval:897 (68 bytes; live heap 232808011)
core:103 (3379582 bytes; live heap 232297514)
eval:898 (309 bytes; live heap 232114522)
eval:899 (24 bytes; live heap 227841959)
eval:900 (2 bytes; live heap 227808171)
eval:901 (24 bytes; live heap 227786242)
eval:902 (80016 bytes; live heap 227780797)
core:104 (1165 bytes; live heap 231004820)
core:105 (23 bytes; live heap 232155131)
core:106 (2266 bytes; live heap 230776006)
core:107 (295 bytes; live heap 230331454)
core:108 (2376 bytes; live heap 229509422)
certificate:184 (296430 bytes; live heap 222467417)
bitproof:293 (143306 bytes; live heap 218851765)
bitproof:294 (96 bytes; live heap 218204504)
bitproof:295 (1107 bytes; live heap 218152785)
bitproof:296 (173 bytes; live heap 218099541)
bitproof:297 (28866 bytes; live heap 217824581)
bitproof:298 (173 bytes; live heap 217637087)
bitproof:299 (8798 bytes; live heap 217402911)
bitproof:300 (136715 bytes; live heap 216754629)
certificate:185 (451 bytes; live heap 218095693)
bitproof:301 (594592 bytes; live heap 214661188)
bitproof:302 (1113 bytes; live heap 212964012)
bitproof:303 (895 bytes; live heap 213054460)
bitproof:304 (594331 bytes; live heap 216073535)
bitproof:305 (8784 bytes; live heap 215878489)
bitproof:306 (96 bytes; live heap 215910424)
bitproof:307 (140 bytes; live heap 215918284)
row-model:67 (151428 bytes; live heap 220721380)
row-model:68 (153328 bytes; live heap 222411318)
lockfile:510 (1865528 bytes; live heap 261672367)
logic:172 (2209164 bytes; live heap 235364961)
logic:173 (17587 bytes; live heap 189613978)
lockfile:511 (13092 bytes; live heap 179123970)
lockfile:512 (25531 bytes; live heap 174665760)
bitproof:308 (7739804 bytes; live heap 169837513)
lockfile:513 (2946 bytes; live heap 170317266)
lockfile:514 (13159 bytes; live heap 170395215)
lockfile:515 (2470 bytes; live heap 170427244)
lockfile:516 (25382 bytes; live heap 171695195)
lockfile:517 (25529 bytes; live heap 172464966)
row-model:69 (155047 bytes; live heap 178428467)
row-model:70 (153235 bytes; live heap 179433562)
row-model:71 (155047 bytes; live heap 179631293)
row-model:72 (153298 bytes; live heap 180728454)
row-model:73 (353299 bytes; live heap 181946756)
core:109 (1201126 bytes; live heap 187345747)
lockfile:518 (325663 bytes; live heap 194932313)
lockfile:519 (13111 bytes; live heap 194151047)
bitproof:309 (3077 bytes; live heap 188411509)
bitproof:310 (8836 bytes; live heap 188616725)
bitproof:311 (26144 bytes; live heap 188983504)
bitproof:312 (50609 bytes; live heap 189526890)
bitproof:313 (132914 bytes; live heap 189553060)
bitproof:314 (96 bytes; live heap 189135106)
bitproof:315 (139 bytes; live heap 189135186)
bitproof:316 (759454 bytes; live heap 180931240)
core:110 (1167 bytes; live heap 181317549)
core:111 (202270 bytes; live heap 182623441)
core:112 (368 bytes; live heap 181960742)
core:113 (1432 bytes; live heap 181847331)
bitproof:317 (3832 bytes; live heap 177102035)
bitproof:318 (1591 bytes; live heap 175314555)
bitproof:319 (133 bytes; live heap 175275832)
lockfile:520 (524832 bytes; live heap 177662906)
bitproof:320 (1241455 bytes; live heap 176186911)
lockfile:521 (25408 bytes; live heap 165589805)
row-model:74 (153230 bytes; live heap 164892480)
lockfile:522 (35516 bytes; live heap 162088616)
lockfile:523 (2375 bytes; live heap 162846396)
bitproof:321 (759127 bytes; live heap 161872756)
lockfile:524 (25226 bytes; live heap 159229453)
bitproof:322 (153762 bytes; live heap 158332440)
bitproof:323 (158 bytes; live heap 158369985)
lockfile:525 (13136 bytes; live heap 171006501)
lockfile:526 (2346 bytes; live heap 180669747)
lockfile:527 (25536 bytes; live heap 189515060)
lockfile:528 (2902 bytes; live heap 219462056)
lockfile:529 (3502 bytes; live heap 223270971)
lockfile:530 (295662 bytes; live heap 233676115)
lockfile:531 (5644 bytes; live heap 240090712)
lockfile:532 (173086 bytes; live heap 241496635)
lockfile:533 (5688 bytes; live heap 243141909)
lockfile:534 (2201 bytes; live heap 241058565)
lockfile:535 (74575 bytes; live heap 225607737)
lockfile:536 (25460 bytes; live heap 214898232)
lockfile:537 (2952 bytes; live heap 171646628)
lockfile:538 (2866 bytes; live heap 167510254)
bitproof:324 (7860623 bytes; live heap 162148025)
lockfile:539 (13053 bytes; live heap 162061623)
lockfile:540 (25528 bytes; live heap 162582949)
lockfile:541 (2912 bytes; live heap 164141210)
logic:174 (391589 bytes; live heap 163695496)
lockfile:542 (13111 bytes; live heap 163806230)
lockfile:543 (25411 bytes; live heap 167808500)
logic:175 (2319 bytes; live heap 180620155)
logic:176 (212 bytes; live heap 180785117)
logic:177 (557 bytes; live heap 181161705)
row-model:75 (153366 bytes; live heap 190743202)
lockfile:544 (126029 bytes; live heap 192885336)
lockfile:545 (2371 bytes; live heap 200698720)
lockfile:546 (2369 bytes; live heap 199916484)
lockfile:547 (34633 bytes; live heap 196135533)
lockfile:548 (2361 bytes; live heap 180904733)
lockfile:549 (2341 bytes; live heap 169775726)
lockfile:550 (3807 bytes; live heap 172978038)
lockfile:551 (2371 bytes; live heap 176293929)
lockfile:552 (25482 bytes; live heap 177110669)
lockfile:553 (13331 bytes; live heap 179296426)
lockfile:554 (42904 bytes; live heap 180901221)
lockfile:555 (38433 bytes; live heap 186892428)
lockfile:556 (23955 bytes; live heap 184815274)
lockfile:557 (5576 bytes; live heap 186870977)
lockfile:558 (2372 bytes; live heap 187502853)
lockfile:559 (12267 bytes; live heap 187926717)
eval:903 (5 bytes; live heap 181890900)
eval:904 (2 bytes; live heap 181888487)
eval:905 (23 bytes; live heap 181884337)
eval:906 (13 bytes; live heap 181889532)
eval:907 (31 bytes; live heap 181883531)
eval:908 (28 bytes; live heap 181887536)
eval:909 (22 bytes; live heap 181881927)
eval:910 (34 bytes; live heap 181873353)
eval:911 (6 bytes; live heap 181879605)
eval:912 (28 bytes; live heap 182430387)
eval:913 (10007 bytes; live heap 182448965)
eval:914 (18 bytes; live heap 182445290)
eval:915 (27 bytes; live heap 182562496)
eval:916 (40 bytes; live heap 182652667)
eval:917 (287 bytes; live heap 182745700)
eval:918 (27 bytes; live heap 182859750)
eval:919 (530 bytes; live heap 183036731)
lockfile:560 (5429 bytes; live heap 183047935)
eval:920 (46 bytes; live heap 183041934)
eval:921 (27 bytes; live heap 183038733)
eval:922 (28 bytes; live heap 183047501)
eval:923 (2 bytes; live heap 183042303)
eval:924 (823 bytes; live heap 183002020)
eval:925 (50 bytes; live heap 183017120)
eval:926 (7 bytes; live heap 183021108)
eval:927 (51 bytes; live heap 183012082)
lockfile:561 (77543 bytes; live heap 185499516)
lockfile:562 (13030 bytes; live heap 185393193)
lockfile:563 (5616 bytes; live heap 184875515)
eval:928 (420022 bytes; live heap 185110575)
lockfile:564 (2397 bytes; live heap 185151534)
lockfile:565 (2368 bytes; live heap 188881875)
certificate:186 (1219861 bytes; live heap 189135284)
lockfile:566 (2735 bytes; live heap 189283666)
lockfile:567 (2930 bytes; live heap 190791182)
lockfile:568 (2954 bytes; live heap 192705098)
lockfile:569 (5673 bytes; live heap 194145024)
lockfile:570 (18334 bytes; live heap 197329263)
lockfile:571 (2946 bytes; live heap 195736492)
eval:929 (22 bytes; live heap 193416866)
eval:930 (156 bytes; live heap 193424097)
lockfile:572 (2372 bytes; live heap 193439883)
eval:931 (20 bytes; live heap 193448189)
eval:932 (21 bytes; live heap 193460814)
eval:933 (4 bytes; live heap 193460418)
eval:934 (19 bytes; live heap 193401882)
eval:935 (15 bytes; live heap 193453436)
eval:936 (128 bytes; live heap 193694449)
eval:937 (751 bytes; live heap 193961631)
eval:938 (13 bytes; live heap 193977615)
lockfile:573 (3471 bytes; live heap 194005775)
eval:939 (36 bytes; live heap 194009050)
eval:940 (21 bytes; live heap 194079485)
eval:941 (200023 bytes; live heap 194446095)
eval:942 (2 bytes; live heap 194389898)
eval:943 (18 bytes; live heap 194459197)
eval:944 (319 bytes; live heap 194527842)
eval:945 (175 bytes; live heap 194633441)
eval:946 (6 bytes; live heap 194688432)
eval:947 (22 bytes; live heap 194747158)
eval:948 (48 bytes; live heap 194802549)
eval:949 (48 bytes; live heap 194823772)
eval:950 (7 bytes; live heap 194968249)
eval:951 (7 bytes; live heap 195025121)
eval:952 (8 bytes; live heap 195104701)
eval:953 (22 bytes; live heap 195163711)
lockfile:574 (3192 bytes; live heap 195220554)
eval:954 (951 bytes; live heap 195633578)
eval:955 (2 bytes; live heap 195816713)
eval:956 (19 bytes; live heap 195858872)
eval:957 (22 bytes; live heap 195937319)
lockfile:575 (2352 bytes; live heap 195941424)
eval:958 (19 bytes; live heap 196059023)
eval:959 (25 bytes; live heap 196105952)
eval:960 (10028 bytes; live heap 196184350)
eval:961 (162 bytes; live heap 196308835)
eval:962 (22 bytes; live heap 196529125)
eval:963 (4 bytes; live heap 196686716)
eval:964 (4 bytes; live heap 196724078)
eval:965 (22 bytes; live heap 196777674)
eval:966 (200004 bytes; live heap 197082011)
eval:967 (362 bytes; live heap 196963043)
lockfile:576 (25503 bytes; live heap 196956253)
eval:968 (27 bytes; live heap 196999167)
eval:969 (5 bytes; live heap 197081253)
eval:970 (2 bytes; live heap 197119609)
eval:971 (22 bytes; live heap 197072965)
row-model:76 (49300 bytes; live heap 197248708)
eval:972 (3017 bytes; live heap 197207439)
eval:973 (15 bytes; live heap 197232080)
core:114 (500531 bytes; live heap 194000901)
eval:974 (145 bytes; live heap 193946959)
eval:975 (37 bytes; live heap 193406707)
core:115 (1225 bytes; live heap 193203163)
row-model:77 (155047 bytes; live heap 193162412)
bitproof:325 (748878 bytes; live heap 192523270)
eval:976 (4 bytes; live heap 192524814)
eval:977 (2 bytes; live heap 192542518)
bitproof:326 (74876 bytes; live heap 192539425)
core:116 (101923 bytes; live heap 193367320)
bitproof:327 (140 bytes; live heap 192963910)
lockfile:577 (2941 bytes; live heap 192903218)
bitproof:328 (884 bytes; live heap 192921412)
bitproof:329 (3099 bytes; live heap 193305858)
core:117 (1467 bytes; live heap 193282793)
bitproof:330 (3084 bytes; live heap 193303279)
bitproof:331 (120 bytes; live heap 193413011)
bitproof:332 (233 bytes; live heap 193635006)
core:118 (1432 bytes; live heap 193660853)
lockfile:578 (3066 bytes; live heap 194840166)
core:119 (4022 bytes; live heap 195927506)
core:120 (985 bytes; live heap 196890754)
core:121 (3 bytes; live heap 196980139)
core:122 (96 bytes; live heap 197066701)
core:123 (4061 bytes; live heap 197140801)
lockfile:579 (2605 bytes; live heap 198102070)
eval:978 (12312 bytes; live heap 199805118)
eval:979 (2 bytes; live heap 199954200)
eval:980 (11 bytes; live heap 199903420)
eval:981 (22 bytes; live heap 200052329)
eval:982 (7 bytes; live heap 199923702)
eval:983 (2 bytes; live heap 199842149)
eval:984 (21 bytes; live heap 199458971)
row-model:78 (427132 bytes; live heap 199279959)
eval:985 (22 bytes; live heap 199819153)
lockfile:580 (2352 bytes; live heap 199806150)
eval:986 (25 bytes; live heap 199710459)
eval:987 (16 bytes; live heap 199643716)
eval:988 (160 bytes; live heap 199430721)
eval:989 (3 bytes; live heap 198361699)
eval:990 (26 bytes; live heap 198314277)
lockfile:581 (5681 bytes; live heap 198138998)
eval:991 (20 bytes; live heap 198006097)
eval:992 (17 bytes; live heap 197795150)
core:124 (4027 bytes; live heap 195395221)
lockfile:582 (2406 bytes; live heap 194510401)
bitproof:333 (594345 bytes; live heap 193546345)
lockfile:583 (2849 bytes; live heap 192291082)
bitproof:334 (203425 bytes; live heap 191354935)
eval:993 (4502 bytes; live heap 191317462)
core:125 (1695 bytes; live heap 191304793)
eval:994 (19 bytes; live heap 191199199)
lockfile:584 (13105 bytes; live heap 191243082)
core:126 (2599 bytes; live heap 191354244)
eval:995 (3101 bytes; live heap 189889120)
bitproof:335 (145 bytes; live heap 189854347)
core:127 (1232 bytes; live heap 189846975)
eval:996 (10 bytes; live heap 189748461)
eval:997 (3 bytes; live heap 189613964)
bitproof:336 (8025 bytes; live heap 189589906)
bitproof:337 (176 bytes; live heap 189427751)
core:128 (1876 bytes; live heap 189465290)
eval:998 (1834 bytes; live heap 189547243)
eval:999 (12 bytes; live heap 189713178)
eval: 1000 cases in 5.543060208s; 282 mutants accepted; slowest seed 8.568667ms; slowest case 594 1.224204583s; largest heap case 863 35763655 bytes
     111 expected u64 JSON value
     101 argument count mismatch
      87 arguments must be an array
      52 expected u32 JSON value
      39 expected i32
      25 expected JSON array
      19 expected Boolean JSON value
      16 expected f32
      13 expected value at line 1 column 2
      12 recursion limit exceeded at line 1 column 128
      11 expected value at line 1 column 1
      10 expected `,` or `]` at line 1 column 3
       8 vector dimension mismatch
       7 EOF while parsing a value at line 1 column 0
       7 expected `,` or `]` at line 1 column 4
       6 expected `,` or `]` at line 1 column 7
       5 expected `,` or `]` at line 1 column 14
       5 expected value at line 1 column 3
       5 trailing characters at line 1 column 3
       4 EOF while parsing a list at line 1 column 1
       4 expected ident at line 1 column 2
       4 trailing characters at line 1 column 5
       3 EOF while parsing a list at line 1 column 2
       3 EOF while parsing a value at line 1 column 7
       3 expected `,` or `]` at line 1 column 12
core:129 (4047 bytes; live heap 189655501)
core:130 (410 bytes; live heap 189741375)
lockfile:585 (25546 bytes; live heap 189820364)
test fuzz_evaluation_arguments ... ok
lockfile:586 (2980 bytes; live heap 194150580)
lockfile:587 (2928 bytes; live heap 191027238)
bitproof:338 (759455 bytes; live heap 188846943)
lockfile:588 (2361 bytes; live heap 188904664)
lockfile:589 (5637 bytes; live heap 189491602)
lockfile:590 (23098 bytes; live heap 188544106)
certificate:187 (98495 bytes; live heap 189820043)
lockfile:591 (2371 bytes; live heap 190201021)
certificate:188 (97897 bytes; live heap 190659889)
lockfile:592 (2866 bytes; live heap 190798061)
certificate:189 (104302 bytes; live heap 190203570)
lockfile:593 (25381 bytes; live heap 190283051)
bitproof:339 (132938 bytes; live heap 189162030)
bitproof:340 (3052 bytes; live heap 189184360)
lockfile:594 (2338 bytes; live heap 194977662)
lockfile:595 (25212 bytes; live heap 193212433)
bitproof:341 (611827 bytes; live heap 192178976)
lockfile:596 (2130 bytes; live heap 196187396)
lockfile:597 (5711 bytes; live heap 197340436)
lockfile:598 (2554 bytes; live heap 197834171)
lockfile:599 (5695 bytes; live heap 199134312)
lockfile:600 (13030 bytes; live heap 200334363)
certificate:190 (148558 bytes; live heap 200609361)
certificate:191 (98485 bytes; live heap 202590797)
lockfile:601 (13030 bytes; live heap 203462349)
certificate:192 (97918 bytes; live heap 206197538)
lockfile:602 (13108 bytes; live heap 207238985)
lockfile:603 (13030 bytes; live heap 209861555)
certificate:193 (93458 bytes; live heap 234880017)
certificate:194 (480 bytes; live heap 235628780)
certificate:195 (453 bytes; live heap 235684630)
certificate:196 (149133 bytes; live heap 237573039)
certificate:197 (148549 bytes; live heap 237551552)
row-model:79 (153238 bytes; live heap 237092188)
row-model:80 (118721 bytes; live heap 238192031)
bitproof:342 (780173 bytes; live heap 237698023)
row-model:81 (153308 bytes; live heap 238463249)
row-model:82 (155546 bytes; live heap 240889707)
row-model:83 (155061 bytes; live heap 241496660)
row-model:84 (242256 bytes; live heap 242797781)
row-model:85 (152632 bytes; live heap 244422705)
logic:178 (1603367 bytes; live heap 250531926)
bitproof:343 (136712 bytes; live heap 267363319)
bitproof:344 (135 bytes; live heap 268206140)
bitproof:345 (594333 bytes; live heap 275124163)
certificate:198 (92804 bytes; live heap 305399829)
certificate:199 (476 bytes; live heap 306864035)
certificate:200 (96431 bytes; live heap 307839315)
certificate:201 (97889 bytes; live heap 325700570)
certificate:202 (93463 bytes; live heap 328156111)
certificate:203 (96690 bytes; live heap 329706249)
certificate:204 (154467 bytes; live heap 333440838)
certificate:205 (296430 bytes; live heap 334167036)
certificate:206 (475 bytes; live heap 347099408)
row-model:86 (353322 bytes; live heap 427389742)
bitproof:346 (6934651 bytes; live heap 423568882)
certificate:207 (104296 bytes; live heap 435319633)
certificate:208 (448 bytes; live heap 431982873)
certificate:209 (149125 bytes; live heap 430349988)
certificate:210 (1907 bytes; live heap 430237331)
certificate:211 (435 bytes; live heap 429819566)
certificate:212 (93461 bytes; live heap 429563744)
logic:179 (935 bytes; live heap 409606714)
logic:180 (1499 bytes; live heap 409252896)
logic:181 (254 bytes; live heap 409130631)
logic:182 (4612 bytes; live heap 408813329)
logic:183 (7906 bytes; live heap 406499935)
logic:184 (522 bytes; live heap 406161244)
logic:185 (8326 bytes; live heap 404760167)
logic:186 (2571 bytes; live heap 404349659)
logic:187 (4067 bytes; live heap 404015094)
logic:188 (680 bytes; live heap 402706558)
logic:189 (617 bytes; live heap 402530576)
logic:190 (106 bytes; live heap 402461429)
logic:191 (1847 bytes; live heap 402199210)
certificate:213 (492 bytes; live heap 395948612)
certificate:214 (149124 bytes; live heap 400483476)
bitproof:347 (1129470 bytes; live heap 392806780)
row-model:87 (153315 bytes; live heap 394705838)
row-model:88 (153238 bytes; live heap 394128102)
logic:192 (152015 bytes; live heap 386243217)
bitproof:348 (758954 bytes; live heap 385594345)
logic:193 (19442 bytes; live heap 383379715)
logic:194 (4191 bytes; live heap 381549219)
logic:195 (2453 bytes; live heap 381365215)
logic:196 (383 bytes; live heap 380595888)
logic:197 (3723 bytes; live heap 379484418)
logic:198 (2601 bytes; live heap 377863226)
logic:199 (646 bytes; live heap 377650569)
logic:200 (2828 bytes; live heap 377021071)
logic:201 (966 bytes; live heap 376467549)
logic:202 (2836 bytes; live heap 375982553)
logic:203 (3320 bytes; live heap 375875741)
logic:204 (1454 bytes; live heap 394465470)
logic:205 (1584 bytes; live heap 394075923)
logic:206 (1927 bytes; live heap 393832280)
logic:207 (2461 bytes; live heap 393746744)
logic:208 (10993 bytes; live heap 394367345)
logic:209 (661 bytes; live heap 394029697)
bitproof:349 (1195316 bytes; live heap 382328346)
logic:210 (1967 bytes; live heap 382454260)
logic:211 (722 bytes; live heap 382607331)
logic:212 (3018 bytes; live heap 382938357)
logic:213 (2135 bytes; live heap 382893970)
logic:214 (4529 bytes; live heap 383697877)
logic:215 (2963 bytes; live heap 383666864)
logic:216 (1002 bytes; live heap 383506976)
bitproof:350 (760103 bytes; live heap 379015526)
bitproof:351 (265745 bytes; live heap 378964916)
certificate:215 (157912 bytes; live heap 422291197)
certificate:216 (104306 bytes; live heap 423872011)
certificate:217 (488 bytes; live heap 432063091)
certificate:218 (98484 bytes; live heap 436827648)
logic:217 (152150 bytes; live heap 435489783)
logic:218 (244 bytes; live heap 434704728)
logic:219 (528 bytes; live heap 434045263)
logic:220 (1504 bytes; live heap 433575592)
logic:221 (2066 bytes; live heap 432352815)
logic:222 (1608 bytes; live heap 431751437)
row-model:89 (153308 bytes; live heap 429071196)
certificate:219 (96426 bytes; live heap 428048345)
certificate:220 (96430 bytes; live heap 415681105)
certificate:221 (149125 bytes; live heap 413837694)
bitproof:352 (9139883 bytes; live heap 397234977)
certificate:222 (149125 bytes; live heap 411515901)
certificate:223 (149120 bytes; live heap 413374837)
certificate:224 (149129 bytes; live heap 414669552)
lockfile:604 (2840827 bytes; live heap 432347589)
row-model:90 (153337 bytes; live heap 439010602)
row-model:91 (153359 bytes; live heap 437817196)
certificate:225 (149116 bytes; live heap 437782111)
certificate:226 (149389 bytes; live heap 437776375)
certificate:227 (446 bytes; live heap 437416838)
certificate:228 (154488 bytes; live heap 437578457)
certificate:229 (100917 bytes; live heap 417726830)
certificate:230 (99158 bytes; live heap 424300326)
certificate:231 (102786 bytes; live heap 425307784)
certificate:232 (97908 bytes; live heap 428431851)
certificate:233 (10448 bytes; live heap 470547818)
certificate:234 (93463 bytes; live heap 468496736)
certificate:235 (93462 bytes; live heap 468058100)
certificate:236 (154467 bytes; live heap 467741587)
certificate:237 (94095 bytes; live heap 466020920)
certificate:238 (93453 bytes; live heap 465576509)
certificate:239 (736 bytes; live heap 465226716)
certificate:240 (155959 bytes; live heap 465046927)
bitproof:353 (810184 bytes; live heap 463449877)
bitproof:354 (3021 bytes; live heap 469197241)
bitproof:355 (771331 bytes; live heap 471391361)
row-model:92 (153315 bytes; live heap 473513296)
bitproof:356 (102509 bytes; live heap 470779200)
row-model:93 (152437 bytes; live heap 470815320)
certificate:241 (148549 bytes; live heap 471419643)
bitproof:357 (3086 bytes; live heap 471478341)
bitproof:358 (144 bytes; live heap 471661391)
row-model:94 (152703 bytes; live heap 472404791)
bitproof:359 (12798 bytes; live heap 473062871)
bitproof:360 (8839 bytes; live heap 473473079)
bitproof:361 (135 bytes; live heap 473797865)
row-model:95 (153598 bytes; live heap 474427390)
bitproof:362 (45426 bytes; live heap 474078498)
row-model:96 (153299 bytes; live heap 474838980)
bitproof:363 (136717 bytes; live heap 475833781)
bitproof:364 (74959 bytes; live heap 478112415)
bitproof:365 (135 bytes; live heap 478364626)
bitproof:366 (143280 bytes; live heap 478947577)
bitproof:367 (135 bytes; live heap 478994521)
lockfile:605 (68032 bytes; live heap 463624044)
lockfile:606 (2902 bytes; live heap 464378761)
logic:223 (759909 bytes; live heap 464544764)
lockfile:607 (5615 bytes; live heap 465778620)
lockfile:608 (13100 bytes; live heap 466514415)
lockfile:609 (2952 bytes; live heap 468239478)
lockfile:610 (5577 bytes; live heap 466878012)
logic:224 (66 bytes; live heap 466959893)
logic:225 (3198 bytes; live heap 467787774)
lockfile:611 (2366 bytes; live heap 469229665)
logic:226 (4037 bytes; live heap 469231843)
lockfile:612 (2922 bytes; live heap 468947128)
logic:227 (4061 bytes; live heap 468956537)
logic:228 (997 bytes; live heap 469169715)
logic:229 (1145 bytes; live heap 469572945)
logic:230 (11452 bytes; live heap 469834817)
lockfile:613 (25381 bytes; live heap 469914080)
logic:231 (1873 bytes; live heap 470031659)
logic:232 (3344 bytes; live heap 470369724)
lockfile:614 (2173 bytes; live heap 476791461)
lockfile:615 (2840 bytes; live heap 477554428)
lockfile:616 (225530 bytes; live heap 480027202)
lockfile:617 (16419 bytes; live heap 486061733)
lockfile:618 (12906 bytes; live heap 489189111)
lockfile:619 (5694 bytes; live heap 487002544)
bitproof:368 (240175 bytes; live heap 484775523)
bitproof:369 (8836 bytes; live heap 484443451)
bitproof:370 (176 bytes; live heap 484768124)
bitproof:371 (759274 bytes; live heap 497068601)
certificate:242 (206453 bytes; live heap 497171341)
logic:233 (152018 bytes; live heap 502901461)
logic:234 (519 bytes; live heap 502738068)
logic:235 (295 bytes; live heap 502731583)
logic:236 (2073 bytes; live heap 502766013)
bitproof:372 (3092 bytes; live heap 501716807)
logic:237 (539 bytes; live heap 501902570)
logic:238 (1554 bytes; live heap 503015006)
logic:239 (2585 bytes; live heap 503328739)
logic:240 (4056 bytes; live heap 504713720)
logic:241 (1762 bytes; live heap 505041588)
logic:242 (329 bytes; live heap 505234978)
logic:243 (2308 bytes; live heap 505839036)
logic:244 (2603 bytes; live heap 506943804)
logic:245 (392 bytes; live heap 508350852)
certificate:243 (97564 bytes; live heap 516344829)
bitproof:373 (743832 bytes; live heap 499824277)
logic:246 (2062711 bytes; live heap 496024081)
logic:247 (5913 bytes; live heap 493232564)
logic:248 (1884 bytes; live heap 493073738)
logic:249 (495 bytes; live heap 492962896)
logic:250 (894 bytes; live heap 493135716)
logic:251 (2243 bytes; live heap 492797037)
logic:252 (2513 bytes; live heap 492750320)
certificate:244 (473 bytes; live heap 489931050)
certificate:245 (164467 bytes; live heap 489880131)
bitproof:374 (152212 bytes; live heap 484589560)
certificate:246 (98302 bytes; live heap 499864388)
certificate:247 (148557 bytes; live heap 499933315)
certificate:248 (148499 bytes; live heap 502616616)
certificate:249 (151557 bytes; live heap 510135628)
row-model:97 (153241 bytes; live heap 498228514)
lockfile:620 (325412 bytes; live heap 497548339)
row-model:98 (153307 bytes; live heap 496131242)
row-model:99 (153299 bytes; live heap 493325735)
lockfile:621 (2924 bytes; live heap 488035779)
lockfile:622 (23113 bytes; live heap 486506873)
lockfile:623 (2352 bytes; live heap 481116647)
lockfile:624 (5568 bytes; live heap 479379363)
lockfile:625 (25318 bytes; live heap 475341013)
lockfile:626 (25542 bytes; live heap 462241397)
lockfile:627 (13111 bytes; live heap 451439750)
lockfile:628 (2848 bytes; live heap 445642850)
lockfile:629 (25351 bytes; live heap 443948578)
lockfile:630 (2879 bytes; live heap 437477346)
lockfile:631 (25395 bytes; live heap 435341174)
bitproof:375 (7208627 bytes; live heap 430884467)
lockfile:632 (43758 bytes; live heap 430514085)
lockfile:633 (5506 bytes; live heap 431486185)
lockfile:634 (25454 bytes; live heap 434081371)
lockfile:635 (5454 bytes; live heap 432453694)
certificate:250 (80475 bytes; live heap 446862591)
certificate:251 (93400 bytes; live heap 447003069)
certificate:252 (149125 bytes; live heap 449384829)
row-model:100 (153315 bytes; live heap 446237440)
row-model:101 (252630 bytes; live heap 445645778)
logic:253 (391386 bytes; live heap 424694475)
bitproof:376 (134 bytes; live heap 413452047)
bitproof:377 (1195339 bytes; live heap 413810007)
bitproof:378 (170425 bytes; live heap 408158034)
bitproof:379 (96 bytes; live heap 404542502)
logic:254 (6258 bytes; live heap 403880907)
bitproof:380 (30134 bytes; live heap 403364999)
logic:255 (3713 bytes; live heap 403280245)
bitproof:381 (144 bytes; live heap 403112653)
logic:256 (2592 bytes; live heap 403050943)
logic:257 (172 bytes; live heap 402992445)
logic:258 (2812 bytes; live heap 402717937)
logic:259 (4529 bytes; live heap 401333509)
logic:260 (2240 bytes; live heap 400277453)
logic:261 (2305 bytes; live heap 399978989)
logic:262 (839 bytes; live heap 399694355)
logic:263 (5941 bytes; live heap 397277933)
bitproof:382 (12859 bytes; live heap 396840180)
logic:264 (7938 bytes; live heap 397066515)
bitproof:383 (74976 bytes; live heap 396539865)
logic:265 (2785 bytes; live heap 396490441)
logic:266 (534 bytes; live heap 396435529)
logic:267 (582 bytes; live heap 396092196)
logic:268 (3 bytes; live heap 396340974)
logic:269 (14566 bytes; live heap 396454419)
logic:270 (751 bytes; live heap 396270577)
logic:271 (639 bytes; live heap 396011879)
logic:272 (3275 bytes; live heap 395771592)
bitproof:384 (74546 bytes; live heap 395568031)
row-model:102 (2214152 bytes; live heap 394240599)
logic:273 (1174 bytes; live heap 393879035)
logic:274 (2040 bytes; live heap 393495354)
bitproof:385 (96 bytes; live heap 392966591)
bitproof:386 (3088 bytes; live heap 392858271)
logic:275 (4245 bytes; live heap 392029160)
bitproof:387 (9331 bytes; live heap 391948789)
bitproof:388 (3092 bytes; live heap 391616744)
bitproof:389 (75703 bytes; live heap 394817258)
bitproof:390 (26130 bytes; live heap 394225670)
certificate:253 (93461 bytes; live heap 396385850)
certificate:254 (93495 bytes; live heap 397199862)
certificate:255 (93492 bytes; live heap 397454391)
certificate:256 (149133 bytes; live heap 398958870)
certificate:257 (474 bytes; live heap 398145760)
certificate:258 (149147 bytes; live heap 397526335)
certificate:259 (149008 bytes; live heap 397192535)
bitproof:391 (763126 bytes; live heap 397699249)
lockfile:636 (2325548 bytes; live heap 408208102)
lockfile:637 (26776 bytes; live heap 409189261)
lockfile:638 (3359 bytes; live heap 409106292)
lockfile:639 (25667 bytes; live heap 409136680)
bitproof:392 (3833 bytes; live heap 406641702)
bitproof:393 (120 bytes; live heap 406626225)
lockfile:640 (25543 bytes; live heap 408734546)
lockfile:641 (5676 bytes; live heap 403559499)
bitproof:394 (45428 bytes; live heap 401857069)
bitproof:395 (136 bytes; live heap 401698322)
bitproof:396 (143 bytes; live heap 401642472)
lockfile:642 (2939 bytes; live heap 402160204)
bitproof:397 (669005 bytes; live heap 396825778)
certificate:260 (448 bytes; live heap 396061485)
certificate:261 (71662 bytes; live heap 396357928)
bitproof:398 (75045 bytes; live heap 397005479)
lockfile:643 (18004 bytes; live heap 396894440)
certificate:262 (148552 bytes; live heap 395986931)
lockfile:644 (2894 bytes; live heap 396444348)
bitproof:399 (136723 bytes; live heap 395319313)
lockfile:645 (25536 bytes; live heap 395195314)
lockfile:646 (2653 bytes; live heap 395814616)
lockfile:647 (5696 bytes; live heap 394804337)
lockfile:648 (5655 bytes; live heap 391446363)
lockfile:649 (2937 bytes; live heap 387099433)
bitproof:400 (810164 bytes; live heap 384103279)
lockfile:650 (13128 bytes; live heap 384582227)
lockfile:651 (5811 bytes; live heap 384146913)
lockfile:652 (5645 bytes; live heap 383513421)
lockfile:653 (25539 bytes; live heap 382835346)
row-model:103 (1492696 bytes; live heap 380372921)
lockfile:654 (2425 bytes; live heap 379964073)
lockfile:655 (13148 bytes; live heap 380313235)
certificate:263 (98496 bytes; live heap 390540085)
certificate:264 (98252 bytes; live heap 391900719)
bitproof:401 (4036 bytes; live heap 395024543)
bitproof:402 (153 bytes; live heap 395005902)
bitproof:403 (45446 bytes; live heap 394318474)
bitproof:404 (14490 bytes; live heap 394212413)
bitproof:405 (74696 bytes; live heap 394399041)
bitproof:406 (26137 bytes; live heap 394684922)
bitproof:407 (3833 bytes; live heap 394785234)
bitproof:408 (23055 bytes; live heap 395031378)
bitproof:409 (3075 bytes; live heap 395440651)
bitproof:410 (134 bytes; live heap 395561552)
bitproof:411 (4784 bytes; live heap 395766697)
bitproof:412 (96 bytes; live heap 395875509)
bitproof:413 (3141 bytes; live heap 396455114)
certificate:265 (98492 bytes; live heap 407410097)
certificate:266 (148291 bytes; live heap 408091472)
certificate:267 (485 bytes; live heap 410528933)
certificate:268 (149120 bytes; live heap 404025478)
bitproof:414 (748873 bytes; live heap 404118538)
logic:276 (1201892 bytes; live heap 400869419)
certificate:269 (471 bytes; live heap 402512416)
certificate:270 (148178 bytes; live heap 401607233)
certificate:271 (148549 bytes; live heap 400553062)
row-model:104 (2214152 bytes; live heap 396727851)
bitproof:415 (140 bytes; live heap 392810268)
bitproof:416 (771329 bytes; live heap 391885213)
certificate:272 (93462 bytes; live heap 393077926)
bitproof:417 (1113 bytes; live heap 389962753)
bitproof:418 (128298 bytes; live heap 389695586)
bitproof:419 (1823 bytes; live heap 388389725)
bitproof:420 (75457 bytes; live heap 354640148)
bitproof:421 (4034 bytes; live heap 353915880)
bitproof:422 (744702 bytes; live heap 352278102)
bitproof:423 (1658 bytes; live heap 354575542)
certificate:273 (148559 bytes; live heap 357887796)
certificate:274 (93461 bytes; live heap 357683172)
certificate:275 (149129 bytes; live heap 324723104)
certificate:276 (488 bytes; live heap 325505168)
lockfile:656 (1605645 bytes; live heap 323337229)
certificate:277 (149148 bytes; live heap 323297481)
row-model:105 (153328 bytes; live heap 309609994)
bitproof:424 (763537 bytes; live heap 311570507)
certificate:278 (152949 bytes; live heap 314587208)
bitproof:425 (8848 bytes; live heap 286143611)
certificate:279 (98481 bytes; live heap 279594857)
logic:277 (604 bytes; live heap 266898539)
logic:278 (200868 bytes; live heap 267047476)
logic:279 (2220 bytes; live heap 266527118)
logic:280 (3100 bytes; live heap 266205648)
logic:281 (2237 bytes; live heap 264928037)
logic:282 (4760 bytes; live heap 264686051)
logic:283 (5541 bytes; live heap 264068618)
logic:284 (2173 bytes; live heap 263913185)
logic:285 (1537 bytes; live heap 256271083)
logic:286 (1686 bytes; live heap 256226010)
logic:287 (352 bytes; live heap 256230679)
logic:288 (202513 bytes; live heap 256408652)
lockfile:657 (2386 bytes; live heap 253061272)
logic:289 (6781 bytes; live heap 253032623)
lockfile:658 (13055 bytes; live heap 252949897)
logic:290 (4654 bytes; live heap 252799303)
logic:291 (3576 bytes; live heap 252622564)
lockfile:659 (2346 bytes; live heap 253007673)
lockfile:660 (25366 bytes; live heap 253686425)
lockfile:661 (2935 bytes; live heap 251401188)
lockfile:662 (5551 bytes; live heap 251648197)
lockfile:663 (2870 bytes; live heap 249608358)
logic:292 (14061 bytes; live heap 249176763)
lockfile:664 (15403 bytes; live heap 248600677)
logic:293 (4741 bytes; live heap 247560331)
lockfile:665 (13138 bytes; live heap 247288006)
logic:294 (16537 bytes; live heap 246760566)
lockfile:666 (12270 bytes; live heap 246933967)
logic:295 (18157 bytes; live heap 246395950)
lockfile:667 (25400 bytes; live heap 245247430)
certificate:280 (97923 bytes; live heap 245157641)
certificate:281 (93461 bytes; live heap 244053342)
logic:296 (2483 bytes; live heap 244015033)
logic:297 (535 bytes; live heap 243992820)
logic:298 (4543 bytes; live heap 243969757)
logic:299 (158 bytes; live heap 243694049)
logic:300 (420 bytes; live heap 243671028)
lockfile:668 (2387 bytes; live heap 243234616)
logic:301 (4259 bytes; live heap 243077026)
logic:302 (904 bytes; live heap 242963170)
logic:303 (3094 bytes; live heap 242780007)
logic:304 (2266 bytes; live heap 242688856)
logic:305 (1856 bytes; live heap 242622200)
logic:306 (269 bytes; live heap 242540280)
lockfile:669 (12853 bytes; live heap 242437800)
lockfile:670 (13173 bytes; live heap 239157657)
logic:307 (267461 bytes; live heap 238716115)
logic:308 (1865 bytes; live heap 236823591)
logic:309 (2203 bytes; live heap 236499003)
lockfile:671 (25548 bytes; live heap 235654904)
row-model:106 (67310 bytes; live heap 235245623)
logic:310 (869 bytes; live heap 235145356)
logic:311 (12932 bytes; live heap 235071316)
logic:312 (3717 bytes; live heap 234462942)
row-model:107 (153290 bytes; live heap 234176384)
logic:313 (4189 bytes; live heap 233861791)
logic:314 (389 bytes; live heap 231723742)
logic:315 (1145 bytes; live heap 231366294)
logic:316 (647 bytes; live heap 231163352)
lockfile:672 (2893 bytes; live heap 230977742)
logic:317 (2622 bytes; live heap 230853197)
logic:318 (2586 bytes; live heap 230785054)
logic:319 (468 bytes; live heap 230721417)
logic:320 (8298 bytes; live heap 230217319)
logic:321 (889 bytes; live heap 229747295)
logic:322 (202526 bytes; live heap 229759747)
logic:323 (10082 bytes; live heap 229338242)
logic:324 (4533 bytes; live heap 229506589)
logic:325 (615 bytes; live heap 229339770)
logic:326 (8208 bytes; live heap 229645035)
logic:327 (217 bytes; live heap 229548733)
logic:328 (2190 bytes; live heap 229895185)
logic:329 (2920 bytes; live heap 231601960)
logic:330 (1115 bytes; live heap 231628849)
logic:331 (2520 bytes; live heap 231448316)
logic:332 (2107 bytes; live heap 231454609)
certificate:282 (98191 bytes; live heap 228751569)
bitproof:426 (703136 bytes; live heap 227594165)
lockfile:673 (1382825 bytes; live heap 221976149)
lockfile:674 (13154 bytes; live heap 219463912)
lockfile:675 (5187 bytes; live heap 215447665)
bitproof:427 (132926 bytes; live heap 213985842)
bitproof:428 (94054 bytes; live heap 212279087)
lockfile:676 (5070 bytes; live heap 210528185)
bitproof:429 (138 bytes; live heap 210116843)
bitproof:430 (74047 bytes; live heap 210048483)
certificate:283 (154468 bytes; live heap 217173119)
lockfile:677 (13112 bytes; live heap 217167957)
bitproof:431 (940920 bytes; live heap 210770949)
lockfile:678 (5598 bytes; live heap 210474589)
bitproof:432 (168 bytes; live heap 205362692)
lockfile:679 (2359 bytes; live heap 205216441)
bitproof:433 (96 bytes; live heap 205160634)
bitproof:434 (164 bytes; live heap 205065698)
lockfile:680 (2294 bytes; live heap 205982554)
logic:333 (51070 bytes; live heap 208577959)
logic:334 (18336 bytes; live heap 208266565)
logic:335 (337 bytes; live heap 207954312)
logic:336 (752 bytes; live heap 207871538)
logic:337 (10184 bytes; live heap 207765097)
logic:338 (421 bytes; live heap 207499303)
logic:339 (3738 bytes; live heap 206588523)
lockfile:681 (36028 bytes; live heap 208626366)
bitproof:435 (594864 bytes; live heap 205114274)
lockfile:682 (2939 bytes; live heap 207288711)
lockfile:683 (2822 bytes; live heap 208639973)
lockfile:684 (5691 bytes; live heap 209479986)
bitproof:436 (1112 bytes; live heap 207907726)
bitproof:437 (8834 bytes; live heap 208193417)
certificate:284 (93510 bytes; live heap 210614707)
certificate:285 (443 bytes; live heap 210876622)
lockfile:685 (5707 bytes; live heap 211016508)
row-model:108 (1492708 bytes; live heap 211489924)
lockfile:686 (2756 bytes; live heap 211540218)
row-model:109 (153320 bytes; live heap 212309396)
certificate:286 (349125 bytes; live heap 213652706)
lockfile:687 (13099 bytes; live heap 213282491)
row-model:110 (153503 bytes; live heap 213160644)
row-model:111 (153299 bytes; live heap 212050165)
certificate:287 (478 bytes; live heap 211748610)
certificate:288 (104268 bytes; live heap 211310554)
bitproof:438 (594355 bytes; live heap 209712007)
lockfile:688 (10624 bytes; live heap 209936263)
certificate:289 (148546 bytes; live heap 210011052)
lockfile:689 (25661 bytes; live heap 210667205)
lockfile:690 (13134 bytes; live heap 211434016)
bitproof:439 (143280 bytes; live heap 210521713)
lockfile:691 (2372 bytes; live heap 216400837)
lockfile:692 (12961 bytes; live heap 215853712)
bitproof:440 (594008 bytes; live heap 212495649)
lockfile:693 (13247 bytes; live heap 212915870)
lockfile:694 (2942 bytes; live heap 215297783)
lockfile:695 (25528 bytes; live heap 214908130)
bitproof:441 (594006 bytes; live heap 216102114)
bitproof:442 (870 bytes; live heap 222252136)
bitproof:443 (8792 bytes; live heap 223722455)
bitproof:444 (143285 bytes; live heap 224193700)
certificate:290 (149196 bytes; live heap 230316442)
lockfile:696 (2146993 bytes; live heap 229865022)
certificate:291 (6761 bytes; live heap 235026149)
certificate:292 (97910 bytes; live heap 233892444)
certificate:293 (85798 bytes; live heap 234470912)
lockfile:697 (2391 bytes; live heap 230709570)
certificate:294 (349125 bytes; live heap 231204147)
certificate:295 (96690 bytes; live heap 231209941)
lockfile:698 (5644 bytes; live heap 231487447)
lockfile:699 (2455 bytes; live heap 232835167)
lockfile:700 (2962 bytes; live heap 233924089)
lockfile:701 (13213 bytes; live heap 235211474)
lockfile:702 (2282 bytes; live heap 236708327)
lockfile:703 (25529 bytes; live heap 237554607)
lockfile:704 (5605 bytes; live heap 238178047)
lockfile:705 (2910 bytes; live heap 236031795)
lockfile:706 (13144 bytes; live heap 233808739)
lockfile:707 (12915 bytes; live heap 230753737)
lockfile:708 (12341 bytes; live heap 227707992)
lockfile:709 (5711 bytes; live heap 225446546)
certificate:296 (148388 bytes; live heap 225053734)
lockfile:710 (2936 bytes; live heap 224255821)
lockfile:711 (2902 bytes; live heap 222185372)
lockfile:712 (25597 bytes; live heap 218925150)
row-model:112 (153299 bytes; live heap 213449784)
lockfile:713 (2357 bytes; live heap 211782349)
lockfile:714 (2941 bytes; live heap 210513104)
lockfile:715 (13111 bytes; live heap 207432811)
lockfile:716 (5757 bytes; live heap 204595466)
lockfile:717 (13035 bytes; live heap 203226387)
lockfile:718 (295033 bytes; live heap 199933809)
lockfile:719 (25528 bytes; live heap 195517679)
bitproof:445 (740169 bytes; live heap 193876491)
lockfile:720 (5714 bytes; live heap 188519141)
lockfile:721 (2914 bytes; live heap 186982820)
lockfile:722 (2380 bytes; live heap 186106023)
lockfile:723 (2926 bytes; live heap 184838099)
lockfile:724 (5675 bytes; live heap 183917620)
certificate:297 (155977 bytes; live heap 183229349)
core:131 (3618841 bytes; live heap 173332090)
bitproof:446 (136712 bytes; live heap 173119608)
bitproof:447 (2115 bytes; live heap 171441351)
lockfile:725 (67950 bytes; live heap 175572283)
lockfile:726 (25531 bytes; live heap 173681382)
bitproof:448 (759450 bytes; live heap 167838205)
lockfile:727 (13161 bytes; live heap 167275049)
lockfile:728 (2439 bytes; live heap 166657787)
lockfile:729 (12964 bytes; live heap 166387225)
lockfile:730 (25528 bytes; live heap 165742559)
bitproof:449 (120 bytes; live heap 162444943)
lockfile:731 (25528 bytes; live heap 164736646)
certificate:298 (97937 bytes; live heap 163100139)
bitproof:450 (759454 bytes; live heap 158177605)
certificate:299 (148549 bytes; live heap 158348933)
row-model:113 (152964 bytes; live heap 158531218)
certificate:300 (149125 bytes; live heap 159309073)
certificate:301 (102814 bytes; live heap 158820969)
lockfile:732 (284924 bytes; live heap 158668629)
lockfile:733 (5642 bytes; live heap 157917789)
lockfile:734 (5623 bytes; live heap 156348299)
bitproof:451 (3090 bytes; live heap 153299817)
lockfile:735 (2371 bytes; live heap 153338098)
certificate:302 (472 bytes; live heap 153147749)
certificate:303 (475 bytes; live heap 154478659)
lockfile:736 (5645 bytes; live heap 153203613)
bitproof:452 (198378 bytes; live heap 153051858)
lockfile:737 (2397 bytes; live heap 152352870)
certificate:304 (149765 bytes; live heap 152595864)
lockfile:738 (2251 bytes; live heap 152788249)
lockfile:739 (25546 bytes; live heap 156714126)
bitproof:453 (594329 bytes; live heap 151315780)
lockfile:740 (24950 bytes; live heap 149794020)
bitproof:454 (144 bytes; live heap 144621569)
lockfile:741 (14931 bytes; live heap 145696271)
lockfile:742 (25531 bytes; live heap 149626550)
lockfile:743 (13047 bytes; live heap 141944074)
bitproof:455 (759462 bytes; live heap 141293178)
lockfile:744 (5689 bytes; live heap 140875588)
logic:340 (1606949 bytes; live heap 137028312)
lockfile:745 (5663 bytes; live heap 137049592)
lockfile:746 (13178 bytes; live heap 138371674)
lockfile:747 (12344 bytes; live heap 139070298)
bitproof:456 (140 bytes; live heap 137515870)
lockfile:748 (5661 bytes; live heap 138969828)
lockfile:749 (2418 bytes; live heap 141189594)
lockfile:750 (5713 bytes; live heap 142760165)
lockfile:751 (25395 bytes; live heap 145834938)
bitproof:457 (594217 bytes; live heap 142236371)
certificate:305 (476 bytes; live heap 142263958)
certificate:306 (104273 bytes; live heap 142982564)
certificate:307 (98507 bytes; live heap 143336421)
lockfile:752 (122424 bytes; live heap 149316882)
bitproof:458 (8837 bytes; live heap 147811453)
bitproof:459 (256380 bytes; live heap 150675491)
bitproof:460 (143 bytes; live heap 150692737)
bitproof:461 (75009 bytes; live heap 150943408)
bitproof:462 (197 bytes; live heap 150958721)
bitproof:463 (3131 bytes; live heap 150970938)
bitproof:464 (50609 bytes; live heap 151079891)
bitproof:465 (3092 bytes; live heap 151096620)
bitproof:466 (8829 bytes; live heap 151157407)
bitproof:467 (8792 bytes; live heap 151207566)
certificate:308 (97908 bytes; live heap 222862130)
row-model:114 (153303 bytes; live heap 229608686)
logic:341 (2688 bytes; live heap 174931668)
logic:342 (2803 bytes; live heap 171352430)
logic:343 (4476 bytes; live heap 168050394)
logic:344 (2669 bytes; live heap 165998815)
certificate:309 (93461 bytes; live heap 165349395)
bitproof:468 (7860628 bytes; live heap 158009706)
logic:345 (86381 bytes; live heap 167985843)
certificate:310 (31047 bytes; live heap 181311801)
certificate:311 (104337 bytes; live heap 182177567)
logic:346 (2061869 bytes; live heap 183300252)
bitproof:469 (3128 bytes; live heap 149244935)
bitproof:470 (143 bytes; live heap 149019915)
bitproof:471 (134 bytes; live heap 148984355)
logic:347 (2512 bytes; live heap 145883315)
logic:348 (3071 bytes; live heap 145950871)
logic:349 (688 bytes; live heap 145879034)
logic:350 (1131 bytes; live heap 145885369)
logic:351 (15804 bytes; live heap 145809229)
bitproof:472 (8003 bytes; live heap 145579333)
bitproof:473 (120 bytes; live heap 145561060)
logic:352 (4590 bytes; live heap 146781979)
logic:353 (8085 bytes; live heap 147882958)
logic:354 (1687 bytes; live heap 148909172)
logic:355 (1624 bytes; live heap 149772641)
logic:356 (204739 bytes; live heap 150262359)
logic:357 (10353 bytes; live heap 147304959)
logic:358 (1848 bytes; live heap 145249689)
logic:359 (5815 bytes; live heap 144326439)
logic:360 (2471 bytes; live heap 143715521)
certificate:312 (148561 bytes; live heap 143573069)
certificate:313 (98484 bytes; live heap 142055340)
bitproof:474 (593982 bytes; live heap 141958522)
logic:361 (8053 bytes; live heap 142009012)
logic:362 (200368 bytes; live heap 142237882)
logic:363 (2029 bytes; live heap 142083420)
logic:364 (3032 bytes; live heap 142153678)
logic:365 (4232 bytes; live heap 142175528)
logic:366 (1864 bytes; live heap 142210532)
logic:367 (200890 bytes; live heap 142447767)
logic:368 (6414 bytes; live heap 142405508)
logic:369 (530 bytes; live heap 142536698)
logic:370 (910 bytes; live heap 142574089)
logic:371 (2619 bytes; live heap 142622547)
logic:372 (2515 bytes; live heap 142666297)
logic:373 (710 bytes; live heap 142678830)
logic:374 (300 bytes; live heap 142657564)
logic:375 (6950 bytes; live heap 142150428)
bitproof:475 (156 bytes; live heap 139806273)
bitproof:476 (884 bytes; live heap 139780705)
bitproof:477 (96 bytes; live heap 139736096)
bitproof:478 (133 bytes; live heap 139733402)
logic:376 (78746 bytes; live heap 140347920)
bitproof:479 (45461 bytes; live heap 135434928)
logic:377 (24641 bytes; live heap 135327105)
row-model:115 (153238 bytes; live heap 139813532)
certificate:314 (2260 bytes; live heap 142114543)
certificate:315 (102820 bytes; live heap 141281173)
certificate:316 (155951 bytes; live heap 139857426)
bitproof:480 (1172334 bytes; live heap 139671422)
bitproof:481 (74998 bytes; live heap 139796424)
bitproof:482 (4034 bytes; live heap 139039186)
bitproof:483 (3097 bytes; live heap 138825175)
bitproof:484 (11588 bytes; live heap 138666943)
bitproof:485 (1107 bytes; live heap 138544098)
bitproof:486 (1794 bytes; live heap 138265093)
bitproof:487 (143314 bytes; live heap 138274610)
bitproof:488 (146 bytes; live heap 134517323)
core:132 (276 bytes; live heap 126868121)
core:133 (1883 bytes; live heap 127084087)
core:134 (1182 bytes; live heap 127809892)
core:135 (11484 bytes; live heap 127930731)
core:136 (600 bytes; live heap 128433590)
core:137 (1876 bytes; live heap 129089118)
lockfile:753 (902921 bytes; live heap 127348422)
core:138 (1889 bytes; live heap 127431142)
core:139 (2560 bytes; live heap 128406503)
lockfile:754 (13111 bytes; live heap 126975559)
bitproof:489 (159878 bytes; live heap 126821803)
bitproof:490 (68 bytes; live heap 130547169)
bitproof:491 (120 bytes; live heap 130593639)
bitproof:492 (3086 bytes; live heap 130604472)
bitproof:493 (1108 bytes; live heap 130639926)
bitproof:494 (1562 bytes; live heap 130179821)
bitproof:495 (1121 bytes; live heap 130002373)
core:140 (43877 bytes; live heap 127768973)
core:141 (982 bytes; live heap 127667839)
bitproof:496 (6070 bytes; live heap 127662133)
bitproof:497 (156 bytes; live heap 127163721)
core:142 (1175 bytes; live heap 128155467)
certificate:317 (148572 bytes; live heap 129002914)
core:143 (24927 bytes; live heap 132328663)
core:144 (2537 bytes; live heap 133955804)
certificate:318 (148549 bytes; live heap 134255953)
core:145 (2936 bytes; live heap 132482790)
core:146 (209 bytes; live heap 132320070)
core:147 (532 bytes; live heap 131358651)
core:148 (3188 bytes; live heap 131107586)
core:149 (613 bytes; live heap 129403459)
bitproof:498 (627035 bytes; live heap 128227290)
logic:378 (362704 bytes; live heap 130994892)
logic:379 (589 bytes; live heap 131588485)
logic:380 (1079 bytes; live heap 131900805)
bitproof:499 (132 bytes; live heap 131127562)
logic:381 (2174 bytes; live heap 132791398)
bitproof:500 (136720 bytes; live heap 132099500)
logic:382 (2237 bytes; live heap 132799470)
bitproof:501 (142 bytes; live heap 132397960)
bitproof:502 (212 bytes; live heap 132393199)
bitproof:503 (130 bytes; live heap 132456028)
logic:383 (1830 bytes; live heap 132575755)
logic:384 (771 bytes; live heap 133642974)
logic:385 (2313 bytes; live heap 135706003)
logic:386 (2662 bytes; live heap 136725445)
logic:387 (2113 bytes; live heap 143400827)
logic:388 (2059 bytes; live heap 144230328)
logic:389 (8121 bytes; live heap 154027788)
logic:390 (10908 bytes; live heap 154290135)
logic:391 (7 bytes; live heap 154233466)
row-model:116 (10 bytes; live heap 199811757)
row-model:117 (155047 bytes; live heap 201539889)
row-model:118 (153299 bytes; live heap 204488521)
certificate:319 (102786 bytes; live heap 236995289)
lockfile:755 (2146922 bytes; live heap 237559173)
lockfile:756 (2382 bytes; live heap 232388534)
certificate:320 (97552 bytes; live heap 242829220)
lockfile:757 (159360 bytes; live heap 247609153)
bitproof:504 (6574282 bytes; live heap 247926336)
lockfile:758 (25536 bytes; live heap 266356024)
lockfile:759 (5691 bytes; live heap 270121861)
lockfile:760 (5945 bytes; live heap 272782472)
lockfile:761 (2925 bytes; live heap 276601324)
lockfile:762 (25571 bytes; live heap 278304617)
lockfile:763 (202269 bytes; live heap 282652314)
lockfile:764 (5691 bytes; live heap 283173971)
lockfile:765 (25596 bytes; live heap 284527713)
row-model:119 (152592 bytes; live heap 285231316)
row-model:120 (153300 bytes; live heap 285354421)
lockfile:766 (19990 bytes; live heap 287308309)
lockfile:767 (2372 bytes; live heap 288240152)
lockfile:768 (5671 bytes; live heap 288303531)
lockfile:769 (5675 bytes; live heap 288418644)
lockfile:770 (19967 bytes; live heap 289017224)
lockfile:771 (5518 bytes; live heap 288796787)
bitproof:505 (6894 bytes; live heap 266958215)
bitproof:506 (173 bytes; live heap 267143460)
bitproof:507 (131 bytes; live heap 267152006)
bitproof:508 (7936 bytes; live heap 267476964)
bitproof:509 (759473 bytes; live heap 269539808)
bitproof:510 (3087 bytes; live heap 268426801)
bitproof:511 (143280 bytes; live heap 268108462)
bitproof:512 (74998 bytes; live heap 266717800)
bitproof:513 (3590 bytes; live heap 270310907)
bitproof:514 (594331 bytes; live heap 267220495)
bitproof:515 (1115 bytes; live heap 261520548)
bitproof:516 (265745 bytes; live heap 261764108)
bitproof:517 (133 bytes; live heap 260442589)
bitproof:518 (3094 bytes; live heap 260327387)
bitproof:519 (136 bytes; live heap 260259937)
bitproof:520 (28866 bytes; live heap 260187422)
bitproof:521 (134 bytes; live heap 260047038)
bitproof:522 (8827 bytes; live heap 259859267)
bitproof:523 (3066 bytes; live heap 259620531)
bitproof:524 (149 bytes; live heap 259551309)
bitproof:525 (132 bytes; live heap 259551036)
bitproof:526 (1123 bytes; live heap 259514844)
bitproof:527 (136719 bytes; live heap 259275338)
row-model:121 (155047 bytes; live heap 258414094)
bitproof:528 (7933 bytes; live heap 258188109)
logic:392 (1602670 bytes; live heap 267158354)
bitproof:529 (1195274 bytes; live heap 257551141)
bitproof:530 (3052 bytes; live heap 256157846)
bitproof:531 (132 bytes; live heap 256146247)
bitproof:532 (748911 bytes; live heap 272010589)
row-model:122 (153236 bytes; live heap 287447662)
row-model:123 (153315 bytes; live heap 287382304)
row-model:124 (153311 bytes; live heap 287311948)
row-model:125 (155052 bytes; live heap 287297215)
bitproof:533 (759460 bytes; live heap 286584057)
certificate:321 (154467 bytes; live heap 339434135)
certificate:322 (149125 bytes; live heap 330111042)
bitproof:534 (6015755 bytes; live heap 281215676)
logic:393 (516 bytes; live heap 273999423)
logic:394 (7186 bytes; live heap 275052238)
logic:395 (19738 bytes; live heap 277176087)
row-model:126 (153309 bytes; live heap 279532030)
row-model:127 (153308 bytes; live heap 281893420)
lockfile:772 (702892 bytes; live heap 282829382)
row-model:128 (153301 bytes; live heap 283026981)
logic:396 (17480 bytes; live heap 284895667)
logic:397 (1217 bytes; live heap 285340916)
logic:398 (2392 bytes; live heap 285940514)
logic:399 (18561 bytes; live heap 288095640)
certificate:323 (155954 bytes; live heap 288820569)
logic:400 (2887 bytes; live heap 290712550)
certificate:324 (476 bytes; live heap 291578812)
certificate:325 (149385 bytes; live heap 295480180)
lockfile:773 (5749 bytes; live heap 291082845)
lockfile:774 (2380 bytes; live heap 293435233)
lockfile:775 (2354 bytes; live heap 295508346)
lockfile:776 (2893 bytes; live heap 296567890)
lockfile:777 (25528 bytes; live heap 298368891)
lockfile:778 (5660 bytes; live heap 303148904)
lockfile:779 (2373 bytes; live heap 304660219)
lockfile:780 (2748 bytes; live heap 306052080)
lockfile:781 (2506 bytes; live heap 307095003)
logic:401 (137157 bytes; live heap 306166796)
logic:402 (239 bytes; live heap 314422236)
logic:403 (1123 bytes; live heap 315007565)
logic:404 (7712 bytes; live heap 318699185)
logic:405 (2325 bytes; live heap 318923129)
certificate:326 (148153 bytes; live heap 345886183)
certificate:327 (93461 bytes; live heap 345702668)
bitproof:535 (595090 bytes; live heap 326874651)
bitproof:536 (142064 bytes; live heap 327128592)
lockfile:782 (393111 bytes; live heap 327099649)
bitproof:537 (4943 bytes; live heap 327469934)
row-model:129 (161272 bytes; live heap 396939147)
certificate:328 (99308 bytes; live heap 402832443)
logic:406 (201887 bytes; live heap 404125530)
certificate:329 (149008 bytes; live heap 404135719)
lockfile:783 (25349 bytes; live heap 404866471)
logic:407 (2220 bytes; live heap 405184875)
logic:408 (3944 bytes; live heap 414133217)
logic:409 (2425 bytes; live heap 414381882)
logic:410 (1836 bytes; live heap 414598502)
logic:411 (484 bytes; live heap 414787837)
logic:412 (4214 bytes; live heap 415968824)
lockfile:784 (2370 bytes; live heap 419557182)
lockfile:785 (13039 bytes; live heap 406207983)
logic:413 (19716 bytes; live heap 402597510)
logic:414 (2598 bytes; live heap 397020764)
logic:415 (5056 bytes; live heap 383637788)
lockfile:786 (25609 bytes; live heap 369816031)
logic:416 (10858 bytes; live heap 363401562)
logic:417 (546 bytes; live heap 359377787)
bitproof:538 (11955335 bytes; live heap 357959093)
logic:418 (3087 bytes; live heap 359323659)
logic:419 (3876 bytes; live heap 360450684)
logic:420 (559 bytes; live heap 360937994)
logic:421 (2516 bytes; live heap 362009731)
logic:422 (1557 bytes; live heap 362624400)
logic:423 (2533 bytes; live heap 363687545)
lockfile:787 (3010 bytes; live heap 365647402)
lockfile:788 (12790 bytes; live heap 368892738)
lockfile:789 (5691 bytes; live heap 373369732)
logic:424 (37276 bytes; live heap 373783568)
lockfile:790 (13145 bytes; live heap 377554282)
logic:425 (828 bytes; live heap 379326268)
logic:426 (1905 bytes; live heap 380159318)
logic:427 (16566 bytes; live heap 384745185)
logic:428 (2625 bytes; live heap 385235674)
lockfile:791 (25520 bytes; live heap 385860498)
logic:429 (1370 bytes; live heap 386106501)
logic:430 (1233 bytes; live heap 386448883)
logic:431 (3299 bytes; live heap 387819587)
logic:432 (3345 bytes; live heap 391989401)
logic:433 (2863 bytes; live heap 392570505)
logic:434 (3051 bytes; live heap 393233643)
logic:435 (2194 bytes; live heap 395221529)
logic:436 (1375 bytes; live heap 396099281)
logic:437 (4098 bytes; live heap 379428834)
lockfile:792 (25859 bytes; live heap 376247768)
bitproof:539 (594216 bytes; live heap 368244480)
lockfile:793 (7182 bytes; live heap 369073452)
certificate:330 (97932 bytes; live heap 370991018)
certificate:331 (476 bytes; live heap 371331013)
lockfile:794 (13032 bytes; live heap 371561932)
certificate:332 (350 bytes; live heap 372006571)
lockfile:795 (2916 bytes; live heap 374289334)
certificate:333 (97915 bytes; live heap 374302087)
certificate:334 (107908 bytes; live heap 374505731)
lockfile:796 (5696 bytes; live heap 374907423)
bitproof:540 (144 bytes; live heap 373955194)
lockfile:797 (2304 bytes; live heap 374013818)
bitproof:541 (136733 bytes; live heap 373480898)
lockfile:798 (3384 bytes; live heap 372859560)
lockfile:799 (2949 bytes; live heap 373849433)
lockfile:800 (2362 bytes; live heap 375738456)
lockfile:801 (3163 bytes; live heap 377800985)
lockfile:802 (2757 bytes; live heap 379077653)
lockfile:803 (5811 bytes; live heap 380786533)
lockfile:804 (11672 bytes; live heap 382824534)
lockfile:805 (13030 bytes; live heap 384305240)
lockfile:806 (5623 bytes; live heap 386880187)
lockfile:807 (25528 bytes; live heap 389288458)
row-model:130 (152630 bytes; live heap 392866012)
lockfile:808 (5586 bytes; live heap 394935623)
lockfile:809 (25536 bytes; live heap 398834779)
certificate:335 (97916 bytes; live heap 401690609)
lockfile:810 (5736 bytes; live heap 402816580)
certificate:336 (148522 bytes; live heap 403332422)
certificate:337 (708 bytes; live heap 403458009)
lockfile:811 (3145 bytes; live heap 403990064)
certificate:338 (155954 bytes; live heap 403989343)
lockfile:812 (2394 bytes; live heap 405543613)
lockfile:813 (5572 bytes; live heap 405810792)
lockfile:814 (5910 bytes; live heap 406322453)
logic:438 (362340 bytes; live heap 405996820)
logic:439 (1206 bytes; live heap 410650124)
logic:440 (200839 bytes; live heap 412220033)
logic:441 (2051 bytes; live heap 413053455)
logic:442 (1341 bytes; live heap 413900094)
logic:443 (3661 bytes; live heap 415029948)
logic:444 (3154 bytes; live heap 415273859)
logic:445 (5554 bytes; live heap 417026906)
logic:446 (1404 bytes; live heap 417730947)
logic:447 (2560 bytes; live heap 418753952)
logic:448 (816 bytes; live heap 419978857)
logic:449 (1776 bytes; live heap 420105769)
logic:450 (200591 bytes; live heap 420885051)
logic:451 (748 bytes; live heap 422950806)
logic:452 (2846 bytes; live heap 422343609)
certificate:339 (98484 bytes; live heap 424993484)
lockfile:815 (68439 bytes; live heap 428799470)
lockfile:816 (5740 bytes; live heap 420528947)
lockfile:817 (2931 bytes; live heap 415532247)
lockfile:818 (2371 bytes; live heap 412709779)
lockfile:819 (13285 bytes; live heap 407030860)
lockfile:820 (13131 bytes; live heap 400143928)
lockfile:821 (2837 bytes; live heap 393226477)
lockfile:822 (2926 bytes; live heap 390786800)
lockfile:823 (25136 bytes; live heap 387360233)
certificate:340 (93695 bytes; live heap 364211266)
bitproof:542 (9639899 bytes; live heap 350041464)
row-model:131 (153365 bytes; live heap 356133381)
certificate:341 (149577 bytes; live heap 357574969)
certificate:342 (93480 bytes; live heap 357934322)
certificate:343 (93367 bytes; live heap 358529862)
certificate:344 (475 bytes; live heap 358766258)
certificate:345 (98485 bytes; live heap 359587497)
certificate:346 (97211 bytes; live heap 365192937)
certificate:347 (476 bytes; live heap 365503782)
certificate:348 (97844 bytes; live heap 366366301)
certificate:349 (93744 bytes; live heap 367245954)
certificate:350 (448 bytes; live heap 367364350)
certificate:351 (93433 bytes; live heap 368273645)
logic:453 (280219 bytes; live heap 382223826)
logic:454 (370 bytes; live heap 381849556)
logic:455 (533 bytes; live heap 381972499)
logic:456 (840 bytes; live heap 385339089)
logic:457 (13640 bytes; live heap 388281862)
logic:458 (5662 bytes; live heap 389252961)
logic:459 (213 bytes; live heap 389384338)
logic:460 (4872 bytes; live heap 389674848)
logic:461 (16384 bytes; live heap 389728824)
logic:462 (2509 bytes; live heap 389893172)
logic:463 (2349 bytes; live heap 390497726)
logic:464 (2361 bytes; live heap 391946456)
logic:465 (1631 bytes; live heap 392409794)
logic:466 (8333 bytes; live heap 392542991)
logic:467 (4358 bytes; live heap 394126489)
logic:468 (1921 bytes; live heap 395744900)
logic:469 (2555 bytes; live heap 396234364)
logic:470 (2522 bytes; live heap 397529464)
logic:471 (2115 bytes; live heap 398700241)
logic:472 (115890 bytes; live heap 400471961)
logic:473 (3520 bytes; live heap 392334438)
logic:474 (2025 bytes; live heap 391178529)
bitproof:543 (8850 bytes; live heap 369195641)
bitproof:544 (132 bytes; live heap 369761378)
row-model:132 (153159 bytes; live heap 480752361)
row-model:133 (152624 bytes; live heap 481182201)
row-model:134 (153269 bytes; live heap 482063162)
bitproof:545 (8931155 bytes; live heap 425210776)
bitproof:546 (759452 bytes; live heap 482989495)
bitproof:547 (133 bytes; live heap 500484683)
bitproof:548 (19478 bytes; live heap 503026311)
row-model:135 (155451 bytes; live heap 567861508)
row-model:136 (153307 bytes; live heap 570706856)
row-model:137 (153300 bytes; live heap 576576515)
row-model:138 (153290 bytes; live heap 579350315)
row-model:139 (355047 bytes; live heap 581861290)
bitproof:549 (10433088 bytes; live heap 541290597)
row-model:140 (219629 bytes; live heap 489573313)
logic:475 (2955108 bytes; live heap 464539539)
bitproof:550 (135 bytes; live heap 394186404)
bitproof:551 (28791 bytes; live heap 394026880)
bitproof:552 (170 bytes; live heap 393901501)
bitproof:553 (221 bytes; live heap 393892425)
bitproof:554 (1128 bytes; live heap 393882995)
bitproof:555 (66 bytes; live heap 393855940)
bitproof:556 (137363 bytes; live heap 393997654)
bitproof:557 (3665 bytes; live heap 393823252)
bitproof:558 (2137 bytes; live heap 394038166)
bitproof:559 (75460 bytes; live heap 394468726)
bitproof:560 (136 bytes; live heap 394133902)
bitproof:561 (760174 bytes; live heap 391465895)
bitproof:562 (120 bytes; live heap 377490058)
bitproof:563 (1619 bytes; live heap 376655345)
bitproof:564 (8826 bytes; live heap 376946623)
row-model:141 (153318 bytes; live heap 383615846)
row-model:142 (153238 bytes; live heap 384121995)
logic:476 (19 bytes; live heap 381542050)
logic:477 (10778 bytes; live heap 389710714)
logic:478 (5712 bytes; live heap 395592550)
logic:479 (6047 bytes; live heap 397611903)
logic:480 (1318 bytes; live heap 400316006)
logic:481 (152690 bytes; live heap 394278308)
logic:482 (4728 bytes; live heap 391265359)
logic:483 (2307 bytes; live heap 390665463)
logic:484 (6973 bytes; live heap 387692926)
logic:485 (203198 bytes; live heap 382754234)
logic:486 (420 bytes; live heap 382101450)
logic:487 (2627 bytes; live heap 381099393)
logic:488 (8087 bytes; live heap 374775160)
logic:489 (1903 bytes; live heap 372285266)
logic:490 (6409 bytes; live heap 370697456)
logic:491 (358 bytes; live heap 366115079)
logic:492 (939 bytes; live heap 365205245)
logic:493 (4856 bytes; live heap 362680946)
logic:494 (2367 bytes; live heap 362294013)
logic:495 (214 bytes; live heap 362106852)
logic:496 (1316 bytes; live heap 361629728)
logic:497 (203620 bytes; live heap 360419025)
logic:498 (1306 bytes; live heap 359622044)
logic:499 (406 bytes; live heap 359449026)
logic:500 (804 bytes; live heap 359425308)
logic:501 (2218 bytes; live heap 359400748)
logic:502 (544 bytes; live heap 359310285)
logic:503 (8353 bytes; live heap 358678521)
logic:504 (1173 bytes; live heap 357180382)
logic:505 (2046 bytes; live heap 356797733)
logic:506 (315281 bytes; live heap 354048568)
logic:507 (20253 bytes; live heap 353218376)
logic:508 (5001 bytes; live heap 353064366)
logic:509 (12553 bytes; live heap 352869494)
logic:510 (1181 bytes; live heap 352718665)
logic:511 (18675 bytes; live heap 352411443)
bitproof:565 (7679557 bytes; live heap 334468974)
row-model:143 (153308 bytes; live heap 334065461)
logic:512 (627308 bytes; live heap 327505065)
logic:513 (11625 bytes; live heap 324128354)
logic:514 (7089 bytes; live heap 324489461)
logic:515 (363 bytes; live heap 324297818)
logic:516 (1127 bytes; live heap 324136992)
logic:517 (2518 bytes; live heap 323851242)
logic:518 (1821 bytes; live heap 323577542)
logic:519 (5190 bytes; live heap 323528666)
logic:520 (12534 bytes; live heap 323502448)
logic:521 (2133 bytes; live heap 323155219)
logic:522 (1262 bytes; live heap 322857778)
logic:523 (2093 bytes; live heap 322485815)
bitproof:566 (782700 bytes; live heap 317374684)
row-model:144 (153159 bytes; live heap 317433556)
row-model:145 (155109 bytes; live heap 317329072)
logic:524 (7905 bytes; live heap 316962749)
logic:525 (15636 bytes; live heap 374076389)
logic:526 (20511 bytes; live heap 373259506)
logic:527 (3809 bytes; live heap 380562118)
logic:528 (2488 bytes; live heap 379294270)
logic:529 (240 bytes; live heap 378929054)
core:150 (3240221 bytes; live heap 378616515)
core:151 (989 bytes; live heap 373881921)
logic:530 (4544 bytes; live heap 373553754)
logic:531 (2562 bytes; live heap 374352893)
logic:532 (5373 bytes; live heap 374229707)
logic:533 (3945 bytes; live heap 374100544)
logic:534 (1723 bytes; live heap 373896255)
logic:535 (448 bytes; live heap 373764001)
core:152 (2252 bytes; live heap 373687339)
logic:536 (1084 bytes; live heap 373525020)
core:153 (1206 bytes; live heap 373407230)
core:154 (4037 bytes; live heap 373325753)
core:155 (2267 bytes; live heap 372989443)
core:156 (1206 bytes; live heap 369507805)
core:157 (1461 bytes; live heap 354096665)
core:158 (1311 bytes; live heap 343783807)
core:159 (1163 bytes; live heap 341408466)
core:160 (991 bytes; live heap 339646118)
logic:537 (18455 bytes; live heap 330732847)
logic:538 (2340 bytes; live heap 323111519)
core:161 (7411 bytes; live heap 323090378)
logic:539 (4353 bytes; live heap 318254024)
core:162 (3696 bytes; live heap 313216738)
logic:540 (2343 bytes; live heap 312976775)
logic:541 (622 bytes; live heap 310085819)
core:163 (2258 bytes; live heap 308277388)
logic:542 (2428 bytes; live heap 307421206)
core:164 (1565 bytes; live heap 307333251)
core:165 (1462 bytes; live heap 306083997)
logic:543 (2334 bytes; live heap 306042847)
logic:544 (1486 bytes; live heap 303686574)
logic:545 (811 bytes; live heap 302183825)
bitproof:567 (11821520 bytes; live heap 298905274)
logic:546 (8412 bytes; live heap 298720685)
core:166 (4021 bytes; live heap 298763906)
logic:547 (3123 bytes; live heap 298900779)
logic:548 (1078 bytes; live heap 299038091)
logic:549 (152206 bytes; live heap 299265020)
core:167 (16257 bytes; live heap 299685049)
logic:550 (5746 bytes; live heap 298850941)
logic:551 (1123 bytes; live heap 298964304)
logic:552 (1224 bytes; live heap 298750757)
core:168 (1403 bytes; live heap 298745217)
core:169 (26441 bytes; live heap 302848763)
core:170 (188 bytes; live heap 302991754)
core:171 (4451 bytes; live heap 304590491)
core:172 (607 bytes; live heap 305599692)
core:173 (1911 bytes; live heap 307551366)
core:174 (598 bytes; live heap 307854096)
bitproof:568 (1124 bytes; live heap 267535933)
bitproof:569 (96 bytes; live heap 267583393)
core:175 (5728 bytes; live heap 266371872)
core:176 (1245 bytes; live heap 265956355)
core:177 (1662 bytes; live heap 265927992)
bitproof:570 (13214 bytes; live heap 264701824)
bitproof:571 (120 bytes; live heap 263938738)
core:178 (2140 bytes; live heap 264137329)
bitproof:572 (144466 bytes; live heap 262806611)
core:179 (2274 bytes; live heap 262052015)
bitproof:573 (142077 bytes; live heap 260207032)
core:180 (10786 bytes; live heap 259901611)
bitproof:574 (3105 bytes; live heap 257927498)
logic:553 (60838 bytes; live heap 317261402)
logic:554 (5541 bytes; live heap 327028236)
logic:555 (434 bytes; live heap 327025196)
logic:556 (15801 bytes; live heap 327471952)
logic:557 (206026 bytes; live heap 327642934)
bitproof:575 (11821516 bytes; live heap 267507140)
row-model:146 (153299 bytes; live heap 272443551)
bitproof:576 (135 bytes; live heap 257349870)
bitproof:577 (264291 bytes; live heap 258259655)
bitproof:578 (2123 bytes; live heap 257747908)
bitproof:579 (780134 bytes; live heap 263522258)
row-model:147 (155077 bytes; live heap 267508201)
certificate:352 (1697894 bytes; live heap 264338680)
bitproof:580 (12537 bytes; live heap 260712438)
bitproof:581 (155 bytes; live heap 260685241)
bitproof:582 (8842 bytes; live heap 260665041)
bitproof:583 (144090 bytes; live heap 261102463)
bitproof:584 (23103 bytes; live heap 261023549)
bitproof:585 (3832 bytes; live heap 260951828)
bitproof:586 (1590 bytes; live heap 262676748)
bitproof:587 (1554 bytes; live heap 258495501)
bitproof:588 (137879 bytes; live heap 259735054)
bitproof:589 (144665 bytes; live heap 257541555)
logic:558 (627316 bytes; live heap 255687806)
bitproof:590 (75003 bytes; live heap 256098997)
bitproof:591 (142035 bytes; live heap 261609126)
bitproof:592 (144437 bytes; live heap 261288529)
bitproof:593 (3099 bytes; live heap 261448029)
bitproof:594 (75003 bytes; live heap 261342937)
bitproof:595 (136 bytes; live heap 261341418)
bitproof:596 (176 bytes; live heap 261363933)
bitproof:597 (134 bytes; live heap 261405853)
logic:559 (98743 bytes; live heap 266736033)
logic:560 (15805 bytes; live heap 270910449)
logic:561 (2484 bytes; live heap 272388856)
logic:562 (539 bytes; live heap 272443079)
logic:563 (1086 bytes; live heap 272516471)
logic:564 (2753 bytes; live heap 272628011)
logic:565 (2453 bytes; live heap 273013195)
logic:566 (2981 bytes; live heap 279287927)
logic:567 (601 bytes; live heap 278838759)
logic:568 (4809 bytes; live heap 278139852)
logic:569 (2524 bytes; live heap 277746630)
logic:570 (1240 bytes; live heap 277509951)
bitproof:598 (740169 bytes; live heap 277096120)
lockfile:824 (1913142 bytes; live heap 281528412)
bitproof:599 (759459 bytes; live heap 292692370)
lockfile:825 (25320 bytes; live heap 289007920)
row-model:148 (153307 bytes; live heap 291170348)
row-model:149 (153314 bytes; live heap 291908476)
row-model:150 (153299 bytes; live heap 292424656)
bitproof:600 (3832 bytes; live heap 297597734)
lockfile:826 (2125261 bytes; live heap 386565044)
lockfile:827 (25623 bytes; live heap 387520997)
lockfile:828 (2928 bytes; live heap 397574310)
lockfile:829 (12892 bytes; live heap 397752649)
lockfile:830 (10071 bytes; live heap 380681298)
lockfile:831 (1508 bytes; live heap 376069620)
lockfile:832 (5669 bytes; live heap 371912481)
lockfile:833 (2943 bytes; live heap 366723016)
lockfile:834 (13772 bytes; live heap 361880792)
lockfile:835 (24531 bytes; live heap 352666957)
lockfile:836 (5973 bytes; live heap 344958833)
lockfile:837 (5676 bytes; live heap 342087862)
lockfile:838 (26086 bytes; live heap 333131381)
bitproof:601 (9005280 bytes; live heap 332731008)
lockfile:839 (25413 bytes; live heap 331971782)
lockfile:840 (25381 bytes; live heap 334285244)
lockfile:841 (61246 bytes; live heap 355167991)
lockfile:842 (12950 bytes; live heap 356279667)
lockfile:843 (2373 bytes; live heap 358203147)
lockfile:844 (2442 bytes; live heap 360320934)
certificate:353 (437 bytes; live heap 367975173)
certificate:354 (149123 bytes; live heap 370153390)
certificate:355 (149125 bytes; live heap 375631102)
bitproof:602 (75000 bytes; live heap 340403023)
bitproof:603 (265760 bytes; live heap 341808842)
bitproof:604 (12559 bytes; live heap 342727241)
bitproof:605 (1116 bytes; live heap 342943521)
bitproof:606 (175 bytes; live heap 342988497)
bitproof:607 (96 bytes; live heap 343021063)
bitproof:608 (146 bytes; live heap 343057719)
bitproof:609 (74998 bytes; live heap 343725269)
bitproof:610 (143 bytes; live heap 344275715)
bitproof:611 (637004 bytes; live heap 347880828)
bitproof:612 (8792 bytes; live heap 350207069)
bitproof:613 (759374 bytes; live heap 370640370)
row-model:151 (2214152 bytes; live heap 376902713)
bitproof:614 (1554 bytes; live heap 381516708)
bitproof:615 (12870 bytes; live heap 387445339)
bitproof:616 (135 bytes; live heap 387645491)
bitproof:617 (8868 bytes; live heap 388051146)
certificate:356 (98860 bytes; live heap 399126673)
bitproof:618 (803965 bytes; live heap 400148529)
bitproof:619 (173 bytes; live heap 401867627)
bitproof:620 (6062 bytes; live heap 402223459)
bitproof:621 (130 bytes; live heap 402310381)
bitproof:622 (594336 bytes; live heap 407714644)
bitproof:623 (162 bytes; live heap 410349663)
bitproof:624 (96 bytes; live heap 410502079)
certificate:357 (93461 bytes; live heap 414171863)
lockfile:845 (685602 bytes; live heap 413450335)
bitproof:625 (45446 bytes; live heap 413476510)
lockfile:846 (25394 bytes; live heap 412601746)
bitproof:626 (74994 bytes; live heap 412580931)
lockfile:847 (3953 bytes; live heap 430948964)
lockfile:848 (13180 bytes; live heap 442962922)
lockfile:849 (13107 bytes; live heap 464914014)
lockfile:850 (13119 bytes; live heap 483096202)
lockfile:851 (25320 bytes; live heap 486610727)
lockfile:852 (25528 bytes; live heap 493387630)
certificate:358 (149126 bytes; live heap 493070451)
certificate:359 (195 bytes; live heap 492775521)
certificate:360 (98434 bytes; live heap 492764253)
certificate:361 (149183 bytes; live heap 501285075)
lockfile:853 (25543 bytes; live heap 501276540)
lockfile:854 (2272 bytes; live heap 487803217)
lockfile:855 (2915 bytes; live heap 477568230)
lockfile:856 (27168 bytes; live heap 453130561)
bitproof:627 (11822410 bytes; live heap 436212460)
lockfile:857 (2923 bytes; live heap 438785089)
lockfile:858 (2903 bytes; live heap 441707454)
lockfile:859 (5425 bytes; live heap 444279132)
lockfile:860 (13114 bytes; live heap 447293480)
lockfile:861 (2338 bytes; live heap 449039305)
lockfile:862 (5685 bytes; live heap 451254520)
lockfile:863 (2373 bytes; live heap 455338184)
lockfile:864 (284893 bytes; live heap 459873731)
row-model:152 (153262 bytes; live heap 457014412)
lockfile:865 (5617 bytes; live heap 457171498)
row-model:153 (153233 bytes; live heap 457114532)
lockfile:866 (2930 bytes; live heap 446633738)
lockfile:867 (5665 bytes; live heap 435240358)
bitproof:628 (4034 bytes; live heap 418854191)
lockfile:868 (2927 bytes; live heap 420207755)
bitproof:629 (143280 bytes; live heap 419604060)
lockfile:869 (2352 bytes; live heap 420023655)
lockfile:870 (2708 bytes; live heap 420573777)
bitproof:630 (8829 bytes; live heap 419975710)
lockfile:871 (3000 bytes; live heap 421249113)
bitproof:631 (140358 bytes; live heap 420395464)
lockfile:872 (25382 bytes; live heap 420752897)
bitproof:632 (1109 bytes; live heap 419910346)
bitproof:633 (134 bytes; live heap 420020744)
bitproof:634 (6061 bytes; live heap 420183265)
certificate:362 (97885 bytes; live heap 421417670)
bitproof:635 (265745 bytes; live heap 420388302)
lockfile:873 (5673 bytes; live heap 420419037)
bitproof:636 (884 bytes; live heap 420065943)
lockfile:874 (12906 bytes; live heap 421156750)
certificate:363 (98484 bytes; live heap 421239255)
lockfile:875 (5737 bytes; live heap 425608430)
certificate:364 (148485 bytes; live heap 438278325)
lockfile:876 (25563 bytes; live heap 442199954)
lockfile:877 (5645 bytes; live heap 447281468)
lockfile:878 (5672 bytes; live heap 450082212)
lockfile:879 (13115 bytes; live heap 454215739)
certificate:365 (148530 bytes; live heap 483250011)
lockfile:880 (1405391 bytes; live heap 486969602)
row-model:154 (153366 bytes; live heap 432284499)
lockfile:881 (1392496 bytes; live heap 423261171)
certificate:366 (154467 bytes; live heap 424094610)
lockfile:882 (25544 bytes; live heap 412098741)
lockfile:883 (13136 bytes; live heap 402049172)
lockfile:884 (13235 bytes; live heap 397253445)
bitproof:637 (8834672 bytes; live heap 395109317)
lockfile:885 (2269 bytes; live heap 395439604)
lockfile:886 (12844 bytes; live heap 396777207)
lockfile:887 (32942 bytes; live heap 397005088)
lockfile:888 (5663 bytes; live heap 397655344)
lockfile:889 (4313 bytes; live heap 397501750)
lockfile:890 (2916 bytes; live heap 397533898)
lockfile:891 (5826 bytes; live heap 397484805)
lockfile:892 (25544 bytes; live heap 397154106)
certificate:367 (93461 bytes; live heap 397024494)
lockfile:893 (13124 bytes; live heap 387351166)
lockfile:894 (13111 bytes; live heap 386981355)
lockfile:895 (2401 bytes; live heap 382442960)
lockfile:896 (202379 bytes; live heap 380709152)
lockfile:897 (2913 bytes; live heap 378704368)
lockfile:898 (13368 bytes; live heap 376953410)
certificate:368 (464 bytes; live heap 374258926)
certificate:369 (3770 bytes; live heap 374001995)
lockfile:899 (25545 bytes; live heap 373975408)
certificate:370 (104264 bytes; live heap 371156495)
lockfile:900 (6511 bytes; live heap 366302156)
lockfile:901 (2234 bytes; live heap 364225702)
lockfile:902 (24095 bytes; live heap 362961582)
certificate:371 (148674 bytes; live heap 360702932)
lockfile:903 (2767 bytes; live heap 359116281)
lockfile:904 (2338 bytes; live heap 358350869)
lockfile:905 (5672 bytes; live heap 357609444)
certificate:372 (149211 bytes; live heap 357101318)
lockfile:906 (5634 bytes; live heap 355417936)
certificate:373 (97908 bytes; live heap 354617549)
certificate:374 (93978 bytes; live heap 352177852)
certificate:375 (97879 bytes; live heap 351400952)
row-model:155 (153368 bytes; live heap 351217877)
row-model:156 (152964 bytes; live heap 350840858)
bitproof:638 (75038 bytes; live heap 291731285)
bitproof:639 (6053 bytes; live heap 288569065)
bitproof:640 (167 bytes; live heap 288362009)
bitproof:641 (142 bytes; live heap 288257528)
bitproof:642 (28856 bytes; live heap 287255898)
bitproof:643 (142146 bytes; live heap 286763877)
certificate:376 (149348 bytes; live heap 289795995)
lockfile:907 (1385644 bytes; live heap 286757585)
certificate:377 (148552 bytes; live heap 289305145)
logic:571 (1403601 bytes; live heap 310392392)
certificate:378 (97908 bytes; live heap 325103245)
certificate:379 (93464 bytes; live heap 324745180)
row-model:157 (153363 bytes; live heap 310945160)
certificate:380 (448 bytes; live heap 273867412)
lockfile:908 (186425 bytes; live heap 273242604)
certificate:381 (93461 bytes; live heap 272330579)
bitproof:644 (6655840 bytes; live heap 263178829)
lockfile:909 (2068 bytes; live heap 263384791)
lockfile:910 (13111 bytes; live heap 263724621)
lockfile:911 (11168 bytes; live heap 264470259)
lockfile:912 (5671 bytes; live heap 265037144)
lockfile:913 (11907 bytes; live heap 265623334)
lockfile:914 (2752 bytes; live heap 265751886)
lockfile:915 (25510 bytes; live heap 265927421)
certificate:382 (482 bytes; live heap 266832471)
lockfile:916 (5671 bytes; live heap 267826635)
certificate:383 (149108 bytes; live heap 267956846)
certificate:384 (102786 bytes; live heap 268028411)
lockfile:917 (5663 bytes; live heap 268242303)
lockfile:918 (2339 bytes; live heap 268692395)
lockfile:919 (2832 bytes; live heap 268874423)
lockfile:920 (12912 bytes; live heap 269206043)
lockfile:921 (25369 bytes; live heap 269990929)
lockfile:922 (2340 bytes; live heap 271057406)
lockfile:923 (4290 bytes; live heap 271230464)
lockfile:924 (2933 bytes; live heap 271475297)
lockfile:925 (2373 bytes; live heap 272017705)
lockfile:926 (2919 bytes; live heap 272644442)
lockfile:927 (25531 bytes; live heap 269012349)
lockfile:928 (2928 bytes; live heap 271110493)
lockfile:929 (25536 bytes; live heap 271631394)
certificate:385 (92666 bytes; live heap 272541470)
certificate:386 (148561 bytes; live heap 273137618)
lockfile:930 (4931 bytes; live heap 273290531)
lockfile:931 (13109 bytes; live heap 278478380)
lockfile:932 (2926 bytes; live heap 281429491)
lockfile:933 (13032 bytes; live heap 282955325)
row-model:158 (151679 bytes; live heap 284807521)
lockfile:934 (25450 bytes; live heap 287107043)
logic:572 (1495 bytes; live heap 278990919)
logic:573 (5224 bytes; live heap 279781990)
logic:574 (1749 bytes; live heap 280921854)
logic:575 (266 bytes; live heap 281055013)
logic:576 (809 bytes; live heap 280752855)
lockfile:935 (25511 bytes; live heap 290455506)
lockfile:936 (2826 bytes; live heap 286810392)
bitproof:645 (9331 bytes; live heap 272255059)
bitproof:646 (132922 bytes; live heap 273864820)
bitproof:647 (2123 bytes; live heap 274350393)
bitproof:648 (2119 bytes; live heap 274449932)
lockfile:937 (10846 bytes; live heap 277691871)
bitproof:649 (90164 bytes; live heap 276502179)
lockfile:938 (2928 bytes; live heap 278646448)
lockfile:939 (13060 bytes; live heap 282152954)
lockfile:940 (5785 bytes; live heap 288597490)
lockfile:941 (25444 bytes; live heap 287516156)
bitproof:650 (594825 bytes; live heap 286328916)
lockfile:942 (25539 bytes; live heap 292513225)
lockfile:943 (4382 bytes; live heap 298401439)
bitproof:651 (594329 bytes; live heap 298309701)
bitproof:652 (136 bytes; live heap 306307017)
bitproof:653 (141982 bytes; live heap 307080647)
bitproof:654 (96 bytes; live heap 306999906)
bitproof:655 (141248 bytes; live heap 309701293)
bitproof:656 (3109 bytes; live heap 309791049)
lockfile:944 (1382887 bytes; live heap 318480446)
logic:577 (152486 bytes; live heap 338405995)
logic:578 (199 bytes; live heap 339368362)
logic:579 (3455 bytes; live heap 339975991)
logic:580 (585 bytes; live heap 340089932)
logic:581 (1039 bytes; live heap 340459152)
logic:582 (2397 bytes; live heap 340827117)
logic:583 (1811 bytes; live heap 340883231)
logic:584 (1886 bytes; live heap 341083124)
logic:585 (621 bytes; live heap 341195080)
logic:586 (332 bytes; live heap 341304892)
logic:587 (200549 bytes; live heap 342058305)
logic:588 (1802 bytes; live heap 341865763)
logic:589 (229 bytes; live heap 342153476)
logic:590 (2737 bytes; live heap 342535697)
row-model:159 (155048 bytes; live heap 341965860)
logic:591 (2468 bytes; live heap 342039897)
logic:592 (1958 bytes; live heap 342621972)
logic:593 (1187 bytes; live heap 342689465)
logic:594 (1497 bytes; live heap 343127878)
logic:595 (15782 bytes; live heap 350426008)
logic:596 (1504 bytes; live heap 351566823)
lockfile:945 (2364 bytes; live heap 350603259)
lockfile:946 (12430 bytes; live heap 351938288)
logic:597 (17047 bytes; live heap 358806368)
lockfile:947 (21099 bytes; live heap 366846748)
lockfile:948 (2373 bytes; live heap 372031651)
lockfile:949 (5644 bytes; live heap 374199849)
lockfile:950 (13953 bytes; live heap 382345714)
lockfile:951 (2385 bytes; live heap 388578421)
lockfile:952 (2858 bytes; live heap 388704155)
lockfile:953 (5728 bytes; live heap 388814903)
lockfile:954 (2375 bytes; live heap 389025824)
lockfile:955 (2371 bytes; live heap 388279739)
lockfile:956 (13113 bytes; live heap 386987363)
lockfile:957 (13114 bytes; live heap 383195970)
lockfile:958 (26545 bytes; live heap 380156334)
lockfile:959 (2934 bytes; live heap 380399472)
lockfile:960 (5690 bytes; live heap 379916033)
lockfile:961 (25399 bytes; live heap 377453578)
lockfile:962 (2407 bytes; live heap 370151727)
lockfile:963 (25529 bytes; live heap 367132312)
lockfile:964 (5668 bytes; live heap 356542771)
lockfile:965 (53066 bytes; live heap 355183260)
lockfile:966 (5680 bytes; live heap 351450851)
lockfile:967 (12951 bytes; live heap 349745342)
bitproof:657 (7254669 bytes; live heap 349035774)
lockfile:968 (25141 bytes; live heap 336016724)
lockfile:969 (5694 bytes; live heap 339087926)
lockfile:970 (5613 bytes; live heap 344188439)
lockfile:971 (13156 bytes; live heap 351416859)
lockfile:972 (13113 bytes; live heap 356721116)
lockfile:973 (13039 bytes; live heap 358082678)
lockfile:974 (25525 bytes; live heap 358509485)
lockfile:975 (2932 bytes; live heap 366155811)
lockfile:976 (2370 bytes; live heap 365836761)
row-model:160 (153372 bytes; live heap 365210279)
row-model:161 (155037 bytes; live heap 364915183)
lockfile:977 (5575 bytes; live heap 364951298)
lockfile:978 (2938 bytes; live heap 364707932)
lockfile:979 (2361 bytes; live heap 364465844)
lockfile:980 (2902 bytes; live heap 364334416)
lockfile:981 (5652 bytes; live heap 364141710)
lockfile:982 (5675 bytes; live heap 363846405)
lockfile:983 (2937 bytes; live heap 363658359)
lockfile:984 (2902 bytes; live heap 363546153)
logic:598 (342408 bytes; live heap 363461496)
lockfile:985 (13031 bytes; live heap 363489953)
logic:599 (8350 bytes; live heap 363630518)
lockfile:986 (13052 bytes; live heap 363600182)
logic:600 (570 bytes; live heap 363652962)
logic:601 (3190 bytes; live heap 363899680)
logic:602 (1131 bytes; live heap 364072593)
logic:603 (935 bytes; live heap 364198602)
lockfile:987 (5644 bytes; live heap 364227983)
logic:604 (2790 bytes; live heap 364285625)
logic:605 (1265 bytes; live heap 364332390)
logic:606 (2677 bytes; live heap 364442965)
lockfile:988 (5676 bytes; live heap 365455845)
logic:607 (551 bytes; live heap 365593484)
logic:608 (4467 bytes; live heap 366164980)
logic:609 (3950 bytes; live heap 366126978)
lockfile:989 (5679 bytes; live heap 366159069)
logic:610 (3064 bytes; live heap 367539373)
logic:611 (2901 bytes; live heap 367738017)
lockfile:990 (182933 bytes; live heap 374856177)
lockfile:991 (3022 bytes; live heap 369797778)
lockfile:992 (2945 bytes; live heap 367975003)
lockfile:993 (13129 bytes; live heap 365963047)
lockfile:994 (25532 bytes; live heap 360685558)
lockfile:995 (5659 bytes; live heap 353184610)
lockfile:996 (5696 bytes; live heap 349331708)
lockfile:997 (25526 bytes; live heap 344357501)
bitproof:658 (3052 bytes; live heap 328390830)
bitproof:659 (134 bytes; live heap 327702780)
bitproof:660 (132933 bytes; live heap 327545122)
lockfile:998 (2953 bytes; live heap 326771580)
bitproof:661 (120 bytes; live heap 326441554)
bitproof:662 (145 bytes; live heap 326376764)
bitproof:663 (1568 bytes; live heap 325304657)
lockfile:999 (2226 bytes; live heap 325901091)
bitproof:664 (136728 bytes; live heap 324546052)
bitproof:665 (145 bytes; live heap 324221150)
bitproof:666 (96 bytes; live heap 324157474)
bitproof:667 (170 bytes; live heap 324067825)
lockfile: 1000 cases in 9.550049542s; 27 mutants accepted; slowest seed 14.872084ms; slowest case 254 167.683833ms; largest heap case 254 41600289 bytes
     208 invalid knowledge object: data did not match any variant of 
      46 /var/folders/jh/p03z0_b15js0x_4c67zgnf140000gn/T/ink-hardeni
      39 incompatible knowledge semantics
      33 knowledge file exceeds size limit
      28 unsupported proof library lock
      27 invalid proof library object: invalid type: map, expected a 
      23 invalid knowledge identity
      23 unsupported knowledge lock
      22 invalid proof library object: invalid type: sequence, expect
      20 invalid proof library object: expected value at line 1 colum
      19 incompatible proof library semantics
      17 knowledge content hash mismatch
      16 invalid type: sequence, expected a string at line 1 column 1
      13 invalid type: map, expected a sequence at line 1 column 11
      12 invalid knowledge object: key must be a string at line 1 col
      11 proof library content hash mismatch
      10 duplicate proof library root
      10 induction branch proves a different statement
      10 invalid knowledge object: recursion limit exceeded at line 1
       7 invalid knowledge object: expected `,` or `]` at line 1 colu
       7 invalid type: sequence, expected a string at line 1 column 7
       7 logic argument count mismatch
       6 invalid knowledge object: expected `,` or `}` at line 1 colu
       6 invalid value: integer `-1`, expected u32 at line 1 column 1
       6 recursive parameter must be an inductive datatype
test fuzz_lockfiles ... ok
bitproof:668 (796949 bytes; live heap 320948571)
bitproof:669 (173 bytes; live heap 318433254)
bitproof:670 (212885 bytes; live heap 318408190)
bitproof:671 (1587 bytes; live heap 317712926)
bitproof:672 (6062 bytes; live heap 316408734)
bitproof:673 (137144 bytes; live heap 314309558)
bitproof:674 (75306 bytes; live heap 311725155)
bitproof:675 (132 bytes; live heap 311055752)
logic:612 (152206 bytes; live heap 313960958)
bitproof:676 (871284 bytes; live heap 305170631)
logic:613 (151684 bytes; live heap 305580863)
logic:614 (10927 bytes; live heap 304076596)
logic:615 (998 bytes; live heap 303764364)
logic:616 (1924 bytes; live heap 304994046)
logic:617 (3151 bytes; live heap 303060078)
logic:618 (248 bytes; live heap 298737634)
logic:619 (4027 bytes; live heap 291293426)
row-model:162 (155047 bytes; live heap 291253534)
logic:620 (3299 bytes; live heap 291054419)
logic:621 (891 bytes; live heap 288290726)
row-model:163 (153307 bytes; live heap 288061463)
logic:622 (8709 bytes; live heap 287914578)
logic:623 (12493 bytes; live heap 283934505)
logic:624 (623 bytes; live heap 283240520)
logic:625 (432 bytes; live heap 283061392)
row-model:164 (152431 bytes; live heap 282784918)
logic:626 (3368 bytes; live heap 282488857)
row-model:165 (153308 bytes; live heap 280938222)
logic:627 (7318 bytes; live heap 280513377)
logic:628 (202456 bytes; live heap 280152469)
logic:629 (7569 bytes; live heap 278549958)
logic:630 (95 bytes; live heap 277530371)
logic:631 (315351 bytes; live heap 237116116)
logic:632 (2963 bytes; live heap 236020899)
logic:633 (7096 bytes; live heap 235024846)
logic:634 (1791 bytes; live heap 234545352)
logic:635 (2300 bytes; live heap 233252051)
logic:636 (34676 bytes; live heap 232606218)
logic:637 (476 bytes; live heap 231591799)
logic:638 (1640 bytes; live heap 231179874)
bitproof:677 (3674627 bytes; live heap 230506333)
row-model:166 (150503 bytes; live heap 222412526)
row-model:167 (153237 bytes; live heap 222807474)
row-model:168 (355071 bytes; live heap 223177090)
row-model:169 (153312 bytes; live heap 222206504)
logic:639 (151676 bytes; live heap 213275888)
core:181 (3156981 bytes; live heap 215328612)
bitproof:678 (120 bytes; live heap 211905114)
bitproof:679 (133 bytes; live heap 211962010)
bitproof:680 (759472 bytes; live heap 220189295)
row-model:170 (2214120 bytes; live heap 275438639)
bitproof:681 (780212 bytes; live heap 297254886)
bitproof:682 (137385 bytes; live heap 319329645)
bitproof:683 (120 bytes; live heap 319639025)
bitproof:684 (134 bytes; live heap 319679039)
core:182 (5254 bytes; live heap 369016597)
core:183 (614 bytes; live heap 368910020)
core:184 (1007 bytes; live heap 368895588)
core:185 (2936 bytes; live heap 368744105)
core:186 (1145 bytes; live heap 368471212)
core:187 (2860 bytes; live heap 366528056)
core:188 (5248 bytes; live heap 359544743)
core:189 (5092 bytes; live heap 352819977)
core:190 (1876 bytes; live heap 351472010)
core:191 (2948 bytes; live heap 344999022)
core:192 (2617 bytes; live heap 335243771)
core:193 (1725 bytes; live heap 333637588)
core:194 (971 bytes; live heap 333356495)
core:195 (187 bytes; live heap 333173440)
row-model:171 (153259 bytes; live heap 324490129)
core:196 (1137 bytes; live heap 323948190)
row-model:172 (153319 bytes; live heap 320702413)
core:197 (1919 bytes; live heap 318455747)
row-model:173 (153299 bytes; live heap 316291120)
core:198 (77958 bytes; live heap 299002240)
core:199 (1899 bytes; live heap 298554940)
core:200 (384 bytes; live heap 298078109)
core:201 (1441 bytes; live heap 296543498)
core:202 (1625 bytes; live heap 296155664)
core:203 (480 bytes; live heap 295842557)
core:204 (2243 bytes; live heap 294747588)
bitproof:685 (7377074 bytes; live heap 292921092)
core:205 (1876 bytes; live heap 292841769)
core:206 (1206 bytes; live heap 292960692)
core:207 (802491 bytes; live heap 316875447)
core:208 (210276 bytes; live heap 308938942)
core:209 (1539 bytes; live heap 307044538)
core:210 (5267 bytes; live heap 304691967)
core:211 (1484 bytes; live heap 304275386)
core:212 (2275 bytes; live heap 301662344)
bitproof:686 (137382 bytes; live heap 291500253)
bitproof:687 (142070 bytes; live heap 290979456)
bitproof:688 (8791 bytes; live heap 289187112)
row-model:174 (155048 bytes; live heap 289156110)
bitproof:689 (143282 bytes; live heap 288371254)
core:213 (10016 bytes; live heap 288342057)
core:214 (1885 bytes; live heap 288332156)
core:215 (2938 bytes; live heap 294052124)
core:216 (1444 bytes; live heap 299731967)
core:217 (200410 bytes; live heap 300899962)
core:218 (2137 bytes; live heap 300854895)
bitproof:690 (8803890 bytes; live heap 301319515)
row-model:175 (153316 bytes; live heap 308720362)
row-model:176 (1492697 bytes; live heap 324822930)
row-model:177 (153234 bytes; live heap 292249410)
row-model:178 (49431 bytes; live heap 292518790)
row-model:179 (304300 bytes; live heap 291225116)
row-model:180 (155048 bytes; live heap 290354294)
bitproof:691 (759454 bytes; live heap 289063126)
bitproof:692 (136723 bytes; live heap 301607010)
bitproof:693 (96 bytes; live heap 304023376)
bitproof:694 (3590 bytes; live heap 304615653)
bitproof:695 (939341 bytes; live heap 351302298)
row-model:181 (304206 bytes; live heap 345094840)
row-model:182 (153322 bytes; live heap 344000296)
bitproof:696 (136 bytes; live heap 337498460)
row-model:183 (153300 bytes; live heap 283339506)
row-model:184 (153337 bytes; live heap 283012906)
row-model:185 (219629 bytes; live heap 282630015)
bitproof:697 (500145 bytes; live heap 269391101)
bitproof:698 (174 bytes; live heap 266042653)
bitproof:699 (132 bytes; live heap 265905970)
bitproof:700 (133 bytes; live heap 265726598)
bitproof:701 (377 bytes; live heap 265514314)
bitproof:702 (142 bytes; live heap 265372318)
bitproof:703 (3107 bytes; live heap 265000737)
bitproof:704 (593826 bytes; live heap 256441014)
bitproof:705 (120 bytes; live heap 237240358)
row-model:186 (153278 bytes; live heap 289489958)
row-model:187 (153236 bytes; live heap 292333337)
row-model:188 (153299 bytes; live heap 291747475)
logic:640 (2756904 bytes; live heap 289271636)
bitproof:706 (11820986 bytes; live heap 215265751)
logic:641 (6241 bytes; live heap 204246184)
certificate:387 (1697827 bytes; live heap 206143558)
bitproof:707 (134 bytes; live heap 180120771)
bitproof:708 (102517 bytes; live heap 180583230)
bitproof:709 (132920 bytes; live heap 181666959)
bitproof:710 (8829 bytes; live heap 181761426)
bitproof:711 (131 bytes; live heap 181857739)
bitproof:712 (3795 bytes; live heap 182017685)
bitproof:713 (147 bytes; live heap 182096982)
bitproof:714 (143295 bytes; live heap 182436483)
bitproof:715 (122 bytes; live heap 182018774)
bitproof:716 (143285 bytes; live heap 182261686)
bitproof:717 (793373 bytes; live heap 183747007)
row-model:189 (155084 bytes; live heap 184767612)
row-model:190 (153232 bytes; live heap 185723159)
certificate:388 (98210 bytes; live heap 176628440)
bitproof:718 (759185 bytes; live heap 175959394)
bitproof:719 (96 bytes; live heap 174578398)
bitproof:720 (120 bytes; live heap 174478465)
bitproof:721 (789088 bytes; live heap 176748780)
core:219 (3280609 bytes; live heap 180019666)
certificate:389 (98006 bytes; live heap 176628006)
core:220 (618 bytes; live heap 177231061)
core:221 (523 bytes; live heap 177391099)
core:222 (995 bytes; live heap 177454406)
bitproof:722 (224586 bytes; live heap 176336178)
certificate:390 (148637 bytes; live heap 176358052)
core:223 (1252 bytes; live heap 176842620)
core:224 (1945 bytes; live heap 177015877)
certificate:391 (468 bytes; live heap 177282083)
core:225 (2302 bytes; live heap 177340163)
core:226 (10551 bytes; live heap 177625704)
core:227 (1919 bytes; live heap 178834725)
bitproof:723 (105511 bytes; live heap 178746715)
core:228 (1894 bytes; live heap 178746844)
certificate:392 (152139 bytes; live heap 180123954)
core:229 (1876 bytes; live heap 180296880)
core:230 (598 bytes; live heap 180683460)
certificate:393 (154467 bytes; live heap 180756578)
core:231 (529 bytes; live heap 180878373)
bitproof:724 (130 bytes; live heap 180666341)
bitproof:725 (96 bytes; live heap 180727597)
core:232 (989 bytes; live heap 180985647)
bitproof:726 (23096 bytes; live heap 180981208)
certificate:394 (97911 bytes; live heap 181592141)
bitproof:727 (132925 bytes; live heap 183327386)
bitproof:728 (96 bytes; live heap 183724976)
core:233 (22360 bytes; live heap 186098596)
core:234 (22349 bytes; live heap 187480060)
core:235 (2608 bytes; live heap 190039452)
core:236 (1923 bytes; live heap 190825703)
core:237 (101394 bytes; live heap 192302974)
core:238 (1541 bytes; live heap 192269249)
row-model:191 (153299 bytes; live heap 217678716)
certificate:395 (149133 bytes; live heap 225754714)
certificate:396 (154525 bytes; live heap 226382814)
certificate:397 (101491 bytes; live heap 226129339)
certificate:398 (158557 bytes; live heap 225844009)
certificate:399 (98496 bytes; live heap 225010979)
certificate:400 (148590 bytes; live heap 226467735)
certificate:401 (149090 bytes; live heap 226384191)
certificate:402 (149125 bytes; live heap 226037437)
bitproof:729 (763166 bytes; live heap 223762734)
bitproof:730 (1195364 bytes; live heap 234123853)
bitproof:731 (30134 bytes; live heap 232944072)
bitproof:732 (169 bytes; live heap 232963222)
certificate:403 (1225 bytes; live heap 238729365)
certificate:404 (98484 bytes; live heap 240293526)
certificate:405 (154467 bytes; live heap 238897490)
bitproof:733 (594349 bytes; live heap 236316894)
bitproof:734 (135533 bytes; live heap 236746121)
row-model:192 (355103 bytes; live heap 238743417)
certificate:406 (440 bytes; live heap 321019147)
certificate:407 (97909 bytes; live heap 321125217)
certificate:408 (93478 bytes; live heap 321345709)
bitproof:735 (11821514 bytes; live heap 258328531)
certificate:409 (32756 bytes; live heap 282558039)
logic:642 (2700174 bytes; live heap 284991927)
certificate:410 (104296 bytes; live heap 282766756)
logic:643 (7863 bytes; live heap 284194138)
logic:644 (444 bytes; live heap 286755626)
logic:645 (2075 bytes; live heap 287383915)
logic:646 (2094 bytes; live heap 287690520)
logic:647 (6028 bytes; live heap 274869154)
bitproof:736 (142 bytes; live heap 250022618)
certificate:411 (98508 bytes; live heap 250031488)
bitproof:737 (1106 bytes; live heap 250071432)
logic:648 (622 bytes; live heap 250422827)
logic:649 (3422 bytes; live heap 251817684)
bitproof:738 (135427 bytes; live heap 251165737)
logic:650 (2393 bytes; live heap 251173862)
bitproof:739 (146 bytes; live heap 251751324)
bitproof:740 (165 bytes; live heap 251836652)
logic:651 (4570 bytes; live heap 253336780)
logic:652 (7580 bytes; live heap 260753804)
logic:653 (221 bytes; live heap 261047165)
logic:654 (2381 bytes; live heap 262256485)
logic:655 (6738 bytes; live heap 267242918)
logic:656 (529 bytes; live heap 267591213)
logic:657 (2577 bytes; live heap 268137013)
logic:658 (5633 bytes; live heap 270059874)
logic:659 (2605 bytes; live heap 271101957)
logic:660 (184 bytes; live heap 272227472)
logic:661 (1702 bytes; live heap 272563374)
logic:662 (3564 bytes; live heap 290887127)
logic:663 (3988 bytes; live heap 292534392)
logic:664 (1475 bytes; live heap 292818004)
logic:665 (7117 bytes; live heap 294447405)
logic:666 (3100 bytes; live heap 294686765)
logic:667 (3734 bytes; live heap 295377448)
logic:668 (6128 bytes; live heap 296256963)
logic:669 (8354 bytes; live heap 297190165)
logic:670 (19037 bytes; live heap 298459242)
logic:671 (2197 bytes; live heap 297591177)
certificate:412 (51545 bytes; live heap 297902687)
logic:672 (576 bytes; live heap 298192532)
row-model:193 (161212 bytes; live heap 299854642)
certificate:413 (155955 bytes; live heap 299678676)
row-model:194 (153300 bytes; live heap 300634955)
certificate:414 (93461 bytes; live heap 301906738)
certificate:415 (148979 bytes; live heap 316705496)
certificate:416 (10734 bytes; live heap 316683656)
bitproof:741 (2919150 bytes; live heap 331936700)
bitproof:742 (130 bytes; live heap 380544315)
bitproof:743 (75299 bytes; live heap 380512370)
row-model:195 (174538 bytes; live heap 380641506)
bitproof:744 (96 bytes; live heap 379912947)
bitproof:745 (36868 bytes; live heap 379866096)
bitproof:746 (780998 bytes; live heap 379907004)
bitproof:747 (132914 bytes; live heap 375920879)
bitproof:748 (132941 bytes; live heap 374545989)
bitproof:749 (132914 bytes; live heap 371814248)
bitproof:750 (646588 bytes; live heap 363493064)
bitproof:751 (1113 bytes; live heap 356247213)
bitproof:752 (120 bytes; live heap 357276744)
bitproof:753 (142146 bytes; live heap 357420442)
bitproof:754 (75003 bytes; live heap 358959919)
bitproof:755 (8812 bytes; live heap 360164022)
bitproof:756 (114 bytes; live heap 360454751)
bitproof:757 (740169 bytes; live heap 347754584)
logic:673 (1519035 bytes; live heap 340581517)
row-model:196 (153301 bytes; live heap 343787213)
certificate:417 (378196 bytes; live heap 441972749)
logic:674 (2011 bytes; live heap 413680230)
logic:675 (170 bytes; live heap 413011046)
logic:676 (2417 bytes; live heap 412392667)
logic:677 (836 bytes; live heap 411423256)
logic:678 (4021 bytes; live heap 411028038)
logic:679 (1441 bytes; live heap 410693950)
logic:680 (1253 bytes; live heap 410175720)
logic:681 (4202 bytes; live heap 408136286)
logic:682 (3338 bytes; live heap 406800049)
logic:683 (391874 bytes; live heap 407111140)
logic:684 (1386 bytes; live heap 404369545)
logic:685 (10086 bytes; live heap 402368511)
logic:686 (14135 bytes; live heap 395934745)
logic:687 (542 bytes; live heap 395362544)
logic:688 (200899 bytes; live heap 394695671)
logic:689 (1315 bytes; live heap 392936640)
bitproof:758 (7860623 bytes; live heap 387723593)
logic:690 (28651 bytes; live heap 388606753)
logic:691 (2595 bytes; live heap 389863538)
logic:692 (6004 bytes; live heap 391038194)
logic:693 (135789 bytes; live heap 413838902)
logic:694 (2325 bytes; live heap 419912513)
logic:695 (3847 bytes; live heap 421531409)
logic:696 (29916 bytes; live heap 437019778)
logic:697 (2343 bytes; live heap 437372667)
logic:698 (19954 bytes; live heap 437075969)
certificate:418 (2470 bytes; live heap 438308225)
logic:699 (1863 bytes; live heap 438484411)
certificate:419 (97931 bytes; live heap 440315980)
logic:700 (7563 bytes; live heap 441699174)
logic:701 (5267 bytes; live heap 442862379)
logic:702 (6645 bytes; live heap 444019378)
logic:703 (2379 bytes; live heap 444498049)
logic:704 (4282 bytes; live heap 445031430)
logic:705 (1117 bytes; live heap 445331860)
logic:706 (1705 bytes; live heap 445669783)
logic:707 (1600 bytes; live heap 446481518)
logic:708 (932 bytes; live heap 446771418)
logic:709 (17313 bytes; live heap 446991696)
logic:710 (985 bytes; live heap 447188686)
logic:711 (3192 bytes; live heap 448313363)
logic:712 (2457 bytes; live heap 448726468)
logic:713 (2343 bytes; live heap 448986847)
logic:714 (1483 bytes; live heap 450085905)
logic:715 (8353 bytes; live heap 451099333)
logic:716 (2479 bytes; live heap 427176797)
logic:717 (2246 bytes; live heap 416128083)
row-model:197 (153387 bytes; live heap 417432025)
logic:718 (2228 bytes; live heap 417202321)
bitproof:759 (136721 bytes; live heap 417710414)
logic:719 (1783 bytes; live heap 417958481)
logic:720 (1945 bytes; live heap 418255993)
bitproof:760 (1148342 bytes; live heap 430627176)
certificate:420 (93148 bytes; live heap 436659583)
certificate:421 (488 bytes; live heap 436229061)
certificate:422 (97956 bytes; live heap 440898827)
certificate:423 (97928 bytes; live heap 446271526)
certificate:424 (93470 bytes; live heap 446761917)
certificate:425 (471 bytes; live heap 446475149)
bitproof:761 (759977 bytes; live heap 445160009)
certificate:426 (137113 bytes; live heap 444139136)
logic:721 (137168 bytes; live heap 448034767)
logic:722 (2103 bytes; live heap 448334204)
logic:723 (477 bytes; live heap 448713156)
logic:724 (558 bytes; live heap 449051231)
logic:725 (1214 bytes; live heap 448930767)
logic:726 (403 bytes; live heap 448956305)
logic:727 (1912 bytes; live heap 448989784)
logic:728 (3766 bytes; live heap 449202124)
certificate:427 (165447 bytes; live heap 449126653)
logic:729 (25074 bytes; live heap 449506345)
logic:730 (1636 bytes; live heap 449403337)
certificate:428 (136844 bytes; live heap 449478799)
certificate:429 (98440 bytes; live heap 448344967)
bitproof:762 (3128 bytes; live heap 447129480)
bitproof:763 (3052 bytes; live heap 447618154)
bitproof:764 (119 bytes; live heap 447591154)
bitproof:765 (783 bytes; live heap 447532926)
certificate:430 (98484 bytes; live heap 447381705)
bitproof:766 (1592 bytes; live heap 447321313)
logic:731 (24810 bytes; live heap 448765198)
certificate:431 (98436 bytes; live heap 450892922)
logic:732 (736 bytes; live heap 450970605)
certificate:432 (110198 bytes; live heap 456599336)
row-model:198 (2214152 bytes; live heap 455673578)
certificate:433 (98485 bytes; live heap 457862345)
certificate:434 (457 bytes; live heap 457591546)
certificate:435 (148548 bytes; live heap 458399439)
bitproof:767 (758999 bytes; live heap 456277896)
logic:733 (136877 bytes; live heap 473135741)
logic:734 (2011 bytes; live heap 471034965)
bitproof:768 (759453 bytes; live heap 467320768)
bitproof:769 (1587 bytes; live heap 461947702)
bitproof:770 (102512 bytes; live heap 461378361)
bitproof:771 (2123 bytes; live heap 461062686)
bitproof:772 (143291 bytes; live heap 461151886)
bitproof:773 (4045 bytes; live heap 459542301)
bitproof:774 (1110 bytes; live heap 458969431)
logic:735 (39183 bytes; live heap 457998177)
bitproof:775 (1591 bytes; live heap 457961319)
certificate:436 (98484 bytes; live heap 465855886)
logic:736 (11168 bytes; live heap 466253414)
logic:737 (6216 bytes; live heap 464103260)
logic:738 (1529 bytes; live heap 463445886)
bitproof:776 (1199745 bytes; live heap 457292608)
certificate:437 (467 bytes; live heap 490317179)
certificate:438 (154526 bytes; live heap 499861786)
certificate:439 (449 bytes; live heap 522048043)
certificate:440 (487 bytes; live heap 522007303)
certificate:441 (97909 bytes; live heap 522041139)
certificate:442 (10408 bytes; live heap 521933714)
certificate:443 (93498 bytes; live heap 521900579)
certificate:444 (112460 bytes; live heap 521599399)
certificate:445 (154494 bytes; live heap 521699972)
certificate:446 (149125 bytes; live heap 521562530)
logic:739 (75447 bytes; live heap 519750164)
logic:740 (1749 bytes; live heap 511987045)
logic:741 (3708 bytes; live heap 505531731)
row-model:199 (153318 bytes; live heap 505433143)
row-model:200 (36830 bytes; live heap 504556821)
logic:742 (1945 bytes; live heap 503018426)
logic:743 (336 bytes; live heap 502215490)
row-model:201 (153300 bytes; live heap 497712039)
logic:744 (2302 bytes; live heap 496151304)
row-model:202 (153299 bytes; live heap 494174743)
logic:745 (1658 bytes; live heap 493244219)
logic:746 (1080 bytes; live heap 492580564)
logic:747 (3287 bytes; live heap 490532537)
logic:748 (438 bytes; live heap 489881472)
logic:749 (326 bytes; live heap 489202067)
logic:750 (2175 bytes; live heap 488208626)
logic:751 (604 bytes; live heap 486654851)
logic:752 (1940 bytes; live heap 485870769)
logic:753 (867 bytes; live heap 484277286)
logic:754 (7908 bytes; live heap 479851877)
logic:755 (1847 bytes; live heap 475231352)
logic:756 (2513 bytes; live heap 474155081)
logic:757 (1013 bytes; live heap 473965538)
logic:758 (690 bytes; live heap 473469793)
logic:759 (1695 bytes; live heap 472677663)
logic:760 (616 bytes; live heap 471560637)
logic:761 (18532 bytes; live heap 457603278)
logic:762 (14692 bytes; live heap 457085089)
logic:763 (270 bytes; live heap 456175755)
logic:764 (15388 bytes; live heap 447332461)
logic:765 (5446 bytes; live heap 435056127)
bitproof:777 (9831866 bytes; live heap 428460493)
certificate:447 (161415 bytes; live heap 429187446)
certificate:448 (476 bytes; live heap 429220411)
logic:766 (271 bytes; live heap 430513425)
logic:767 (3172 bytes; live heap 430574943)
logic:768 (429 bytes; live heap 430641040)
logic:769 (12350 bytes; live heap 430941035)
logic:770 (2532 bytes; live heap 431197689)
logic:771 (2273 bytes; live heap 431171971)
logic:772 (3655 bytes; live heap 431362352)
logic:773 (332 bytes; live heap 431332640)
logic:774 (197 bytes; live heap 431300435)
logic:775 (431 bytes; live heap 431279498)
logic:776 (24812 bytes; live heap 432440541)
logic:777 (1735 bytes; live heap 432373187)
logic:778 (1287 bytes; live heap 432352675)
logic:779 (2957 bytes; live heap 432357372)
certificate:449 (229103 bytes; live heap 435903451)
certificate:450 (98187 bytes; live heap 435702111)
certificate:451 (484 bytes; live heap 435772286)
certificate:452 (478 bytes; live heap 435867710)
certificate:453 (96430 bytes; live heap 436028020)
row-model:203 (155070 bytes; live heap 431641572)
certificate:454 (149601 bytes; live heap 431426775)
row-model:204 (155039 bytes; live heap 431688989)
certificate:455 (148611 bytes; live heap 430156641)
certificate:456 (298247 bytes; live heap 423612024)
certificate:457 (154466 bytes; live heap 417172364)
certificate:458 (98484 bytes; live heap 409232326)
bitproof:778 (8864 bytes; live heap 382957627)
bitproof:779 (3050 bytes; live heap 382636802)
certificate:459 (93472 bytes; live heap 382571450)
bitproof:780 (26159 bytes; live heap 382379786)
certificate:460 (93473 bytes; live heap 382878937)
bitproof:781 (132925 bytes; live heap 382138094)
certificate:461 (451 bytes; live heap 383127594)
certificate:462 (90511 bytes; live heap 382051634)
bitproof:782 (143647 bytes; live heap 380949130)
certificate:463 (93464 bytes; live heap 380957635)
certificate:464 (148979 bytes; live heap 442603399)
bitproof:783 (11688689 bytes; live heap 380201793)
bitproof:784 (1123 bytes; live heap 354870198)
bitproof:785 (3090 bytes; live heap 354801076)
bitproof:786 (121 bytes; live heap 354773369)
bitproof:787 (871304 bytes; live heap 354724966)
certificate:465 (93522 bytes; live heap 355623755)
row-model:205 (152685 bytes; live heap 355912753)
row-model:206 (153366 bytes; live heap 354714658)
bitproof:788 (759263 bytes; live heap 351424816)
bitproof:789 (191 bytes; live heap 346084368)
bitproof:790 (1086 bytes; live heap 346038515)
bitproof:791 (140971 bytes; live heap 346166378)
bitproof:792 (137397 bytes; live heap 345826862)
certificate:466 (448 bytes; live heap 345475163)
certificate:467 (471 bytes; live heap 346121995)
certificate:468 (13997 bytes; live heap 351563836)
certificate:469 (104273 bytes; live heap 351479154)
bitproof:793 (759460 bytes; live heap 344696185)
bitproof:794 (74999 bytes; live heap 339599777)
bitproof:795 (132 bytes; live heap 339173275)
bitproof:796 (132 bytes; live heap 339149704)
certificate:470 (98363 bytes; live heap 345079760)
certificate:471 (148407 bytes; live heap 346760660)
certificate:472 (10449 bytes; live heap 346632016)
certificate:473 (59642 bytes; live heap 347037601)
certificate:474 (93466 bytes; live heap 348583542)
certificate:475 (149438 bytes; live heap 380557878)
certificate:476 (96453 bytes; live heap 373008004)
bitproof:797 (5959711 bytes; live heap 329726022)
logic:780 (594862 bytes; live heap 323376211)
logic:781 (470 bytes; live heap 322827809)
logic:782 (3593 bytes; live heap 322940918)
logic:783 (542 bytes; live heap 322981375)
logic:784 (2127 bytes; live heap 323055657)
logic:785 (1541 bytes; live heap 323120380)
logic:786 (1128 bytes; live heap 323153093)
logic:787 (851 bytes; live heap 323200807)
logic:788 (13719 bytes; live heap 323230102)
logic:789 (2063 bytes; live heap 323271848)
logic:790 (5480 bytes; live heap 323299722)
logic:791 (2752 bytes; live heap 323344464)
logic:792 (730 bytes; live heap 323380644)
certificate:477 (148497 bytes; live heap 326875110)
logic:793 (86097 bytes; live heap 324990879)
logic:794 (2909 bytes; live heap 325252895)
logic:795 (2562 bytes; live heap 325329458)
logic:796 (667 bytes; live heap 325394329)
logic:797 (346 bytes; live heap 325408225)
logic:798 (3469 bytes; live heap 325461695)
certificate:478 (149126 bytes; live heap 325475309)
logic:799 (4829 bytes; live heap 325745169)
logic:800 (1763 bytes; live heap 326009155)
logic:801 (66 bytes; live heap 326049823)
logic:802 (2203 bytes; live heap 326091575)
logic:803 (598 bytes; live heap 326120300)
logic:804 (5002 bytes; live heap 325461685)
logic:805 (7044 bytes; live heap 326043759)
logic:806 (4352 bytes; live heap 327817492)
logic:807 (3183 bytes; live heap 328077601)
logic:808 (1753 bytes; live heap 328066584)
logic:809 (5604 bytes; live heap 328009235)
logic:810 (2109 bytes; live heap 327954182)
logic:811 (2391 bytes; live heap 327956744)
logic:812 (3316 bytes; live heap 327911860)
logic:813 (87625 bytes; live heap 333091399)
logic:814 (3732 bytes; live heap 331522655)
logic:815 (7399 bytes; live heap 330222917)
logic:816 (2564 bytes; live heap 329605614)
row-model:207 (2214152 bytes; live heap 327034517)
certificate:479 (148549 bytes; live heap 326158195)
certificate:480 (149147 bytes; live heap 325219424)
certificate:481 (165981 bytes; live heap 324553808)
certificate:482 (495 bytes; live heap 323760384)
logic:817 (67862 bytes; live heap 323764727)
certificate:483 (149123 bytes; live heap 328324552)
logic:818 (6571 bytes; live heap 345539496)
logic:819 (496 bytes; live heap 345640271)
logic:820 (673 bytes; live heap 345806738)
certificate:484 (488 bytes; live heap 417351542)
certificate:485 (115281 bytes; live heap 415731510)
certificate:486 (102778 bytes; live heap 415063415)
certificate:487 (93469 bytes; live heap 410455277)
certificate:488 (148549 bytes; live heap 409548422)
certificate:489 (154464 bytes; live heap 409185251)
certificate:490 (115436 bytes; live heap 401456106)
row-model:208 (153349 bytes; live heap 342986663)
row-model:209 (155047 bytes; live heap 341683729)
bitproof:798 (10740102 bytes; live heap 297869320)
certificate:491 (154466 bytes; live heap 298446086)
certificate:492 (98486 bytes; live heap 299931371)
certificate:493 (97894 bytes; live heap 298448939)
certificate:494 (148549 bytes; live heap 298224449)
logic:821 (607107 bytes; live heap 298095607)
logic:822 (3361 bytes; live heap 299583626)
logic:823 (10340 bytes; live heap 299620116)
logic:824 (1175 bytes; live heap 299716908)
logic:825 (572 bytes; live heap 299784843)
logic:826 (1960 bytes; live heap 299811753)
logic:827 (630 bytes; live heap 300327739)
logic:828 (1102 bytes; live heap 300340115)
logic:829 (13010 bytes; live heap 300915291)
certificate:495 (148549 bytes; live heap 330391284)
certificate:496 (99145 bytes; live heap 331423521)
certificate:497 (149131 bytes; live heap 335213057)
certificate:498 (98484 bytes; live heap 337252903)
bitproof:799 (136041 bytes; live heap 308900381)
bitproof:800 (197 bytes; live heap 307198416)
bitproof:801 (120 bytes; live heap 307134791)
row-model:210 (153302 bytes; live heap 315988470)
certificate:499 (149482 bytes; live heap 325217154)
certificate:500 (97908 bytes; live heap 329203546)
certificate:501 (114315 bytes; live heap 330540257)
certificate:502 (149125 bytes; live heap 334397228)
logic:830 (1521493 bytes; live heap 371837994)
certificate:503 (166397 bytes; live heap 321675045)
certificate:504 (478 bytes; live heap 314998835)
certificate:505 (148574 bytes; live heap 307759526)
bitproof:802 (8334041 bytes; live heap 303610507)
certificate:506 (93470 bytes; live heap 303879664)
certificate:507 (148558 bytes; live heap 305644671)
certificate:508 (98484 bytes; live heap 306668385)
logic:831 (2598 bytes; live heap 326519206)
logic:832 (1492 bytes; live heap 327167350)
logic:833 (529 bytes; live heap 327265117)
logic:834 (917 bytes; live heap 327957852)
logic:835 (8170 bytes; live heap 329660610)
logic:836 (1597 bytes; live heap 329832731)
logic:837 (191 bytes; live heap 330642486)
logic:838 (2238 bytes; live heap 331083895)
logic:839 (2286 bytes; live heap 331536905)
logic:840 (226 bytes; live heap 331855564)
certificate:509 (476 bytes; live heap 336947293)
row-model:211 (153335 bytes; live heap 337866167)
certificate:510 (93788 bytes; live heap 337996129)
row-model:212 (153309 bytes; live heap 338098240)
certificate:511 (154490 bytes; live heap 338501582)
logic:841 (312607 bytes; live heap 342554337)
logic:842 (201101 bytes; live heap 352263515)
logic:843 (1305 bytes; live heap 352751223)
certificate:512 (98485 bytes; live heap 356008259)
bitproof:803 (759975 bytes; live heap 351652615)
bitproof:804 (96 bytes; live heap 368181842)
certificate:513 (98485 bytes; live heap 371825580)
bitproof:805 (136077 bytes; live heap 372323286)
certificate:514 (93470 bytes; live heap 373793799)
bitproof:806 (136 bytes; live heap 373223712)
bitproof:807 (594334 bytes; live heap 387811466)
row-model:213 (152630 bytes; live heap 466964527)
bitproof:808 (740138 bytes; live heap 517613953)
bitproof:809 (3099 bytes; live heap 529008276)
bitproof:810 (759976 bytes; live heap 541019259)
bitproof:811 (265729 bytes; live heap 539302688)
bitproof:812 (8795 bytes; live heap 537972668)
bitproof:813 (75004 bytes; live heap 537387819)
row-model:214 (153031 bytes; live heap 541994110)
logic:844 (2239333 bytes; live heap 462245950)
bitproof:814 (1560095 bytes; live heap 457919548)
row-model:215 (153235 bytes; live heap 436422373)
row-model:216 (153307 bytes; live heap 432817593)
logic:845 (154 bytes; live heap 426894720)
logic:846 (19946 bytes; live heap 427179149)
logic:847 (842 bytes; live heap 425810864)
logic:848 (25693 bytes; live heap 425481609)
logic:849 (679 bytes; live heap 426022052)
logic:850 (8124 bytes; live heap 428428143)
logic:851 (1799 bytes; live heap 429290652)
logic:852 (682 bytes; live heap 429440239)
logic:853 (2674 bytes; live heap 429122731)
logic:854 (2970 bytes; live heap 428340476)
logic:855 (2715 bytes; live heap 427816003)
logic:856 (904 bytes; live heap 427246723)
logic:857 (990 bytes; live heap 427457595)
bitproof:815 (594859 bytes; live heap 429425331)
logic:858 (1614 bytes; live heap 428530538)
logic:859 (90247 bytes; live heap 431583828)
logic:860 (433 bytes; live heap 431504024)
logic:861 (2397 bytes; live heap 431782581)
logic:862 (2791 bytes; live heap 431708218)
row-model:217 (1492696 bytes; live heap 429554889)
bitproof:816 (1112 bytes; live heap 431117798)
logic:863 (5966 bytes; live heap 431164903)
bitproof:817 (3107 bytes; live heap 431232936)
bitproof:818 (11821528 bytes; live heap 481086484)
bitproof:819 (96 bytes; live heap 456925828)
bitproof:820 (142003 bytes; live heap 457843887)
bitproof:821 (96 bytes; live heap 457435533)
bitproof:822 (75015 bytes; live heap 457302854)
bitproof:823 (132926 bytes; live heap 456520210)
bitproof:824 (137 bytes; live heap 455845575)
bitproof:825 (144490 bytes; live heap 455838878)
bitproof:826 (1557 bytes; live heap 454213135)
bitproof:827 (120 bytes; live heap 453974388)
bitproof:828 (173 bytes; live heap 453803037)
bitproof:829 (96 bytes; live heap 453744648)
row-model:218 (41894 bytes; live heap 436086973)
row-model:219 (153307 bytes; live heap 434401186)
row-model:220 (153300 bytes; live heap 432919202)
bitproof:830 (763124 bytes; live heap 399416902)
bitproof:831 (75017 bytes; live heap 394928978)
bitproof:832 (122 bytes; live heap 393926658)
bitproof:833 (169 bytes; live heap 393938627)
bitproof:834 (3148 bytes; live heap 393935795)
bitproof:835 (8827 bytes; live heap 393874504)
certificate:515 (1649107 bytes; live heap 404039466)
row-model:221 (153300 bytes; live heap 480846154)
bitproof:836 (6175307 bytes; live heap 427261603)
row-model:222 (155048 bytes; live heap 418931030)
certificate:516 (148568 bytes; live heap 406594794)
certificate:517 (90840 bytes; live heap 401120565)
certificate:518 (98141 bytes; live heap 391446807)
certificate:519 (149125 bytes; live heap 386476467)
bitproof:837 (594350 bytes; live heap 368572567)
bitproof:838 (594334 bytes; live heap 335848280)
bitproof:839 (142011 bytes; live heap 335770051)
bitproof:840 (96 bytes; live heap 337603310)
bitproof:841 (7888 bytes; live heap 337487665)
bitproof:842 (75007 bytes; live heap 337599301)
certificate:520 (102787 bytes; live heap 336046933)
bitproof:843 (764847 bytes; live heap 325542983)
certificate:521 (448 bytes; live heap 324639379)
certificate:522 (97908 bytes; live heap 324486101)
row-model:223 (153300 bytes; live heap 323120110)
row-model:224 (155047 bytes; live heap 323436360)
certificate:523 (148549 bytes; live heap 375396492)
certificate:524 (93469 bytes; live heap 379815932)
certificate:525 (97911 bytes; live heap 384160477)
bitproof:844 (8323995 bytes; live heap 338040276)
bitproof:845 (771329 bytes; live heap 337650612)
row-model:225 (1492718 bytes; live heap 340558539)
bitproof:846 (667015 bytes; live heap 350431080)
bitproof:847 (166 bytes; live heap 350685833)
bitproof:848 (5796 bytes; live heap 350374636)
row-model:226 (153368 bytes; live heap 347274263)
bitproof:849 (276103 bytes; live heap 346428642)
row-model:227 (155047 bytes; live heap 346394636)
bitproof:850 (8837 bytes; live heap 344672353)
row-model:228 (153272 bytes; live heap 345017982)
bitproof:851 (629135 bytes; live heap 342032194)
bitproof:852 (759455 bytes; live heap 334727524)
bitproof:853 (143 bytes; live heap 322211988)
bitproof:854 (3134 bytes; live heap 322015263)
bitproof:855 (893 bytes; live heap 321819672)
bitproof:856 (594550 bytes; live heap 312934687)
bitproof:857 (758997 bytes; live heap 282202856)
bitproof:858 (3095 bytes; live heap 273216585)
bitproof:859 (155 bytes; live heap 273067747)
row-model:229 (153299 bytes; live heap 277699636)
bitproof:860 (759584 bytes; live heap 276224908)
bitproof:861 (28831 bytes; live heap 263807660)
bitproof:862 (136743 bytes; live heap 260846407)
bitproof:863 (594324 bytes; live heap 246239619)
certificate:526 (428532 bytes; live heap 241557749)
bitproof:864 (74992 bytes; live heap 237409861)
bitproof:865 (2127 bytes; live heap 237078693)
certificate:527 (97905 bytes; live heap 242655477)
bitproof:866 (1493430 bytes; live heap 220877140)
bitproof:867 (96 bytes; live heap 212386599)
bitproof:868 (4175 bytes; live heap 212097376)
bitproof:869 (2123 bytes; live heap 211742691)
bitproof:870 (132930 bytes; live heap 211791484)
certificate:528 (149139 bytes; live heap 211676737)
bitproof:871 (135 bytes; live heap 211120771)
bitproof:872 (1117 bytes; live heap 210506189)
certificate:529 (98481 bytes; live heap 219187723)
row-model:230 (150664 bytes; live heap 271196881)
certificate:530 (149127 bytes; live heap 215467844)
certificate:531 (93459 bytes; live heap 209525134)
core:239 (3370730 bytes; live heap 185082949)
bitproof:873 (7860620 bytes; live heap 184848070)
core:240 (2928 bytes; live heap 180786463)
core:241 (4014 bytes; live heap 180919841)
core:242 (2251 bytes; live heap 182365752)
core:243 (2880 bytes; live heap 182520207)
core:244 (1149 bytes; live heap 182834359)
certificate:532 (148549 bytes; live heap 182764125)
core:245 (6616 bytes; live heap 183395970)
core:246 (910 bytes; live heap 183954164)
core:247 (1461 bytes; live heap 184985077)
core:248 (4005 bytes; live heap 186384142)
core:249 (516 bytes; live heap 190593992)
core:250 (1813 bytes; live heap 175632248)
bitproof:874 (8830 bytes; live heap 150632007)
core:251 (13057 bytes; live heap 149519552)
core:252 (601 bytes; live heap 149936126)
core:253 (2485 bytes; live heap 149617405)
core:254 (984 bytes; live heap 149738015)
core:255 (313 bytes; live heap 149706631)
core:256 (10995 bytes; live heap 149719815)
core:257 (2025 bytes; live heap 149906074)
certificate:533 (148550 bytes; live heap 152179673)
row-model:231 (153290 bytes; live heap 153585069)
row-model:232 (153299 bytes; live heap 153610608)
logic:864 (2574171 bytes; live heap 140845089)
core:258 (1100538 bytes; live heap 136825751)
core:259 (1433 bytes; live heap 134276584)
core:260 (151 bytes; live heap 133318403)
core:261 (1470 bytes; live heap 132730384)
core:262 (588 bytes; live heap 132637466)
core:263 (528 bytes; live heap 132464970)
core:264 (1434 bytes; live heap 131793301)
core:265 (1167 bytes; live heap 131354801)
logic:865 (416 bytes; live heap 127147903)
certificate:534 (98493 bytes; live heap 126326143)
core:266 (3983 bytes; live heap 124781110)
logic:866 (72565 bytes; live heap 124566511)
certificate:535 (98494 bytes; live heap 124577015)
core:267 (2931 bytes; live heap 124509827)
logic:867 (1554 bytes; live heap 124106720)
core:268 (1038 bytes; live heap 124069755)
logic:868 (1660 bytes; live heap 124052637)
logic:869 (600 bytes; live heap 123916052)
logic:870 (6267 bytes; live heap 123450819)
core:269 (4008 bytes; live heap 123087470)
core:270 (1789 bytes; live heap 122801198)
core:271 (1497 bytes; live heap 122269867)
logic:871 (2807 bytes; live heap 122204665)
logic:872 (1375 bytes; live heap 122153129)
logic:873 (560 bytes; live heap 122038007)
core:272 (1436 bytes; live heap 122094971)
core:273 (2942 bytes; live heap 122211673)
bitproof:875 (763124 bytes; live heap 121483608)
core:274 (2531 bytes; live heap 121124025)
core:275 (2260 bytes; live heap 121179695)
core:276 (544 bytes; live heap 121138567)
logic:874 (25463 bytes; live heap 120944521)
logic:875 (375 bytes; live heap 120943471)
logic:876 (1734 bytes; live heap 120982187)
core:277 (1260 bytes; live heap 120988536)
core:278 (386 bytes; live heap 121004779)
core:279 (2931 bytes; live heap 121671678)
core:280 (614 bytes; live heap 121838755)
core:281 (1157 bytes; live heap 122394207)
core:282 (1246 bytes; live heap 122482168)
core:283 (2668 bytes; live heap 122727846)
core:284 (598 bytes; live heap 123265119)
core:285 (2552 bytes; live heap 123145429)
core:286 (1904 bytes; live heap 123221790)
core:287 (5248 bytes; live heap 124039036)
logic:877 (302652 bytes; live heap 123950730)
logic:878 (2422 bytes; live heap 123260550)
logic:879 (982 bytes; live heap 123220175)
logic:880 (757 bytes; live heap 123237038)
logic:881 (4691 bytes; live heap 123385808)
logic:882 (2139 bytes; live heap 123112922)
logic:883 (5428 bytes; live heap 123129357)
logic:884 (3643 bytes; live heap 123172248)
logic:885 (2123 bytes; live heap 123245420)
logic:886 (3139 bytes; live heap 123041655)
logic:887 (2341 bytes; live heap 123028626)
core:288 (5568 bytes; live heap 122778967)
logic:888 (2713 bytes; live heap 122753875)
core:289 (2266 bytes; live heap 122800375)
logic:889 (12465 bytes; live heap 122680104)
logic:890 (482 bytes; live heap 122670807)
logic:891 (572 bytes; live heap 122667020)
logic:892 (1005 bytes; live heap 122673640)
logic:893 (3705 bytes; live heap 122681017)
logic:894 (6555 bytes; live heap 122636621)
core:290 (1449 bytes; live heap 123506824)
core:291 (530 bytes; live heap 123899261)
core:292 (11207 bytes; live heap 123972513)
core:293 (2936 bytes; live heap 124330984)
core:294 (3654 bytes; live heap 124531665)
core:295 (2266 bytes; live heap 123239011)
certificate:536 (154500 bytes; live heap 123689757)
core:296 (984 bytes; live heap 124113805)
core:297 (1551 bytes; live heap 125863689)
core:298 (1206 bytes; live heap 126888252)
core:299 (1895 bytes; live heap 127371290)
core:300 (2527 bytes; live heap 124790160)
core:301 (2996 bytes; live heap 124747795)
core:302 (620 bytes; live heap 123981976)
bitproof:876 (594339 bytes; live heap 123197988)
core:303 (9231 bytes; live heap 123946540)
core:304 (985 bytes; live heap 124092497)
core:305 (10571 bytes; live heap 124169422)
core:306 (2536 bytes; live heap 122919932)
core:307 (2522 bytes; live heap 123286463)
bitproof:877 (143297 bytes; live heap 122509847)
core:308 (7195 bytes; live heap 122493733)
core:309 (2277 bytes; live heap 122847464)
core:310 (202557 bytes; live heap 122943834)
core:311 (1208 bytes; live heap 123580379)
core:312 (526 bytes; live heap 124357338)
core:313 (1206 bytes; live heap 124857414)
core:314 (1912 bytes; live heap 127214828)
core:315 (5283 bytes; live heap 128195773)
core:316 (10598 bytes; live heap 128138964)
core:317 (1114 bytes; live heap 127952843)
core:318 (1455 bytes; live heap 127450532)
core:319 (597 bytes; live heap 127269095)
core:320 (4008 bytes; live heap 126213179)
core:321 (1593 bytes; live heap 125196336)
core:322 (330 bytes; live heap 124246545)
core:323 (528 bytes; live heap 123582302)
bitproof:878 (772897 bytes; live heap 123274628)
core:324 (1004 bytes; live heap 123272182)
core:325 (588 bytes; live heap 123285826)
core:326 (1176 bytes; live heap 123256449)
core:327 (1214 bytes; live heap 123061464)
core:328 (2136 bytes; live heap 123146984)
core:329 (1474 bytes; live heap 123212676)
certificate:537 (149134 bytes; live heap 123202381)
core:330 (4023 bytes; live heap 123196482)
certificate:538 (200448 bytes; live heap 123412729)
core:331 (5257 bytes; live heap 123275747)
core:332 (3990 bytes; live heap 122902672)
row-model:233 (152630 bytes; live heap 122989240)
core:333 (10923 bytes; live heap 123933132)
core:334 (644 bytes; live heap 124139537)
core:335 (1482 bytes; live heap 123042805)
certificate:539 (32215 bytes; live heap 122621099)
core:336 (1476 bytes; live heap 122999664)
certificate:540 (98924 bytes; live heap 123146808)
core:337 (2268 bytes; live heap 123727780)
core:338 (436 bytes; live heap 123934697)
certificate:541 (96758 bytes; live heap 127796855)
certificate:542 (484 bytes; live heap 127403298)
bitproof:879 (265756 bytes; live heap 129484209)
certificate:543 (154468 bytes; live heap 131473558)
bitproof:880 (7064 bytes; live heap 131286661)
logic:895 (152489 bytes; live heap 152585473)
logic:896 (8635 bytes; live heap 154990177)
logic:897 (16443 bytes; live heap 155521317)
logic:898 (1990 bytes; live heap 156512144)
logic:899 (24798 bytes; live heap 169111788)
logic:900 (2515 bytes; live heap 173875100)
logic:901 (394 bytes; live heap 177905507)
certificate:544 (96479 bytes; live heap 228660583)
certificate:545 (102814 bytes; live heap 232489277)
certificate:546 (98583 bytes; live heap 310308478)
certificate:547 (96451 bytes; live heap 299282079)
row-model:234 (239129 bytes; live heap 298534861)
bitproof:881 (10334821 bytes; live heap 303406810)
row-model:235 (224233 bytes; live heap 303463986)
row-model:236 (152690 bytes; live heap 305642064)
row-model:237 (143999 bytes; live heap 307429884)
row-model:238 (155072 bytes; live heap 309014966)
bitproof:882 (1542563 bytes; live heap 444434376)
row-model:239 (155047 bytes; live heap 450207379)
row-model:240 (155070 bytes; live heap 451577791)
bitproof:883 (45435 bytes; live heap 458721553)
bitproof:884 (4743 bytes; live heap 458911582)
bitproof:885 (45425 bytes; live heap 483046774)
bitproof:886 (173 bytes; live heap 483721044)
bitproof:887 (160 bytes; live heap 483910441)
bitproof:888 (4034 bytes; live heap 484522700)
bitproof:889 (740179 bytes; live heap 553173059)
bitproof:890 (1116 bytes; live heap 567759188)
bitproof:891 (594345 bytes; live heap 585752206)
bitproof:892 (105498 bytes; live heap 592548592)
bitproof:893 (50609 bytes; live heap 594002803)
bitproof:894 (173 bytes; live heap 594236314)
bitproof:895 (615007 bytes; live heap 599386116)
bitproof:896 (143287 bytes; live heap 597689279)
row-model:241 (155048 bytes; live heap 597673288)
bitproof:897 (1734391 bytes; live heap 575004060)
bitproof:898 (780428 bytes; live heap 478574484)
row-model:242 (153299 bytes; live heap 474172964)
bitproof:899 (174 bytes; live heap 441579586)
bitproof:900 (158 bytes; live heap 441317461)
row-model:243 (155048 bytes; live heap 352659280)
logic:902 (1200997 bytes; live heap 317110602)
bitproof:901 (2894934 bytes; live heap 310878077)
certificate:548 (149312 bytes; live heap 290595882)
certificate:549 (767 bytes; live heap 288356066)
certificate:550 (93414 bytes; live heap 288238987)
logic:903 (891 bytes; live heap 277559298)
logic:904 (2054 bytes; live heap 277353025)
logic:905 (277 bytes; live heap 277076182)
logic:906 (1946 bytes; live heap 276882815)
logic:907 (10760 bytes; live heap 275545301)
logic:908 (5802 bytes; live heap 275242503)
logic:909 (2301 bytes; live heap 274620427)
logic:910 (3310 bytes; live heap 274725177)
logic:911 (953 bytes; live heap 274547075)
logic:912 (1173 bytes; live heap 274354641)
logic:913 (399 bytes; live heap 274320150)
row-model:244 (153299 bytes; live heap 274321683)
logic:914 (6787 bytes; live heap 274196248)
bitproof:902 (8828 bytes; live heap 269963122)
bitproof:903 (171 bytes; live heap 270758938)
bitproof:904 (884 bytes; live heap 270838788)
certificate:551 (149124 bytes; live heap 305924950)
logic:915 (486458 bytes; live heap 320345210)
logic:916 (356 bytes; live heap 353490298)
logic:917 (2172 bytes; live heap 353489413)
logic:918 (1094 bytes; live heap 353470409)
logic:919 (8719 bytes; live heap 355585151)
logic:920 (2033 bytes; live heap 355567088)
logic:921 (208 bytes; live heap 355580234)
logic:922 (7287 bytes; live heap 359765551)
logic:923 (1580 bytes; live heap 359755518)
logic:924 (5160 bytes; live heap 359768453)
logic:925 (2581 bytes; live heap 359747411)
logic:926 (1693 bytes; live heap 359749897)
logic:927 (326 bytes; live heap 359757405)
logic:928 (1752 bytes; live heap 359750255)
logic:929 (390 bytes; live heap 359737398)
logic:930 (2059 bytes; live heap 359732583)
logic:931 (939 bytes; live heap 359719889)
logic:932 (913 bytes; live heap 359700855)
logic:933 (2171 bytes; live heap 359632645)
logic:934 (2486 bytes; live heap 359592285)
logic:935 (2386 bytes; live heap 359602903)
logic:936 (4523 bytes; live heap 359598310)
logic:937 (8697 bytes; live heap 367936551)
logic:938 (8611 bytes; live heap 367265129)
logic:939 (1088 bytes; live heap 365179611)
logic:940 (230 bytes; live heap 365043135)
logic:941 (6693 bytes; live heap 361420469)
logic:942 (924 bytes; live heap 360391839)
logic:943 (1127 bytes; live heap 359681813)
logic:944 (627309 bytes; live heap 359813568)
certificate:552 (149072 bytes; live heap 341238980)
logic:945 (1905 bytes; live heap 338274614)
logic:946 (3010 bytes; live heap 337553427)
logic:947 (201930 bytes; live heap 336697831)
logic:948 (374 bytes; live heap 336234001)
logic:949 (4465 bytes; live heap 335298401)
certificate:553 (149152 bytes; live heap 334206656)
certificate:554 (148557 bytes; live heap 330348234)
certificate:555 (154727 bytes; live heap 325763243)
certificate:556 (476 bytes; live heap 309807697)
certificate:557 (31295 bytes; live heap 309470101)
certificate:558 (148561 bytes; live heap 305155486)
certificate:559 (154466 bytes; live heap 302690881)
row-model:245 (153290 bytes; live heap 288812771)
bitproof:905 (9156606 bytes; live heap 287904643)
row-model:246 (153307 bytes; live heap 289731448)
row-model:247 (153301 bytes; live heap 290617164)
certificate:560 (93473 bytes; live heap 306618530)
certificate:561 (97910 bytes; live heap 306825292)
certificate:562 (149124 bytes; live heap 320798101)
certificate:563 (155954 bytes; live heap 321350438)
logic:950 (555949 bytes; live heap 290722151)
bitproof:906 (75003 bytes; live heap 291493333)
bitproof:907 (148 bytes; live heap 293502839)
logic:951 (43786 bytes; live heap 369637763)
logic:952 (2692 bytes; live heap 381058843)
logic:953 (2393 bytes; live heap 386365455)
row-model:248 (155047 bytes; live heap 387359848)
logic:954 (6873 bytes; live heap 387784934)
row-model:249 (153307 bytes; live heap 388554268)
logic:955 (176 bytes; live heap 388997884)
row-model:250 (153322 bytes; live heap 390519931)
logic:956 (2843 bytes; live heap 390852948)
logic:957 (1896 bytes; live heap 391800611)
logic:958 (1899 bytes; live heap 392165182)
logic:959 (511 bytes; live heap 392389255)
logic:960 (542 bytes; live heap 392610318)
logic:961 (711 bytes; live heap 401273591)
logic:962 (1996 bytes; live heap 401355147)
logic:963 (2305 bytes; live heap 401464650)
logic:964 (996 bytes; live heap 401799435)
logic:965 (8299 bytes; live heap 402929468)
logic:966 (792 bytes; live heap 397979215)
logic:967 (2850 bytes; live heap 394990986)
logic:968 (1431 bytes; live heap 393675479)
certificate:564 (443 bytes; live heap 390862960)
logic:969 (1947 bytes; live heap 389282647)
logic:970 (2107 bytes; live heap 387944274)
logic:971 (2212 bytes; live heap 386796751)
logic:972 (4086 bytes; live heap 382873166)
certificate:565 (148568 bytes; live heap 380311351)
logic:973 (183 bytes; live heap 375745081)
logic:974 (28646 bytes; live heap 355311762)
bitproof:908 (9038080 bytes; live heap 348406530)
certificate:566 (258500 bytes; live heap 380317962)
certificate:567 (93461 bytes; live heap 383541683)
bitproof:909 (142 bytes; live heap 368346479)
bitproof:910 (74590 bytes; live heap 369214482)
bitproof:911 (759648 bytes; live heap 377920859)
logic:975 (1340406 bytes; live heap 380022902)
logic:976 (2324 bytes; live heap 378266497)
certificate:568 (93483 bytes; live heap 385199780)
certificate:569 (98371 bytes; live heap 390621622)
certificate:570 (97910 bytes; live heap 391383300)
bitproof:912 (2129 bytes; live heap 390218107)
bitproof:913 (3082 bytes; live heap 390496663)
bitproof:914 (96 bytes; live heap 390670759)
bitproof:915 (884 bytes; live heap 390776764)
bitproof:916 (3123 bytes; live heap 391046617)
certificate:571 (21040 bytes; live heap 444177171)
certificate:572 (527 bytes; live heap 444369364)
certificate:573 (98213 bytes; live heap 449967178)
certificate:574 (475 bytes; live heap 450525390)
certificate:575 (200448 bytes; live heap 450841866)
certificate:576 (148551 bytes; live heap 451556760)
certificate:577 (102786 bytes; live heap 394242364)
bitproof:917 (2979566 bytes; live heap 392365426)
certificate:578 (93474 bytes; live heap 392890653)
certificate:579 (24588 bytes; live heap 394939337)
certificate:580 (93802 bytes; live heap 394590475)
certificate:581 (448 bytes; live heap 394105756)
certificate:582 (149125 bytes; live heap 393099142)
row-model:251 (2214090 bytes; live heap 380755203)
row-model:252 (153895 bytes; live heap 376530216)
row-model:253 (153229 bytes; live heap 375663723)
row-model:254 (161273 bytes; live heap 374729025)
certificate:583 (155112 bytes; live heap 361313776)
certificate:584 (104274 bytes; live heap 360174944)
certificate:585 (93461 bytes; live heap 358472198)
bitproof:918 (74994 bytes; live heap 351614358)
bitproof:919 (137093 bytes; live heap 350419303)
certificate:586 (97909 bytes; live heap 397172057)
certificate:587 (149125 bytes; live heap 403111850)
bitproof:920 (8868040 bytes; live heap 308380683)
row-model:255 (153187 bytes; live heap 306679372)
row-model:256 (153299 bytes; live heap 305875017)
logic:977 (759992 bytes; live heap 301494924)
logic:978 (1734 bytes; live heap 300058963)
logic:979 (201800 bytes; live heap 300511973)
logic:980 (2147 bytes; live heap 300216547)
logic:981 (4219 bytes; live heap 299907372)
logic:982 (3410 bytes; live heap 299630163)
certificate:588 (154467 bytes; live heap 299472249)
logic:983 (562 bytes; live heap 299452133)
logic:984 (2826 bytes; live heap 299558053)
logic:985 (254 bytes; live heap 299711221)
logic:986 (545 bytes; live heap 299719607)
logic:987 (3625 bytes; live heap 299671122)
certificate:589 (93461 bytes; live heap 300035517)
logic:988 (20117 bytes; live heap 298076790)
logic:989 (1937 bytes; live heap 300152132)
logic:990 (478 bytes; live heap 300295877)
logic:991 (598 bytes; live heap 300530950)
logic:992 (584 bytes; live heap 300671407)
logic:993 (2261 bytes; live heap 301520642)
logic:994 (3360 bytes; live heap 302991389)
certificate:590 (573 bytes; live heap 323122477)
certificate:591 (7346 bytes; live heap 323504779)
certificate:592 (98544 bytes; live heap 324901268)
certificate:593 (148557 bytes; live heap 317916341)
certificate:594 (149122 bytes; live heap 301694344)
bitproof:921 (74996 bytes; live heap 278780499)
bitproof:922 (120 bytes; live heap 278687146)
bitproof:923 (3107 bytes; live heap 278696101)
bitproof:924 (8827 bytes; live heap 278714713)
bitproof:925 (136709 bytes; live heap 278968440)
bitproof:926 (8840 bytes; live heap 278724172)
bitproof:927 (151 bytes; live heap 278724133)
row-model:257 (153299 bytes; live heap 360893432)
bitproof:928 (11952916 bytes; live heap 294937191)
certificate:595 (517 bytes; live heap 294956175)
certificate:596 (155961 bytes; live heap 296015692)
certificate:597 (148496 bytes; live heap 317920437)
certificate:598 (93341 bytes; live heap 319446543)
certificate:599 (148563 bytes; live heap 322607273)
bitproof:929 (12766 bytes; live heap 264619862)
bitproof:930 (133 bytes; live heap 264905828)
bitproof:931 (594340 bytes; live heap 268204484)
bitproof:932 (132929 bytes; live heap 263535408)
bitproof:933 (88492 bytes; live heap 263492144)
bitproof:934 (7949 bytes; live heap 268754501)
row-model:258 (155047 bytes; live heap 325500327)
certificate:600 (102780 bytes; live heap 326030462)
row-model:259 (165047 bytes; live heap 324398287)
certificate:601 (149133 bytes; live heap 322633186)
certificate:602 (97909 bytes; live heap 326984148)
certificate:603 (81279 bytes; live heap 326404635)
certificate:604 (149207 bytes; live heap 324687019)
certificate:605 (148496 bytes; live heap 299755186)
certificate:606 (156232 bytes; live heap 295134654)
certificate:607 (93480 bytes; live heap 287847902)
bitproof:935 (11821164 bytes; live heap 255207350)
certificate:608 (476 bytes; live heap 257101310)
certificate:609 (148561 bytes; live heap 257302605)
certificate:610 (148563 bytes; live heap 257564624)
bitproof:936 (594352 bytes; live heap 213881821)
bitproof:937 (265745 bytes; live heap 209234542)
bitproof:938 (7917 bytes; live heap 203539180)
bitproof:939 (104799 bytes; live heap 203099307)
bitproof:940 (169 bytes; live heap 202219800)
bitproof:941 (1396322 bytes; live heap 197911189)
certificate:611 (97898 bytes; live heap 199453244)
certificate:612 (430 bytes; live heap 198944094)
certificate:613 (148549 bytes; live heap 198751205)
certificate:614 (93781 bytes; live heap 198679482)
certificate:615 (97916 bytes; live heap 197841843)
certificate:616 (97908 bytes; live heap 196846770)
bitproof:942 (23094 bytes; live heap 188489114)
bitproof:943 (50607 bytes; live heap 188207032)
bitproof:944 (8849 bytes; live heap 187756886)
bitproof:945 (96 bytes; live heap 187571264)
bitproof:946 (137347 bytes; live heap 187136951)
bitproof:947 (96 bytes; live heap 188017599)
bitproof:948 (8829 bytes; live heap 188331919)
bitproof:949 (136712 bytes; live heap 188927542)
bitproof:950 (2123 bytes; live heap 189024302)
bitproof:951 (140 bytes; live heap 189062089)
bitproof:952 (3170 bytes; live heap 189118447)
bitproof:953 (12 bytes; live heap 189150340)
bitproof:954 (132925 bytes; live heap 189440327)
bitproof:955 (759213 bytes; live heap 183671123)
certificate:617 (149125 bytes; live heap 180239060)
certificate:618 (148474 bytes; live heap 180020215)
certificate:619 (104273 bytes; live heap 179725221)
bitproof:956 (142050 bytes; live heap 174804702)
bitproof:957 (147 bytes; live heap 173884369)
bitproof:958 (136712 bytes; live heap 173582489)
bitproof:959 (132916 bytes; live heap 171236676)
certificate:620 (460 bytes; live heap 169895246)
row-model:260 (153355 bytes; live heap 170132183)
certificate:621 (98729 bytes; live heap 170149524)
row-model:261 (353332 bytes; live heap 170258583)
certificate:622 (149139 bytes; live heap 170753227)
certificate:623 (98564 bytes; live heap 170391691)
certificate:624 (148549 bytes; live heap 170452883)
logic:995 (627317 bytes; live heap 165061847)
logic:996 (598 bytes; live heap 163374474)
logic:997 (564 bytes; live heap 163224113)
logic:998 (816 bytes; live heap 163049299)
logic:999 (1147 bytes; live heap 162805491)
logic: 1000 cases in 10.079745291s; 80 mutants accepted; slowest seed 178.212917ms; slowest case 392 193.179375ms; largest heap case 276 18850224 bytes
      38 undeclared logic import
      33 duplicate logic identity
      28 logic argument count mismatch
      22 unknown constructor
      19 recursive parameter must be an inductive datatype
      19 unbound logic variable
      17 invalid type: sequence, expected a string at line 1 column 2
      17 unknown or undeclared logic entry
      16 invalid type: sequence, expected a string at line 1 column 1
      13 logic argument type mismatch
       9 invalid type: sequence, expected a string at line 1 column 7
       8 bit proof hint is not unit or conflicting
       8 invalid type: sequence, expected a string at line 1 column 4
       7 control character (\u0000-\u001F) found while parsing a stri
       7 invalid type: sequence, expected a string at line 1 column 3
       7 invalid value: integer `-1`, expected usize at line 1 column
       7 unknown logic hypothesis
       6 invalid length 1, expected a tuple of size 2 at line 1 colum
       6 invalid type: sequence, expected a string at line 1 column 5
       5 invalid datatype constructor
       5 invalid type: sequence, expected a string at line 1 column 6
       4 duplicate logic parameter
       4 invalid logic binder name
       4 invalid type: boolean `true`, expected a string at line 1 co
       4 invalid type: map, expected a tuple of size 2 at line 1 colu
core:339 (2901445 bytes; live heap 128810372)
bitproof:960 (820218 bytes; live heap 127521658)
bitproof:961 (1600 bytes; live heap 130020181)
bitproof:962 (96 bytes; live heap 130071771)
bitproof:963 (1123 bytes; live heap 130119426)
bitproof:964 (135 bytes; live heap 130145507)
bitproof:965 (74995 bytes; live heap 137662778)
row-model:262 (153307 bytes; live heap 148754696)
row-model:263 (153368 bytes; live heap 149080065)
row-model:264 (153311 bytes; live heap 148736735)
row-model:265 (153299 bytes; live heap 147901047)
core:340 (388 bytes; live heap 109220152)
core:341 (7215 bytes; live heap 105821531)
core:342 (9 bytes; live heap 105345573)
core:343 (15434 bytes; live heap 103647690)
core:344 (3363 bytes; live heap 100098624)
core:345 (981 bytes; live heap 101281416)
core:346 (1057 bytes; live heap 100581455)
bitproof:966 (780135 bytes; live heap 99807400)
core:347 (10148 bytes; live heap 99613077)
core:348 (1119 bytes; live heap 99551003)
core:349 (987 bytes; live heap 99896966)
core:350 (14460 bytes; live heap 100315079)
test fuzz_logic_objects ... ok
core:351 (2928 bytes; live heap 100172328)
core:352 (4003 bytes; live heap 99481113)
core:353 (1482 bytes; live heap 99301450)
core:354 (984 bytes; live heap 103405426)
core:355 (2534 bytes; live heap 103375871)
core:356 (620 bytes; live heap 103343097)
core:357 (1206 bytes; live heap 103329207)
core:358 (1944 bytes; live heap 103294404)
core:359 (6 bytes; live heap 103253091)
bitproof:967 (132 bytes; live heap 100633213)
core:360 (1167 bytes; live heap 101181418)
bitproof:968 (74994 bytes; live heap 101134363)
bitproof:969 (120 bytes; live heap 101010384)
bitproof:970 (130 bytes; live heap 100893930)
core:361 (5199 bytes; live heap 101451681)
core:362 (1362 bytes; live heap 103151568)
core:363 (5264 bytes; live heap 106655121)
core:364 (1116 bytes; live heap 113142339)
core:365 (1923 bytes; live heap 113158130)
core:366 (1187 bytes; live heap 113319632)
core:367 (4000 bytes; live heap 114270195)
core:368 (3194 bytes; live heap 114470435)
core:369 (1912 bytes; live heap 113216668)
core:370 (2922 bytes; live heap 110689254)
core:371 (2266 bytes; live heap 103883838)
bitproof:971 (1621455 bytes; live heap 103361246)
core:372 (1921 bytes; live heap 103463876)
core:373 (1170 bytes; live heap 103778680)
core:374 (2938 bytes; live heap 108806863)
core:375 (5486 bytes; live heap 113642685)
core:376 (1171 bytes; live heap 115487254)
core:377 (5262 bytes; live heap 118325610)
core:378 (1062 bytes; live heap 118656385)
core:379 (372 bytes; live heap 118931289)
core:380 (529 bytes; live heap 119197809)
core:381 (504 bytes; live heap 119517566)
bitproof:972 (136349 bytes; live heap 117009688)
bitproof:973 (156 bytes; live heap 118303461)
bitproof:974 (3099 bytes; live heap 118688562)
bitproof:975 (74995 bytes; live heap 120308285)
bitproof:976 (8878 bytes; live heap 121837117)
bitproof:977 (120 bytes; live heap 122207295)
bitproof:978 (3056 bytes; live heap 122541918)
bitproof:979 (132 bytes; live heap 122818384)
bitproof:980 (134 bytes; live heap 122970923)
bitproof:981 (884 bytes; live heap 123086598)
bitproof:982 (166 bytes; live heap 123205807)
bitproof:983 (136254 bytes; live heap 124892713)
bitproof:984 (7934 bytes; live heap 128161536)
bitproof:985 (1108 bytes; live heap 128879287)
bitproof:986 (142125 bytes; live heap 131019092)
row-model:266 (153290 bytes; live heap 147077414)
row-model:267 (153163 bytes; live heap 151291260)
row-model:268 (153380 bytes; live heap 155133754)
row-model:269 (148416 bytes; live heap 161715390)
row-model:270 (153238 bytes; live heap 165303963)
core:382 (302559 bytes; live heap 200097695)
core:383 (1883 bytes; live heap 183219521)
core:384 (1921 bytes; live heap 180667410)
bitproof:987 (8677516 bytes; live heap 177668851)
core:385 (2534 bytes; live heap 177523621)
core:386 (15255 bytes; live heap 177513646)
core:387 (213 bytes; live heap 177199299)
core:388 (985 bytes; live heap 176942914)
core:389 (1146 bytes; live heap 177011069)
core:390 (45386 bytes; live heap 175098062)
core:391 (1138 bytes; live heap 174678299)
core:392 (582 bytes; live heap 174644454)
row-model:271 (152630 bytes; live heap 173764910)
bitproof:988 (132928 bytes; live heap 119930451)
bitproof:989 (74619 bytes; live heap 119176939)
bitproof:990 (208002 bytes; live heap 118447209)
core:393 (99897 bytes; live heap 114836635)
core:394 (1999 bytes; live heap 112660038)
core:395 (1801 bytes; live heap 111106439)
bitproof:991 (593987 bytes; live heap 109538713)
core:396 (1922 bytes; live heap 109421664)
core:397 (1939 bytes; live heap 108752303)
core:398 (1478 bytes; live heap 108258384)
core:399 (2895 bytes; live heap 107749278)
core:400 (550 bytes; live heap 107640451)
core:401 (695 bytes; live heap 104610731)
core:402 (2588 bytes; live heap 103076122)
bitproof:992 (96 bytes; live heap 101325590)
bitproof:993 (173 bytes; live heap 101324827)
bitproof:994 (169 bytes; live heap 101322751)
bitproof:995 (140 bytes; live heap 101356095)
core:403 (2266 bytes; live heap 101866715)
bitproof:996 (136707 bytes; live heap 101517918)
bitproof:997 (2135 bytes; live heap 101138823)
bitproof:998 (177 bytes; live heap 101018183)
core:404 (1351 bytes; live heap 100735052)
row-model:272 (163322 bytes; live heap 100953885)
bitproof:999 (14833 bytes; live heap 100846772)
bitproof: 1000 cases in 12.783548375s; 31 mutants accepted; slowest seed 28.372ms; slowest case 46 148.303959ms; largest heap case 928 32702838 bytes
     184 bit proof hint is not unit or conflicting
     146 unused bit proof hint after conflict
     136 bit proof references missing/future clause
     104 bit proof step count limit
      81 bit proof continues after contradiction
      76 proof literal outside circuit
      51 bit proof clause lacks a unit-propagation derivation
      34 invalid value: integer `-1099511627776`, expected i32 at lin
      28 invalid value: integer `2147483648`, expected i32 at line 1 
      27 bit proof step size limit
      21 invalid proof literal
       5 bit proof circuit identity mismatch
       2 invalid type: map, expected a sequence at line 1 column 115
       2 invalid value: integer `9223372036854775807`, expected i32 a
       1 EOF while parsing a list at line 1 column 36868
       1 EOF while parsing a list at line 1 column 5796
       1 EOF while parsing an object at line 1 column 4743
       1 bit proof has no final contradiction
       1 duplicate field `clause` at line 1 column 115
       1 duplicate field `clause` at line 1 column 1536
       1 duplicate field `steps` at line 1 column 132928
       1 expected `,` or `]` at line 1 column 120
       1 expected `,` or `]` at line 1 column 121777
       1 expected `,` or `]` at line 1 column 14334
       1 expected `,` or `]` at line 1 column 181
core:405 (1153 bytes; live heap 100910489)
core:406 (1462 bytes; live heap 100244811)
core:407 (1042 bytes; live heap 99350174)
core:408 (195 bytes; live heap 99329314)
core:409 (1835 bytes; live heap 99232821)
core:410 (2266 bytes; live heap 99192145)
core:411 (1047 bytes; live heap 99132538)
core:412 (1124 bytes; live heap 99093135)
core:413 (2555 bytes; live heap 99047526)
core:414 (1468 bytes; live heap 98968547)
core:415 (1906 bytes; live heap 98900181)
core:416 (387 bytes; live heap 98888353)
core:417 (104 bytes; live heap 98871611)
core:418 (1867 bytes; live heap 98815226)
core:419 (2784 bytes; live heap 98755532)
core:420 (830 bytes; live heap 98738386)
core:421 (1927 bytes; live heap 98678807)
core:422 (1207 bytes; live heap 98640778)
core:423 (1505 bytes; live heap 98540561)
core:424 (591 bytes; live heap 98495962)
core:425 (1172 bytes; live heap 98467309)
core:426 (525 bytes; live heap 98424879)
core:427 (204297 bytes; live heap 98605535)
core:428 (1441 bytes; live heap 98368642)
core:429 (2986 bytes; live heap 98286641)
core:430 (1215 bytes; live heap 98255136)
core:431 (2838 bytes; live heap 94654974)
core:432 (3256 bytes; live heap 94325253)
core:433 (1883 bytes; live heap 93713141)
core:434 (11145 bytes; live heap 92628446)
core:435 (387 bytes; live heap 92609814)
core:436 (1509 bytes; live heap 92160594)
core:437 (13390 bytes; live heap 89614240)
test fuzz_bitproof_certificates ... ok
row-model:273 (153289 bytes; live heap 120962685)
row-model:274 (153315 bytes; live heap 121691315)
row-model:275 (154051 bytes; live heap 123296209)
row-model:276 (1492763 bytes; live heap 228495856)
row-model:277 (153668 bytes; live heap 260505121)
row-model:278 (152840 bytes; live heap 259150889)
row-model:279 (153171 bytes; live heap 207076612)
row-model:280 (1492664 bytes; live heap 104465778)
certificate:625 (1748440 bytes; live heap 14536493)
row-model:281 (153299 bytes; live heap 14259545)
core:438 (3428864 bytes; live heap 12217674)
certificate:626 (148520 bytes; live heap 16510404)
certificate:627 (148549 bytes; live heap 16905948)
row-model:282 (155047 bytes; live heap 20886267)
certificate:628 (448 bytes; live heap 23175227)
certificate:629 (460 bytes; live heap 23219481)
certificate:630 (2474 bytes; live heap 23264942)
certificate:631 (98400 bytes; live heap 23733580)
certificate:632 (104322 bytes; live heap 24709162)
certificate:633 (21518 bytes; live heap 26557624)
certificate:634 (149111 bytes; live heap 26156489)
certificate:635 (96428 bytes; live heap 25840152)
certificate:636 (104273 bytes; live heap 23652709)
row-model:283 (153232 bytes; live heap 21120197)
certificate:637 (149111 bytes; live heap 21018843)
certificate:638 (149122 bytes; live heap 20678035)
certificate:639 (93506 bytes; live heap 5839260)
certificate:640 (148666 bytes; live heap 6600583)
row-model:284 (153286 bytes; live heap 12835852)
row-model:285 (152238 bytes; live heap 13051801)
row-model:286 (153318 bytes; live heap 13359403)
row-model:287 (153323 bytes; live heap 13571039)
row-model:288 (155047 bytes; live heap 13538154)
row-model:289 (153271 bytes; live heap 13912043)
certificate:641 (96430 bytes; live heap 14332910)
certificate:642 (484 bytes; live heap 14363259)
certificate:643 (492 bytes; live heap 14504215)
certificate:644 (97910 bytes; live heap 14784909)
certificate:645 (98488 bytes; live heap 20089513)
certificate:646 (434 bytes; live heap 20164293)
certificate:647 (97634 bytes; live heap 20511489)
certificate:648 (98486 bytes; live heap 26018120)
row-model:290 (153299 bytes; live heap 30827298)
certificate:649 (148549 bytes; live heap 31886787)
certificate:650 (94134 bytes; live heap 35713197)
certificate:651 (93461 bytes; live heap 35714075)
certificate:652 (93464 bytes; live heap 36882400)
certificate:653 (102787 bytes; live heap 36963499)
certificate:654 (149125 bytes; live heap 36963028)
row-model:291 (153299 bytes; live heap 36749165)
certificate:655 (149125 bytes; live heap 38948318)
certificate:656 (538 bytes; live heap 34040993)
certificate:657 (114273 bytes; live heap 34180798)
row-model:292 (153567 bytes; live heap 33890917)
row-model:293 (155038 bytes; live heap 32829945)
certificate:658 (168231 bytes; live heap 32383317)
certificate:659 (97908 bytes; live heap 28802521)
certificate:660 (406 bytes; live heap 28376116)
certificate:661 (93461 bytes; live heap 28294263)
certificate:662 (148549 bytes; live heap 24761302)
row-model:294 (153307 bytes; live heap 19476163)
row-model:295 (153299 bytes; live heap 19240897)
certificate:663 (148510 bytes; live heap 18613671)
certificate:664 (149153 bytes; live heap 18517061)
certificate:665 (97736 bytes; live heap 18334088)
certificate:666 (155955 bytes; live heap 18266661)
certificate:667 (149125 bytes; live heap 16843416)
certificate:668 (149501 bytes; live heap 10296135)
core:439 (3331383 bytes; live heap 9610076)
core:440 (1991 bytes; live heap 5420501)
core:441 (39095 bytes; live heap 5554418)
core:442 (1183 bytes; live heap 5419774)
core:443 (1982 bytes; live heap 5438487)
core:444 (3873 bytes; live heap 5453140)
row-model:296 (155047 bytes; live heap 5128896)
core:445 (5247 bytes; live heap 5048282)
core:446 (2534 bytes; live heap 5103066)
core:447 (528 bytes; live heap 5065221)
core:448 (2978 bytes; live heap 5098801)
core:449 (2542 bytes; live heap 5100120)
core:450 (794 bytes; live heap 5110049)
core:451 (1435 bytes; live heap 5101645)
core:452 (1130 bytes; live heap 5117415)
core:453 (3925 bytes; live heap 5180173)
core:454 (8572 bytes; live heap 5204456)
core:455 (1845 bytes; live heap 5208293)
core:456 (12678 bytes; live heap 5243479)
core:457 (4039 bytes; live heap 5214721)
core:458 (997 bytes; live heap 5207520)
core:459 (2001 bytes; live heap 5181660)
core:460 (1476 bytes; live heap 5179724)
certificate:669 (450 bytes; live heap 4665344)
core:461 (995 bytes; live heap 4643401)
core:462 (1485 bytes; live heap 4817511)
certificate:670 (93476 bytes; live heap 4822205)
core:463 (1300 bytes; live heap 4788916)
core:464 (1206 bytes; live heap 4779316)
certificate:671 (93460 bytes; live heap 4848464)
core:465 (1443 bytes; live heap 4813686)
core:466 (733 bytes; live heap 4854608)
core:467 (466 bytes; live heap 4921212)
core:468 (2928 bytes; live heap 4861796)
core:469 (530 bytes; live heap 4759265)
certificate:672 (487 bytes; live heap 4731971)
core:470 (1876 bytes; live heap 4941923)
certificate:673 (98484 bytes; live heap 8356963)
certificate:674 (148568 bytes; live heap 9833706)
certificate:675 (97905 bytes; live heap 11819080)
certificate:676 (97908 bytes; live heap 13149203)
certificate:677 (98106 bytes; live heap 41075517)
certificate:678 (448 bytes; live heap 68500678)
certificate:679 (455 bytes; live heap 69078153)
certificate:680 (96430 bytes; live heap 69774636)
row-model:297 (153238 bytes; live heap 72742689)
certificate:681 (499 bytes; live heap 72679732)
certificate:682 (98485 bytes; live heap 73880453)
certificate:683 (98545 bytes; live heap 73201311)
certificate:684 (149097 bytes; live heap 46361566)
certificate:685 (97939 bytes; live heap 43663597)
certificate:686 (93615 bytes; live heap 42201076)
certificate:687 (98486 bytes; live heap 41157960)
certificate:688 (98105 bytes; live heap 39943666)
certificate:689 (148764 bytes; live heap 37578447)
certificate:690 (97908 bytes; live heap 35877909)
certificate:691 (828 bytes; live heap 34603245)
certificate:692 (479 bytes; live heap 34161471)
certificate:693 (98484 bytes; live heap 33106530)
row-model:298 (153315 bytes; live heap 19379955)
row-model:299 (153285 bytes; live heap 18801246)
row-model:300 (155047 bytes; live heap 18369007)
row-model:301 (153299 bytes; live heap 17535886)
certificate:694 (148549 bytes; live heap 13212305)
certificate:695 (98420 bytes; live heap 10571726)
core:471 (1301192 bytes; live heap 6979158)
core:472 (1945 bytes; live heap 5080805)
core:473 (2534 bytes; live heap 5036913)
core:474 (1484 bytes; live heap 4958343)
certificate:696 (104267 bytes; live heap 4892529)
core:475 (25764 bytes; live heap 4996414)
core:476 (1693 bytes; live heap 4978793)
core:477 (636 bytes; live heap 4964420)
core:478 (1444 bytes; live heap 4987008)
core:479 (3963 bytes; live heap 4997679)
core:480 (535 bytes; live heap 4999936)
core:481 (2268 bytes; live heap 5007106)
core:482 (1433 bytes; live heap 5007187)
core:483 (5248 bytes; live heap 5021856)
core:484 (9684 bytes; live heap 5133606)
core:485 (5256 bytes; live heap 4955611)
certificate:697 (97746 bytes; live heap 5128635)
certificate:698 (93744 bytes; live heap 5333351)
core:486 (7615 bytes; live heap 4949588)
core:487 (1810 bytes; live heap 5470816)
core:488 (4001 bytes; live heap 5203076)
certificate:699 (148567 bytes; live heap 5189067)
certificate:700 (98484 bytes; live heap 6892084)
certificate:701 (477 bytes; live heap 7444398)
certificate:702 (149111 bytes; live heap 9089601)
row-model:302 (153308 bytes; live heap 41918466)
certificate:703 (154727 bytes; live heap 46588987)
certificate:704 (476 bytes; live heap 67375965)
certificate:705 (149125 bytes; live heap 69862423)
certificate:706 (476 bytes; live heap 106874952)
certificate:707 (93469 bytes; live heap 108572527)
certificate:708 (458 bytes; live heap 111988619)
certificate:709 (125402 bytes; live heap 112358759)
certificate:710 (97908 bytes; live heap 115764856)
row-model:303 (153300 bytes; live heap 119403763)
certificate:711 (98353 bytes; live heap 148485399)
certificate:712 (98472 bytes; live heap 179471185)
certificate:713 (148559 bytes; live heap 179604069)
certificate:714 (78300 bytes; live heap 179075184)
row-model:304 (155047 bytes; live heap 179848656)
certificate:715 (164502 bytes; live heap 179291570)
certificate:716 (102817 bytes; live heap 179247788)
certificate:717 (448 bytes; live heap 179318153)
certificate:718 (98500 bytes; live heap 179460066)
certificate:719 (148557 bytes; live heap 179842424)
certificate:720 (96430 bytes; live heap 179693303)
certificate:721 (149127 bytes; live heap 180399379)
certificate:722 (149125 bytes; live heap 182007082)
certificate:723 (155954 bytes; live heap 180920116)
certificate:724 (476 bytes; live heap 165693011)
certificate:725 (98490 bytes; live heap 163658432)
certificate:726 (148161 bytes; live heap 162526600)
certificate:727 (149143 bytes; live heap 160932146)
certificate:728 (149141 bytes; live heap 159438453)
certificate:729 (462 bytes; live heap 158514316)
certificate:730 (155954 bytes; live heap 158070064)
row-model:305 (81505 bytes; live heap 156873621)
row-model:306 (153463 bytes; live heap 156261105)
row-model:307 (153299 bytes; live heap 155570963)
certificate:731 (148549 bytes; live heap 138531158)
certificate:732 (484 bytes; live heap 137167948)
certificate:733 (148546 bytes; live heap 135872620)
certificate:734 (476 bytes; live heap 134425553)
certificate:735 (96429 bytes; live heap 132183564)
certificate:736 (93871 bytes; live heap 131024723)
certificate:737 (93397 bytes; live heap 127695328)
certificate:738 (149143 bytes; live heap 109093619)
row-model:308 (153309 bytes; live heap 101928938)
row-model:309 (153965 bytes; live heap 101360913)
row-model:310 (427129 bytes; live heap 99694514)
certificate:739 (114448 bytes; live heap 75340285)
certificate:740 (147603 bytes; live heap 70621398)
certificate:741 (350864 bytes; live heap 65937225)
certificate:742 (149145 bytes; live heap 63550039)
certificate:743 (148423 bytes; live heap 59705293)
certificate:744 (476 bytes; live heap 57709382)
certificate:745 (488 bytes; live heap 57375770)
certificate:746 (472 bytes; live heap 56952083)
certificate:747 (154452 bytes; live heap 55663484)
certificate:748 (478 bytes; live heap 52515264)
certificate:749 (98277 bytes; live heap 51307559)
row-model:311 (153299 bytes; live heap 49153776)
certificate:750 (1033 bytes; live heap 48883867)
certificate:751 (448 bytes; live heap 48684029)
certificate:752 (93458 bytes; live heap 48135346)
certificate:753 (97987 bytes; live heap 46730586)
certificate:754 (149142 bytes; live heap 45467300)
certificate:755 (446 bytes; live heap 42520742)
certificate:756 (149495 bytes; live heap 41608091)
certificate:757 (17911 bytes; live heap 34676564)
certificate:758 (149125 bytes; live heap 33907643)
core:489 (3589827 bytes; live heap 9604551)
core:490 (1148 bytes; live heap 5651503)
core:491 (201207 bytes; live heap 5840961)
core:492 (2268 bytes; live heap 5112397)
core:493 (529 bytes; live heap 5026350)
certificate:759 (98484 bytes; live heap 4625686)
core:494 (1193 bytes; live heap 4720990)
row-model:312 (153326 bytes; live heap 4763820)
core:495 (528 bytes; live heap 4753725)
certificate:760 (477 bytes; live heap 4514777)
core:496 (130 bytes; live heap 4383351)
row-model:313 (153299 bytes; live heap 4734399)
certificate:761 (92764 bytes; live heap 4694312)
core:497 (2266 bytes; live heap 4686637)
core:498 (1167 bytes; live heap 4811972)
core:499 (608 bytes; live heap 4962312)
core:500 (1433 bytes; live heap 5083653)
certificate:762 (148568 bytes; live heap 4988706)
core:501 (387 bytes; live heap 4978864)
core:502 (1459 bytes; live heap 5132211)
core:503 (2961 bytes; live heap 4893743)
certificate:763 (99006 bytes; live heap 5101267)
certificate:764 (97875 bytes; live heap 5076059)
core:504 (5246 bytes; live heap 4973481)
core:505 (69714 bytes; live heap 5197079)
core:506 (2863 bytes; live heap 5077708)
core:507 (2278 bytes; live heap 5084737)
certificate:765 (97890 bytes; live heap 6352892)
certificate:766 (448 bytes; live heap 6323005)
certificate:767 (102817 bytes; live heap 6510873)
certificate:768 (149150 bytes; live heap 6683124)
core:508 (62832 bytes; live heap 5460045)
core:509 (7006 bytes; live heap 5396542)
core:510 (606 bytes; live heap 5397060)
core:511 (2283 bytes; live heap 5427772)
core:512 (4025 bytes; live heap 5430598)
core:513 (2534 bytes; live heap 5474775)
core:514 (1452 bytes; live heap 5453743)
core:515 (992 bytes; live heap 5432087)
core:516 (2899 bytes; live heap 5495798)
core:517 (1783 bytes; live heap 5502450)
core:518 (184 bytes; live heap 5504840)
core:519 (1156 bytes; live heap 5446057)
core:520 (2493 bytes; live heap 5468661)
core:521 (1223 bytes; live heap 5485328)
core:522 (2548 bytes; live heap 5536702)
core:523 (2266 bytes; live heap 5383982)
core:524 (2246 bytes; live heap 6294434)
core:525 (3196 bytes; live heap 6747158)
core:526 (1906 bytes; live heap 6982212)
core:527 (400984 bytes; live heap 7501145)
core:528 (52308 bytes; live heap 8004466)
core:529 (618 bytes; live heap 8566653)
core:530 (1689 bytes; live heap 8918927)
core:531 (1491 bytes; live heap 9059872)
core:532 (1492 bytes; live heap 9661591)
core:533 (200 bytes; live heap 9698602)
core:534 (527 bytes; live heap 9719579)
core:535 (2552 bytes; live heap 9965939)
core:536 (1150 bytes; live heap 11014789)
core:537 (1148 bytes; live heap 11126279)
core:538 (1469 bytes; live heap 11405739)
core:539 (5245 bytes; live heap 12186215)
core:540 (186 bytes; live heap 12303241)
core:541 (4062 bytes; live heap 12783157)
core:542 (4030 bytes; live heap 13039595)
core:543 (4001 bytes; live heap 9150857)
core:544 (2557 bytes; live heap 8960007)
certificate:769 (208519 bytes; live heap 8300328)
core:545 (515 bytes; live heap 7943771)
core:546 (2606 bytes; live heap 7968153)
certificate:770 (98493 bytes; live heap 7618564)
core:547 (10 bytes; live heap 7548661)
core:548 (2938 bytes; live heap 6515537)
core:549 (5444 bytes; live heap 6445474)
core:550 (5246 bytes; live heap 6344252)
core:551 (599 bytes; live heap 5613301)
core:552 (597 bytes; live heap 5473692)
core:553 (2084 bytes; live heap 5388523)
row-model:314 (427128 bytes; live heap 8103593)
certificate:771 (148547 bytes; live heap 19255439)
certificate:772 (100514 bytes; live heap 19555175)
certificate:773 (148552 bytes; live heap 20240171)
certificate:774 (93428 bytes; live heap 21433156)
certificate:775 (155954 bytes; live heap 21462808)
row-model:315 (153299 bytes; live heap 31401115)
certificate:776 (97877 bytes; live heap 32501721)
certificate:777 (61774 bytes; live heap 33886626)
certificate:778 (148550 bytes; live heap 30964575)
core:554 (201148 bytes; live heap 5403463)
certificate:779 (98483 bytes; live heap 5694803)
certificate:780 (484 bytes; live heap 5569338)
certificate:781 (93481 bytes; live heap 5832511)
core:555 (80573 bytes; live heap 5375881)
certificate:782 (148553 bytes; live heap 5303667)
core:556 (11997 bytes; live heap 5189874)
core:557 (201700 bytes; live heap 5721720)
core:558 (3931 bytes; live heap 8053812)
core:559 (353 bytes; live heap 8189150)
core:560 (1488 bytes; live heap 8233833)
core:561 (1281 bytes; live heap 8243800)
core:562 (1466 bytes; live heap 9059084)
core:563 (2534 bytes; live heap 9930077)
core:564 (1909 bytes; live heap 10191439)
core:565 (389 bytes; live heap 10541662)
core:566 (2938 bytes; live heap 11302367)
core:567 (547 bytes; live heap 10641016)
core:568 (2940 bytes; live heap 9556778)
core:569 (1421 bytes; live heap 9403100)
core:570 (1577 bytes; live heap 9248389)
core:571 (1252 bytes; live heap 9097339)
core:572 (4014 bytes; live heap 8577881)
row-model:316 (153299 bytes; live heap 5321411)
core:573 (18112 bytes; live heap 6427275)
core:574 (1876 bytes; live heap 5923658)
certificate:783 (163404 bytes; live heap 5302175)
core:575 (9835 bytes; live heap 5101821)
core:576 (201217 bytes; live heap 5217284)
certificate:784 (149123 bytes; live heap 5025320)
core:577 (1493 bytes; live heap 5012882)
core:578 (1935 bytes; live heap 5196995)
core:579 (1147 bytes; live heap 5197813)
core:580 (1969 bytes; live heap 5210479)
core:581 (5283 bytes; live heap 5241254)
certificate:785 (102809 bytes; live heap 40232262)
certificate:786 (93470 bytes; live heap 47573725)
certificate:787 (148205 bytes; live heap 49865958)
certificate:788 (104273 bytes; live heap 51279400)
certificate:789 (476 bytes; live heap 51773279)
certificate:790 (98472 bytes; live heap 53611382)
certificate:791 (98484 bytes; live heap 55172474)
certificate:792 (154490 bytes; live heap 59023382)
certificate:793 (55307 bytes; live heap 80508987)
certificate:794 (10448 bytes; live heap 80880201)
certificate:795 (98486 bytes; live heap 79388483)
certificate:796 (98129 bytes; live heap 79810048)
certificate:797 (93477 bytes; live heap 80823197)
certificate:798 (97910 bytes; live heap 80147199)
certificate:799 (148507 bytes; live heap 77794392)
certificate:800 (96453 bytes; live heap 77491261)
certificate:801 (456 bytes; live heap 72920641)
certificate:802 (147768 bytes; live heap 72494299)
certificate:803 (97925 bytes; live heap 71442226)
row-model:317 (2214152 bytes; live heap 61022263)
certificate:804 (149127 bytes; live heap 52205220)
certificate:805 (476 bytes; live heap 24072053)
certificate:806 (149121 bytes; live heap 22988117)
certificate:807 (93469 bytes; live heap 21967095)
certificate:808 (148561 bytes; live heap 21173597)
certificate:809 (155977 bytes; live heap 20402991)
certificate:810 (493 bytes; live heap 19813607)
certificate:811 (98714 bytes; live heap 19104569)
certificate:812 (102787 bytes; live heap 18028720)
core:582 (1661872 bytes; live heap 14073428)
certificate:813 (149063 bytes; live heap 14699059)
row-model:318 (153307 bytes; live heap 12397086)
certificate:814 (148550 bytes; live heap 12538734)
row-model:319 (153307 bytes; live heap 12648968)
row-model:320 (153301 bytes; live heap 13662319)
certificate:815 (117136 bytes; live heap 14552655)
certificate:816 (149125 bytes; live heap 14643354)
certificate:817 (15525 bytes; live heap 14452445)
certificate:818 (155954 bytes; live heap 14403220)
certificate:819 (148693 bytes; live heap 13900724)
certificate:820 (93659 bytes; live heap 13132532)
certificate:821 (10448 bytes; live heap 7003038)
core:583 (389 bytes; live heap 4915056)
certificate:822 (93455 bytes; live heap 5037364)
core:584 (2539 bytes; live heap 5033316)
core:585 (479 bytes; live heap 5124235)
core:586 (2183 bytes; live heap 5089436)
certificate:823 (93329 bytes; live heap 5175879)
core:587 (2936 bytes; live heap 5044817)
certificate:824 (93416 bytes; live heap 5431281)
core:588 (201409 bytes; live heap 5475060)
core:589 (984 bytes; live heap 5157822)
core:590 (1167 bytes; live heap 5173616)
core:591 (397 bytes; live heap 5176395)
core:592 (1509 bytes; live heap 5181218)
core:593 (980 bytes; live heap 5198179)
core:594 (2538 bytes; live heap 5193147)
core:595 (586 bytes; live heap 5185409)
core:596 (535 bytes; live heap 5186249)
core:597 (1798 bytes; live heap 5194561)
core:598 (985 bytes; live heap 5191700)
core:599 (2266 bytes; live heap 5169883)
core:600 (1879 bytes; live heap 5214947)
core:601 (12958 bytes; live heap 5234541)
core:602 (1192 bytes; live heap 5231048)
core:603 (2959 bytes; live heap 5262030)
core:604 (985 bytes; live heap 5265275)
core:605 (1850 bytes; live heap 5275043)
core:606 (2297 bytes; live heap 5307505)
core:607 (3263 bytes; live heap 5313020)
core:608 (1008 bytes; live heap 5307714)
core:609 (607 bytes; live heap 5307108)
core:610 (2940 bytes; live heap 5291996)
core:611 (4139 bytes; live heap 5323271)
core:612 (2174 bytes; live heap 5249498)
core:613 (395 bytes; live heap 5264231)
core:614 (1224 bytes; live heap 5270957)
core:615 (594 bytes; live heap 5275133)
core:616 (3945 bytes; live heap 5292583)
core:617 (566 bytes; live heap 5287141)
certificate:825 (98493 bytes; live heap 5929309)
row-model:321 (151155 bytes; live heap 6651448)
row-model:322 (153365 bytes; live heap 5499527)
core:618 (92044 bytes; live heap 5132598)
certificate:826 (149133 bytes; live heap 5054709)
core:619 (1338 bytes; live heap 4964351)
core:620 (4313 bytes; live heap 5816913)
core:621 (4291 bytes; live heap 5935225)
core:622 (574 bytes; live heap 5839927)
core:623 (1474 bytes; live heap 5853463)
core:624 (1225 bytes; live heap 6110789)
core:625 (1167 bytes; live heap 5355913)
core:626 (1149 bytes; live heap 5058898)
core:627 (434 bytes; live heap 4959038)
certificate:827 (103884 bytes; live heap 4872565)
core:628 (5177 bytes; live heap 4865299)
core:629 (1871 bytes; live heap 4869525)
certificate:828 (2828 bytes; live heap 4828177)
certificate:829 (149189 bytes; live heap 5075342)
core:630 (2111 bytes; live heap 5029224)
core:631 (2608 bytes; live heap 5220654)
core:632 (2928 bytes; live heap 5225611)
core:633 (1331 bytes; live heap 5217476)
core:634 (401 bytes; live heap 5220766)
core:635 (619 bytes; live heap 5208142)
core:636 (45299 bytes; live heap 5510645)
core:637 (2934 bytes; live heap 5471521)
core:638 (190 bytes; live heap 5480157)
certificate:830 (482 bytes; live heap 12930203)
certificate:831 (97895 bytes; live heap 14218671)
certificate:832 (104273 bytes; live heap 15565506)
row-model:323 (153299 bytes; live heap 29674864)
certificate:833 (911 bytes; live heap 32899690)
certificate:834 (93456 bytes; live heap 34043748)
certificate:835 (461 bytes; live heap 53669225)
certificate:836 (93512 bytes; live heap 55342041)
certificate:837 (457 bytes; live heap 58659814)
certificate:838 (149385 bytes; live heap 60114688)
certificate:839 (96440 bytes; live heap 93366213)
certificate:840 (154467 bytes; live heap 93551616)
certificate:841 (98485 bytes; live heap 95950187)
row-model:324 (153299 bytes; live heap 97084464)
certificate:842 (155961 bytes; live heap 99534695)
certificate:843 (149063 bytes; live heap 101696466)
certificate:844 (96690 bytes; live heap 105013236)
certificate:845 (93467 bytes; live heap 135619003)
certificate:846 (93573 bytes; live heap 136831355)
certificate:847 (148549 bytes; live heap 139323990)
row-model:325 (155047 bytes; live heap 151796228)
certificate:848 (97912 bytes; live heap 151577923)
certificate:849 (476 bytes; live heap 154067619)
certificate:850 (471 bytes; live heap 156212169)
certificate:851 (148550 bytes; live heap 156530470)
certificate:852 (471 bytes; live heap 156271495)
certificate:853 (97902 bytes; live heap 156533195)
certificate:854 (421 bytes; live heap 156540351)
certificate:855 (104274 bytes; live heap 156795009)
certificate:856 (149212 bytes; live heap 156943181)
certificate:857 (96690 bytes; live heap 161169125)
certificate:858 (98484 bytes; live heap 161243087)
certificate:859 (98928 bytes; live heap 161931609)
row-model:326 (153322 bytes; live heap 171187645)
row-model:327 (153307 bytes; live heap 171554796)
row-model:328 (153318 bytes; live heap 171529224)
row-model:329 (153299 bytes; live heap 171615962)
certificate:860 (158486 bytes; live heap 170864414)
certificate:861 (148504 bytes; live heap 170935868)
certificate:862 (149137 bytes; live heap 171946941)
certificate:863 (155954 bytes; live heap 171864309)
certificate:864 (97886 bytes; live heap 171909019)
certificate:865 (149125 bytes; live heap 172084705)
row-model:330 (152636 bytes; live heap 189210234)
row-model:331 (153299 bytes; live heap 189234276)
certificate:866 (97905 bytes; live heap 198173640)
certificate:867 (93477 bytes; live heap 202517368)
certificate:868 (111719 bytes; live heap 205313424)
certificate:869 (149137 bytes; live heap 227251802)
certificate:870 (448 bytes; live heap 227891244)
certificate:871 (102786 bytes; live heap 229630502)
row-model:332 (153307 bytes; live heap 242278926)
row-model:333 (155044 bytes; live heap 242845843)
certificate:872 (155955 bytes; live heap 247921638)
certificate:873 (97916 bytes; live heap 253947125)
certificate:874 (98351 bytes; live heap 255461085)
certificate:875 (93468 bytes; live heap 257415478)
certificate:876 (96430 bytes; live heap 259238110)
certificate:877 (91285 bytes; live heap 282831955)
certificate:878 (94253 bytes; live heap 284645517)
certificate:879 (93447 bytes; live heap 286359641)
row-model:334 (153311 bytes; live heap 299783073)
row-model:335 (153303 bytes; live heap 301051502)
row-model:336 (153307 bytes; live heap 301657121)
row-model:337 (153299 bytes; live heap 302285193)
certificate:880 (437 bytes; live heap 309795808)
certificate:881 (149453 bytes; live heap 311918312)
certificate:882 (149133 bytes; live heap 314638567)
certificate:883 (98749 bytes; live heap 317426151)
certificate:884 (483 bytes; live heap 318069043)
certificate:885 (98507 bytes; live heap 320019114)
certificate:886 (149131 bytes; live heap 322350544)
certificate:887 (97916 bytes; live heap 324132096)
certificate:888 (93461 bytes; live heap 324928458)
certificate:889 (97849 bytes; live heap 336784578)
row-model:338 (91689 bytes; live heap 323651938)
certificate:890 (93383 bytes; live heap 323648467)
certificate:891 (97889 bytes; live heap 321334387)
row-model:339 (102036 bytes; live heap 321124389)
certificate:892 (93602 bytes; live heap 320476183)
row-model:340 (153299 bytes; live heap 319941720)
certificate:893 (692 bytes; live heap 295828240)
certificate:894 (148540 bytes; live heap 293664331)
certificate:895 (149308 bytes; live heap 290739257)
certificate:896 (475 bytes; live heap 290259551)
certificate:897 (149125 bytes; live heap 289475856)
certificate:898 (149126 bytes; live heap 287157519)
certificate:899 (121999 bytes; live heap 284683704)
certificate:900 (476 bytes; live heap 283033429)
certificate:901 (98484 bytes; live heap 282001858)
certificate:902 (148496 bytes; live heap 256652410)
certificate:903 (97908 bytes; live heap 254842707)
row-model:341 (153371 bytes; live heap 248621439)
row-model:342 (153299 bytes; live heap 248041282)
certificate:904 (93461 bytes; live heap 238294358)
certificate:905 (155835 bytes; live heap 220102270)
certificate:906 (100461 bytes; live heap 218937720)
certificate:907 (97777 bytes; live heap 217482273)
row-model:343 (60119 bytes; live heap 201322675)
row-model:344 (153317 bytes; live heap 200731457)
row-model:345 (153307 bytes; live heap 199997190)
certificate:908 (149125 bytes; live heap 195156655)
certificate:909 (152517 bytes; live heap 192830607)
certificate:910 (98487 bytes; live heap 194274581)
certificate:911 (249052 bytes; live heap 193082543)
certificate:912 (102809 bytes; live heap 192376779)
row-model:346 (1492704 bytes; live heap 190432391)
row-model:347 (153237 bytes; live heap 188592412)
row-model:348 (152369 bytes; live heap 188601847)
row-model:349 (153322 bytes; live heap 188597062)
certificate:913 (155945 bytes; live heap 188141069)
certificate:914 (93465 bytes; live heap 187230579)
certificate:915 (149125 bytes; live heap 187161869)
certificate:916 (97908 bytes; live heap 186922576)
certificate:917 (101342 bytes; live heap 185760962)
certificate:918 (97800 bytes; live heap 185394643)
row-model:350 (148925 bytes; live heap 185365052)
row-model:351 (153301 bytes; live heap 185283355)
certificate:919 (150086 bytes; live heap 185446939)
certificate:920 (93100 bytes; live heap 151697153)
certificate:921 (148535 bytes; live heap 152956045)
certificate:922 (97906 bytes; live heap 152825288)
certificate:923 (476 bytes; live heap 152691158)
certificate:924 (93623 bytes; live heap 152704567)
certificate:925 (97906 bytes; live heap 152893779)
certificate:926 (149131 bytes; live heap 154102835)
certificate:927 (149134 bytes; live heap 154111844)
certificate:928 (97918 bytes; live heap 153983291)
certificate:929 (104296 bytes; live heap 154072678)
certificate:930 (93464 bytes; live heap 155538570)
row-model:352 (153381 bytes; live heap 155690183)
certificate:931 (153941 bytes; live heap 155818420)
row-model:353 (153299 bytes; live heap 155948725)
certificate:932 (154457 bytes; live heap 155904370)
certificate:933 (93462 bytes; live heap 155307979)
certificate:934 (476 bytes; live heap 136432564)
certificate:935 (148567 bytes; live heap 135158661)
certificate:936 (97892 bytes; live heap 132608167)
certificate:937 (97900 bytes; live heap 113419628)
certificate:938 (102829 bytes; live heap 113024496)
certificate:939 (109682 bytes; live heap 112616132)
certificate:940 (248601 bytes; live heap 108313671)
row-model:354 (1492696 bytes; live heap 106500611)
certificate:941 (97913 bytes; live heap 105158896)
certificate:942 (356207 bytes; live heap 105620061)
certificate:943 (149016 bytes; live heap 101232156)
certificate:944 (102809 bytes; live heap 99492967)
certificate:945 (155977 bytes; live heap 82741406)
certificate:946 (96431 bytes; live heap 80561358)
certificate:947 (96690 bytes; live heap 80478405)
certificate:948 (97913 bytes; live heap 80204178)
certificate:949 (98501 bytes; live heap 79730805)
certificate:950 (475 bytes; live heap 78593929)
certificate:951 (16830 bytes; live heap 76672867)
certificate:952 (97895 bytes; live heap 75562808)
certificate:953 (154478 bytes; live heap 74221500)
certificate:954 (382 bytes; live heap 68664958)
certificate:955 (97996 bytes; live heap 67841652)
certificate:956 (447 bytes; live heap 66555747)
certificate:957 (463 bytes; live heap 66032293)
certificate:958 (93470 bytes; live heap 64964652)
certificate:959 (149111 bytes; live heap 61818808)
row-model:355 (153374 bytes; live heap 55837647)
row-model:356 (155048 bytes; live heap 55199137)
certificate:960 (149080 bytes; live heap 39437150)
certificate:961 (93462 bytes; live heap 36429520)
certificate:962 (149138 bytes; live heap 34951196)
certificate:963 (104296 bytes; live heap 33911290)
certificate:964 (98227 bytes; live heap 26256139)
certificate:965 (96405 bytes; live heap 25580049)
certificate:966 (971 bytes; live heap 18966945)
certificate:967 (97908 bytes; live heap 18844233)
row-model:357 (155084 bytes; live heap 21379714)
core:639 (3424196 bytes; live heap 23198092)
row-model:358 (161282 bytes; live heap 91502494)
row-model:359 (152649 bytes; live heap 91980810)
row-model:360 (153307 bytes; live heap 92207033)
row-model:361 (152763 bytes; live heap 92427151)
row-model:362 (152630 bytes; live heap 82262411)
core:640 (3276 bytes; live heap 56251575)
core:641 (1005 bytes; live heap 56282609)
core:642 (796 bytes; live heap 56281029)
core:643 (1938 bytes; live heap 56290265)
core:644 (1967 bytes; live heap 56284587)
core:645 (1229 bytes; live heap 56285985)
core:646 (2971 bytes; live heap 56313651)
core:647 (2954 bytes; live heap 56323670)
core:648 (2558 bytes; live heap 56324804)
core:649 (2357 bytes; live heap 56331700)
core:650 (2534 bytes; live heap 56269289)
core:651 (1452 bytes; live heap 56282776)
row-model:363 (153226 bytes; live heap 66781100)
row-model:364 (153235 bytes; live heap 66751043)
row-model:365 (153307 bytes; live heap 66727801)
row-model:366 (138586 bytes; live heap 66617733)
row-model:367 (153359 bytes; live heap 66676662)
row-model:368 (163299 bytes; live heap 66726432)
row-model:369 (153299 bytes; live heap 13879566)
row-model:370 (153305 bytes; live heap 54425455)
core:652 (601041 bytes; live heap 36932797)
core:653 (1010 bytes; live heap 35106643)
core:654 (1433 bytes; live heap 34510761)
core:655 (387 bytes; live heap 34163543)
core:656 (1403 bytes; live heap 31151918)
core:657 (1229 bytes; live heap 30426297)
core:658 (1213 bytes; live heap 29226592)
core:659 (587 bytes; live heap 29189595)
core:660 (1483 bytes; live heap 28983724)
core:661 (1435 bytes; live heap 28988529)
core:662 (4017 bytes; live heap 28704267)
core:663 (602 bytes; live heap 29936625)
core:664 (1473 bytes; live heap 30015189)
core:665 (2947 bytes; live heap 28785041)
core:666 (6027 bytes; live heap 26090044)
core:667 (1325 bytes; live heap 24835263)
certificate:968 (2542804 bytes; live heap 27119866)
row-model:371 (1492696 bytes; live heap 25220126)
certificate:969 (148557 bytes; live heap 23030906)
certificate:970 (918 bytes; live heap 24332503)
certificate:971 (98320 bytes; live heap 26471322)
certificate:972 (462 bytes; live heap 26683638)
certificate:973 (104274 bytes; live heap 28279475)
certificate:974 (98517 bytes; live heap 33043852)
certificate:975 (97908 bytes; live heap 31612108)
certificate:976 (155954 bytes; live heap 27013061)
row-model:372 (153238 bytes; live heap 33588977)
row-model:373 (153308 bytes; live heap 34043341)
row-model:374 (161275 bytes; live heap 35400300)
core:668 (320407 bytes; live heap 35642969)
core:669 (5301 bytes; live heap 35262481)
core:670 (41505 bytes; live heap 36711649)
core:671 (1632 bytes; live heap 37499223)
core:672 (1913 bytes; live heap 38063424)
core:673 (1832 bytes; live heap 39503648)
core:674 (1095 bytes; live heap 40420669)
core:675 (5265 bytes; live heap 43659895)
core:676 (5263 bytes; live heap 46866179)
core:677 (5246 bytes; live heap 48558603)
core:678 (5255 bytes; live heap 49517223)
core:679 (408 bytes; live heap 49499366)
core:680 (387 bytes; live heap 49549756)
core:681 (1222 bytes; live heap 49576212)
core:682 (5362 bytes; live heap 51267911)
core:683 (2266 bytes; live heap 51289949)
core:684 (2535 bytes; live heap 51311603)
core:685 (1249 bytes; live heap 51336471)
core:686 (2274 bytes; live heap 51566720)
core:687 (5248 bytes; live heap 51581562)
core:688 (609 bytes; live heap 51598813)
core:689 (201993 bytes; live heap 53923876)
core:690 (1923 bytes; live heap 53806104)
core:691 (2942 bytes; live heap 53838483)
core:692 (1878 bytes; live heap 53883111)
core:693 (7652 bytes; live heap 53952761)
core:694 (1880 bytes; live heap 53956455)
core:695 (1252 bytes; live heap 54000696)
core:696 (195 bytes; live heap 54003608)
core:697 (390 bytes; live heap 54014838)
core:698 (597 bytes; live heap 54030511)
core:699 (1461 bytes; live heap 54023999)
core:700 (1944 bytes; live heap 54039433)
core:701 (558 bytes; live heap 54057947)
core:702 (1206 bytes; live heap 54071722)
core:703 (200597 bytes; live heap 54275802)
core:704 (11025 bytes; live heap 54119098)
core:705 (2151 bytes; live heap 54136553)
core:706 (1927 bytes; live heap 54183945)
core:707 (505 bytes; live heap 54191836)
core:708 (1225 bytes; live heap 54210146)
core:709 (223 bytes; live heap 54230522)
core:710 (2963 bytes; live heap 54310282)
core:711 (1922 bytes; live heap 58540485)
core:712 (1056 bytes; live heap 58655111)
core:713 (406 bytes; live heap 58786043)
core:714 (2266 bytes; live heap 59818116)
core:715 (1885 bytes; live heap 62149876)
core:716 (2557 bytes; live heap 62564888)
core:717 (1279 bytes; live heap 63005192)
core:718 (1422 bytes; live heap 63747180)
core:719 (1148 bytes; live heap 65311415)
core:720 (1223 bytes; live heap 66011983)
core:721 (1206 bytes; live heap 66586103)
core:722 (1201 bytes; live heap 66970290)
core:723 (2262 bytes; live heap 68118072)
core:724 (831 bytes; live heap 69453279)
row-model:375 (152703 bytes; live heap 70086047)
core:725 (4029 bytes; live heap 70969780)
row-model:376 (153299 bytes; live heap 73408248)
core:726 (201477 bytes; live heap 75266048)
core:727 (200 bytes; live heap 75822002)
core:728 (2929 bytes; live heap 76022173)
core:729 (1462 bytes; live heap 76827205)
core:730 (2250 bytes; live heap 78236424)
core:731 (602 bytes; live heap 78682524)
core:732 (2266 bytes; live heap 79287153)
core:733 (4014 bytes; live heap 79484449)
core:734 (451 bytes; live heap 79741462)
core:735 (280987 bytes; live heap 90640321)
core:736 (634 bytes; live heap 90877004)
core:737 (1953 bytes; live heap 91674379)
core:738 (4014 bytes; live heap 92856809)
core:739 (2530 bytes; live heap 102114608)
core:740 (1498 bytes; live heap 100854802)
core:741 (2948 bytes; live heap 99696266)
core:742 (2920 bytes; live heap 99030161)
core:743 (2497 bytes; live heap 97426722)
core:744 (5433 bytes; live heap 95843898)
core:745 (201197 bytes; live heap 94976639)
core:746 (4023 bytes; live heap 93187714)
core:747 (5257 bytes; live heap 86454123)
core:748 (2433 bytes; live heap 86245519)
core:749 (4182 bytes; live heap 85728714)
core:750 (1467 bytes; live heap 85542954)
core:751 (2266 bytes; live heap 85420676)
core:752 (1267 bytes; live heap 85375217)
core:753 (1138 bytes; live heap 85263056)
core:754 (5307 bytes; live heap 85236240)
core:755 (2211 bytes; live heap 84697451)
core:756 (2712 bytes; live heap 83704635)
core:757 (969 bytes; live heap 83167269)
core:758 (4018 bytes; live heap 83060589)
core:759 (5270 bytes; live heap 82991644)
core:760 (2928 bytes; live heap 82846703)
core:761 (1452 bytes; live heap 81655287)
core:762 (1932 bytes; live heap 80201807)
core:763 (2497 bytes; live heap 79403244)
core:764 (320 bytes; live heap 79027560)
core:765 (5258 bytes; live heap 76970486)
core:766 (300 bytes; live heap 76734499)
core:767 (1964 bytes; live heap 76275853)
core:768 (391 bytes; live heap 76045580)
core:769 (2961 bytes; live heap 74567232)
core:770 (554 bytes; live heap 74022368)
core:771 (202972 bytes; live heap 72208772)
core:772 (1980 bytes; live heap 71001400)
row-model:377 (152630 bytes; live heap 69462763)
row-model:378 (152640 bytes; live heap 62085906)
row-model:379 (85260 bytes; live heap 61977584)
row-model:380 (152651 bytes; live heap 66269595)
row-model:381 (155541 bytes; live heap 66273958)
row-model:382 (153311 bytes; live heap 67826302)
row-model:383 (153300 bytes; live heap 71145406)
core:773 (500559 bytes; live heap 99288847)
core:774 (506 bytes; live heap 98270717)
core:775 (1148 bytes; live heap 97819389)
core:776 (34195 bytes; live heap 97257102)
core:777 (4014 bytes; live heap 97036873)
core:778 (2535 bytes; live heap 96943191)
core:779 (1383 bytes; live heap 96898080)
core:780 (1860 bytes; live heap 96880466)
core:781 (528 bytes; live heap 96832157)
core:782 (2436 bytes; live heap 96744050)
core:783 (1433 bytes; live heap 96696064)
core:784 (2287 bytes; live heap 96639597)
core:785 (640 bytes; live heap 96584338)
core:786 (1897 bytes; live heap 96512745)
core:787 (2570 bytes; live heap 96501420)
core:788 (2953 bytes; live heap 96449573)
core:789 (1488 bytes; live heap 96376633)
core:790 (788 bytes; live heap 96363249)
core:791 (210597 bytes; live heap 96525162)
core:792 (601 bytes; live heap 96045813)
core:793 (2934 bytes; live heap 95935374)
core:794 (550 bytes; live heap 95908050)
core:795 (1921 bytes; live heap 95899150)
core:796 (1914 bytes; live heap 95840568)
core:797 (1817 bytes; live heap 95658119)
core:798 (387 bytes; live heap 95611592)
core:799 (1171 bytes; live heap 95605718)
core:800 (201148 bytes; live heap 95751550)
core:801 (1922 bytes; live heap 95501460)
core:802 (1004 bytes; live heap 95339324)
core:803 (2266 bytes; live heap 95294102)
core:804 (5679 bytes; live heap 94430428)
core:805 (1459 bytes; live heap 94226120)
core:806 (4014 bytes; live heap 93586280)
core:807 (62 bytes; live heap 93553047)
core:808 (4128 bytes; live heap 91095686)
core:809 (984 bytes; live heap 90822082)
core:810 (5251 bytes; live heap 89479734)
core:811 (4063 bytes; live heap 88561425)
core:812 (204060 bytes; live heap 87533228)
core:813 (1433 bytes; live heap 86171828)
core:814 (2941 bytes; live heap 85524616)
core:815 (1682 bytes; live heap 83270025)
row-model:384 (153206 bytes; live heap 82472521)
core:816 (2542 bytes; live heap 81842500)
row-model:385 (294477 bytes; live heap 81798383)
core:817 (387 bytes; live heap 81615404)
core:818 (311 bytes; live heap 81017915)
row-model:386 (155061 bytes; live heap 81104134)
core:819 (1887 bytes; live heap 80365618)
row-model:387 (153291 bytes; live heap 79862869)
core:820 (1521 bytes; live heap 79383525)
core:821 (616 bytes; live heap 79180127)
row-model:388 (153153 bytes; live heap 79098814)
core:822 (1035 bytes; live heap 78989583)
core:823 (1693 bytes; live heap 78862238)
core:824 (1459 bytes; live heap 78717754)
core:825 (1930 bytes; live heap 77998641)
core:826 (1441 bytes; live heap 76865773)
core:827 (4198 bytes; live heap 73839625)
core:828 (11434 bytes; live heap 73440959)
core:829 (1462 bytes; live heap 72290710)
core:830 (1953 bytes; live heap 71401070)
core:831 (3016 bytes; live heap 70705244)
core:832 (4037 bytes; live heap 70647577)
core:833 (2526 bytes; live heap 70153063)
core:834 (8509 bytes; live heap 69685841)
core:835 (1435 bytes; live heap 69654371)
core:836 (985 bytes; live heap 69603270)
core:837 (4462 bytes; live heap 69480189)
row-model:389 (153317 bytes; live heap 106766739)
row-model:390 (61104 bytes; live heap 106997248)
row-model:391 (153234 bytes; live heap 100551602)
row-model:392 (151086 bytes; live heap 88444516)
row-model:393 (153229 bytes; live heap 94310472)
row-model:394 (153244 bytes; live heap 146070165)
row-model:395 (153311 bytes; live heap 146191765)
row-model:396 (153299 bytes; live heap 146460705)
row-model:397 (154840 bytes; live heap 176802710)
certificate:977 (2591705 bytes; live heap 175154533)
certificate:978 (149133 bytes; live heap 145388418)
certificate:979 (104334 bytes; live heap 144587843)
row-model:398 (153299 bytes; live heap 135540892)
certificate:980 (93492 bytes; live heap 131938566)
certificate:981 (97893 bytes; live heap 131280885)
certificate:982 (478 bytes; live heap 130165613)
certificate:983 (448 bytes; live heap 129997162)
certificate:984 (113843 bytes; live heap 127743727)
certificate:985 (148433 bytes; live heap 125522512)
certificate:986 (113092 bytes; live heap 125301527)
certificate:987 (102787 bytes; live heap 123060661)
certificate:988 (148564 bytes; live heap 120220030)
certificate:989 (93478 bytes; live heap 119699351)
row-model:399 (153299 bytes; live heap 112667371)
row-model:400 (151759 bytes; live heap 114459255)
row-model:401 (161291 bytes; live heap 81395328)
row-model:402 (153307 bytes; live heap 80208157)
row-model:403 (153302 bytes; live heap 79915875)
row-model:404 (153299 bytes; live heap 79437501)
row-model:405 (427128 bytes; live heap 61490643)
core:838 (2204008 bytes; live heap 22459745)
core:839 (1238 bytes; live heap 17838587)
core:840 (342 bytes; live heap 17123514)
row-model:406 (12121 bytes; live heap 17048443)
core:841 (2535 bytes; live heap 17296463)
row-model:407 (148463 bytes; live heap 17143164)
core:842 (1163 bytes; live heap 17236619)
row-model:408 (153253 bytes; live heap 17430359)
core:843 (2931 bytes; live heap 17296268)
row-model:409 (161270 bytes; live heap 17725337)
row-model:410 (153318 bytes; live heap 17891650)
row-model:411 (155040 bytes; live heap 17847367)
core:844 (11200 bytes; live heap 22122193)
core:845 (1885 bytes; live heap 22138836)
core:846 (2342 bytes; live heap 22145927)
core:847 (11851 bytes; live heap 22315415)
core:848 (2940 bytes; live heap 22392195)
core:849 (1351 bytes; live heap 22443031)
core:850 (2553 bytes; live heap 22562505)
core:851 (992 bytes; live heap 22596145)
core:852 (400 bytes; live heap 22616997)
core:853 (1433 bytes; live heap 22602239)
core:854 (661257 bytes; live heap 21814963)
core:855 (1433 bytes; live heap 20696265)
core:856 (1496 bytes; live heap 20438610)
core:857 (350 bytes; live heap 20397033)
core:858 (1945 bytes; live heap 20362388)
core:859 (1851 bytes; live heap 20027919)
row-model:412 (161272 bytes; live heap 20068395)
core:860 (1001 bytes; live heap 20126931)
core:861 (5249 bytes; live heap 19916870)
core:862 (415 bytes; live heap 19570357)
core:863 (19287 bytes; live heap 11372211)
core:864 (2567 bytes; live heap 11458774)
core:865 (1183 bytes; live heap 11463977)
core:866 (1473 bytes; live heap 11730668)
core:867 (2279 bytes; live heap 11586725)
core:868 (1214 bytes; live heap 11405781)
core:869 (1921 bytes; live heap 11391280)
core:870 (327 bytes; live heap 11361701)
core:871 (3386 bytes; live heap 11203687)
core:872 (1521 bytes; live heap 11037999)
core:873 (1192 bytes; live heap 10886496)
certificate:990 (400447 bytes; live heap 6743025)
certificate:991 (146120 bytes; live heap 6256949)
core:874 (240569 bytes; live heap 5460231)
certificate:992 (93461 bytes; live heap 5444219)
core:875 (1910 bytes; live heap 5305610)
core:876 (387 bytes; live heap 5282073)
core:877 (3049 bytes; live heap 5329112)
core:878 (1434 bytes; live heap 5327782)
core:879 (2496 bytes; live heap 5341872)
core:880 (26386 bytes; live heap 4886792)
certificate:993 (443 bytes; live heap 4575303)
core:881 (201876 bytes; live heap 5001258)
row-model:413 (153307 bytes; live heap 4988384)
core:882 (968 bytes; live heap 4830456)
core:883 (11484 bytes; live heap 4706747)
certificate:994 (98489 bytes; live heap 4674770)
row-model:414 (153299 bytes; live heap 4822728)
core:884 (2878 bytes; live heap 4962392)
core:885 (2285 bytes; live heap 5011085)
core:886 (1092 bytes; live heap 5006676)
core:887 (3750 bytes; live heap 5031357)
core:888 (1458 bytes; live heap 5024709)
core:889 (1872 bytes; live heap 5025909)
core:890 (998 bytes; live heap 5023759)
core:891 (1110 bytes; live heap 5030384)
core:892 (434 bytes; live heap 5039445)
core:893 (1247 bytes; live heap 5061209)
core:894 (3000 bytes; live heap 5055873)
core:895 (161427 bytes; live heap 8908168)
core:896 (546 bytes; live heap 8650180)
core:897 (5265 bytes; live heap 8989719)
core:898 (1378 bytes; live heap 9029928)
core:899 (1228 bytes; live heap 9034527)
core:900 (3728 bytes; live heap 9050760)
core:901 (1445 bytes; live heap 9063375)
core:902 (219 bytes; live heap 9073202)
core:903 (2467 bytes; live heap 9611651)
core:904 (222 bytes; live heap 9630129)
core:905 (11876 bytes; live heap 9638389)
core:906 (1398 bytes; live heap 9637868)
core:907 (1207 bytes; live heap 9640760)
core:908 (2421 bytes; live heap 9679805)
core:909 (605 bytes; live heap 9681145)
core:910 (395 bytes; live heap 9695248)
core:911 (139 bytes; live heap 9705232)
core:912 (1075 bytes; live heap 9697672)
core:913 (1922 bytes; live heap 9708981)
core:914 (500 bytes; live heap 9714021)
core:915 (1279 bytes; live heap 9727533)
core:916 (1926 bytes; live heap 9733380)
core:917 (3817 bytes; live heap 9758968)
core:918 (1186 bytes; live heap 9765772)
core:919 (1881 bytes; live heap 9798523)
core:920 (1167 bytes; live heap 10862325)
core:921 (4101 bytes; live heap 10903250)
core:922 (1442 bytes; live heap 10872610)
core:923 (2237 bytes; live heap 10896680)
core:924 (856 bytes; live heap 10896025)
core:925 (4015 bytes; live heap 10937856)
core:926 (680 bytes; live heap 10945812)
core:927 (486 bytes; live heap 10953976)
core:928 (1441 bytes; live heap 10953910)
core:929 (616 bytes; live heap 10965138)
core:930 (1217 bytes; live heap 10955320)
core:931 (1058 bytes; live heap 10977301)
core:932 (1007 bytes; live heap 10972519)
core:933 (5272 bytes; live heap 11003406)
core:934 (1726 bytes; live heap 11054231)
core:935 (410 bytes; live heap 11055212)
core:936 (1179 bytes; live heap 11057475)
core:937 (1119 bytes; live heap 11072898)
core:938 (1199 bytes; live heap 11061210)
core:939 (1876 bytes; live heap 11103382)
core:940 (5247 bytes; live heap 11143360)
core:941 (2875 bytes; live heap 11172548)
core:942 (1441 bytes; live heap 11141999)
core:943 (597 bytes; live heap 11155997)
core:944 (1968 bytes; live heap 11166851)
row-model:415 (153299 bytes; live heap 14095960)
core:945 (217201 bytes; live heap 13356978)
core:946 (1860 bytes; live heap 13159031)
core:947 (506 bytes; live heap 13164701)
core:948 (985 bytes; live heap 13179146)
core:949 (2826 bytes; live heap 13197119)
core:950 (1215 bytes; live heap 13205073)
core:951 (1921 bytes; live heap 13219645)
core:952 (401180 bytes; live heap 13725507)
core:953 (627 bytes; live heap 13010503)
core:954 (2864 bytes; live heap 12979783)
core:955 (202596 bytes; live heap 13177101)
core:956 (1922 bytes; live heap 12944415)
core:957 (5970 bytes; live heap 12757675)
core:958 (10622 bytes; live heap 12754500)
core:959 (1921 bytes; live heap 12691176)
core:960 (575 bytes; live heap 8747463)
core:961 (5225 bytes; live heap 10029267)
core:962 (1489 bytes; live heap 9738248)
core:963 (588 bytes; live heap 9725541)
certificate:995 (448409 bytes; live heap 6645498)
certificate:996 (149133 bytes; live heap 7698038)
row-model:416 (153363 bytes; live heap 6003732)
core:964 (67158 bytes; live heap 5229046)
certificate:997 (148549 bytes; live heap 5152203)
core:965 (4015 bytes; live heap 5175801)
core:966 (400529 bytes; live heap 5602008)
core:967 (1926 bytes; live heap 5229605)
core:968 (1347 bytes; live heap 5233451)
core:969 (2122 bytes; live heap 5239428)
core:970 (1151 bytes; live heap 5244439)
core:971 (576 bytes; live heap 5235009)
core:972 (984 bytes; live heap 5211643)
certificate:998 (477 bytes; live heap 37494984)
certificate:999 (78 bytes; live heap 38521310)
certificate: 1000 cases in 15.926288292s; 23 mutants accepted; slowest seed 142.097084ms; slowest case 352 183.197167ms; largest heap case 352 20215649 bytes
     117 invalid type: null, expected struct Bundle at line 1 column 
      89 proof library content hash mismatch
      36 legacy certificate cannot contain database evidence
      32 unsupported exact database maintenance semantics
      29 replace source update proof: logic argument count mismatch
      28 replace source update proof: unknown constructor
      24 invalid type: sequence, expected a string at line 1 column 1
      19 invalid type: sequence, expected a string at line 1 column 9
      15 unsupported proof library lock
       9 invalid value: integer `-1`, expected usize at line 1 column
       9 invalid value: integer `-3`, expected u32 at line 1 column 9
       9 tampered aggregate certificate
       9 unknown variant `-`, expected one of `Num`, `Float`, `Neg`, 
       8 control character (\u0000-\u001F) found while parsing a stri
       8 replace source update proof: unbound logic variable
       8 replace source update proof: unknown or undeclared logic ent
       7 invalid length 0, expected tuple variant Expr::Binary with 3
       7 invalid type: sequence, expected a string at line 1 column 3
       7 replace source update proof: logic argument type mismatch
       7 replace source update proof: logic transitivity middle diffe
       6 invalid value: integer `-4`, expected u32 at line 1 column 1
       5 incomplete exact integer semantic model
       5 insert source update proof: logic argument count mismatch
       5 invalid knowledge identity
       5 invalid type: map, expected a string at line 1 column 225
test fuzz_maintenance_certificates ... ok
row-model:417 (155070 bytes; live heap 67584238)
row-model:418 (155070 bytes; live heap 37611155)
core:973 (1301844 bytes; live heap 5488723)
core:974 (613 bytes; live heap 3398014)
core:975 (1248 bytes; live heap 3400131)
core:976 (389 bytes; live heap 3394584)
core:977 (2854 bytes; live heap 3395276)
core:978 (1176 bytes; live heap 3411865)
core:979 (909 bytes; live heap 3409969)
core:980 (997 bytes; live heap 3424219)
core:981 (991 bytes; live heap 3427302)
core:982 (1433 bytes; live heap 3423854)
core:983 (2260 bytes; live heap 3439042)
core:984 (1985 bytes; live heap 3441940)
core:985 (984 bytes; live heap 3438823)
core:986 (1399 bytes; live heap 3440704)
core:987 (1831 bytes; live heap 3434303)
core:988 (51508 bytes; live heap 3509480)
core:989 (511 bytes; live heap 3467676)
core:990 (197 bytes; live heap 3490835)
core:991 (2293 bytes; live heap 3489410)
core:992 (2532 bytes; live heap 3492794)
core:993 (2998 bytes; live heap 3536447)
core:994 (550 bytes; live heap 3528004)
core:995 (2515 bytes; live heap 3475154)
core:996 (1464 bytes; live heap 3492764)
row-model:419 (152999 bytes; live heap 28739475)
row-model:420 (153299 bytes; live heap 77687029)
row-model:421 (153299 bytes; live heap 63013079)
row-model:422 (155047 bytes; live heap 15164752)
core:997 (2602511 bytes; live heap 7304856)
core:998 (127 bytes; live heap 3101271)
core:999 (637 bytes; live heap 3119210)
core: 1000 cases in 16.433372667s; 62 mutants accepted; slowest seed 28.359458ms; slowest case 131 237.938875ms; largest heap case 639 19512378 bytes
      96 invalid core module: invalid type: map, expected a string at
      81 invalid core module: invalid type: sequence, expected a stri
      78 incompatible executable core semantics
      34 invalid core module: invalid type: map, expected a sequence 
      21 invalid core module: invalid type: map, expected tuple varia
      16 invalid core module: EOF while parsing a string at line 1 co
      15 invalid core module: invalid value: integer `-1`, expected u
      13 invalid core module: invalid unicode code point at line 1 co
      12 invalid core module: invalid length 0, expected tuple varian
       8 invalid core module: invalid length 0, expected a tuple of s
       7 invalid core module: invalid length 1, expected a tuple of s
       6 invalid core module: invalid length 2, expected tuple varian
       6 invalid core module: invalid type: map, expected a tuple of 
       5 invalid core module: EOF while parsing a list at line 1 colu
       5 invalid core module: invalid type: boolean `false`, expected
       5 invalid core module: key must be a string at line 1 column 1
       4 invalid core module: invalid length 1, expected tuple varian
       4 invalid core module: invalid type: sequence, expected a map 
       4 invalid core module: invalid value: integer `184467440737095
       4 invalid core module: unknown field `Binary`, expected one of
       4 invalid core module: unknown variant `scale`, expected one o
       4 unbound name x
       3 executable core structural budget exceeded
       3 invalid core module: EOF while parsing a value at line 1 col
       3 invalid core module: EOF while parsing an object at line 1 c
test fuzz_core_modules ... ok
row-model:423 (153299 bytes; live heap 2002879)
row-model:424 (153299 bytes; live heap 2002879)
row-model:425 (153318 bytes; live heap 2002879)
row-model:426 (153299 bytes; live heap 2002879)
row-model:427 (153296 bytes; live heap 2002879)
row-model:428 (153326 bytes; live heap 2002957)
row-model:429 (153333 bytes; live heap 2002957)
row-model:430 (1492704 bytes; live heap 3838025)
row-model:431 (155047 bytes; live heap 1895920)
row-model:432 (153319 bytes; live heap 2003057)
row-model:433 (155065 bytes; live heap 2051007)
row-model:434 (153237 bytes; live heap 2003057)
row-model:435 (153299 bytes; live heap 2003057)
row-model:436 (153299 bytes; live heap 2003057)
row-model:437 (153299 bytes; live heap 2003057)
row-model:438 (153235 bytes; live heap 2003153)
row-model:439 (152668 bytes; live heap 2003153)
row-model:440 (165047 bytes; live heap 2051163)
row-model:441 (153300 bytes; live heap 2003213)
row-model:442 (153700 bytes; live heap 2003309)
row-model:443 (153300 bytes; live heap 2003309)
row-model:444 (153278 bytes; live heap 2003309)
row-model:445 (155452 bytes; live heap 2003309)
row-model:446 (153310 bytes; live heap 2003309)
row-model:447 (153201 bytes; live heap 2003309)
row-model:448 (153300 bytes; live heap 2003405)
row-model:449 (155047 bytes; live heap 1896308)
row-model:450 (427128 bytes; live heap 2265549)
row-model:451 (165047 bytes; live heap 2051355)
row-model:452 (153307 bytes; live heap 2003405)
row-model:453 (153290 bytes; live heap 2003405)
row-model:454 (153256 bytes; live heap 2003483)
row-model:455 (161273 bytes; live heap 2003483)
row-model:456 (155070 bytes; live heap 2051497)
row-model:457 (153447 bytes; live heap 2003547)
row-model:458 (153299 bytes; live heap 2003547)
row-model:459 (153299 bytes; live heap 2003547)
row-model:460 (355047 bytes; live heap 2096450)
row-model:461 (153333 bytes; live heap 2003547)
row-model:462 (152180 bytes; live heap 2003547)
row-model:463 (153299 bytes; live heap 2003547)
row-model:464 (91461 bytes; live heap 1896450)
row-model:465 (153309 bytes; live heap 1940111)
row-model:466 (150501 bytes; live heap 2003599)
row-model:467 (153299 bytes; live heap 2003677)
row-model:468 (155070 bytes; live heap 2051627)
row-model:469 (152415 bytes; live heap 2003677)
row-model:470 (353299 bytes; live heap 2143363)
row-model:471 (152830 bytes; live heap 2004109)
row-model:472 (153299 bytes; live heap 2004109)
row-model:473 (153303 bytes; live heap 2004109)
row-model:474 (155087 bytes; live heap 2052127)
row-model:475 (153316 bytes; live heap 2004177)
row-model:476 (155047 bytes; live heap 1897080)
row-model:477 (1492696 bytes; live heap 3839237)
row-model:478 (153299 bytes; live heap 2004229)
row-model:479 (2272586 bytes; live heap 5936389)
row-model:480 (153299 bytes; live heap 2004229)
row-model:481 (153098 bytes; live heap 2004229)
row-model:482 (153950 bytes; live heap 2004229)
row-model:483 (153299 bytes; live heap 2004229)
row-model:484 (153308 bytes; live heap 2004229)
row-model:485 (223203 bytes; live heap 2004229)
row-model:486 (155070 bytes; live heap 2052179)
row-model:487 (153299 bytes; live heap 2004229)
row-model:488 (153312 bytes; live heap 2004229)
row-model:489 (141293 bytes; live heap 2004229)
row-model:490 (153299 bytes; live heap 2004229)
row-model:491 (294477 bytes; live heap 2266373)
row-model:492 (153299 bytes; live heap 2004229)
row-model:493 (153299 bytes; live heap 2004289)
row-model:494 (155047 bytes; live heap 1897192)
row-model:495 (152630 bytes; live heap 2004289)
row-model:496 (422907 bytes; live heap 2266433)
row-model:497 (155070 bytes; live heap 2052239)
row-model:498 (427143 bytes; live heap 2266433)
row-model:499 (155049 bytes; live heap 2052687)
row-model:500 (150274 bytes; live heap 1941301)
row-model:501 (153328 bytes; live heap 2004885)
row-model:502 (153308 bytes; live heap 2004885)
row-model:503 (153299 bytes; live heap 2004885)
row-model:504 (154398 bytes; live heap 2004885)
row-model:505 (152630 bytes; live heap 2004945)
row-model:506 (153369 bytes; live heap 2004945)
row-model:507 (152630 bytes; live heap 2004945)
row-model:508 (153294 bytes; live heap 2004945)
row-model:509 (161272 bytes; live heap 2005023)
row-model:510 (153424 bytes; live heap 2005023)
row-model:511 (153235 bytes; live heap 2005023)
row-model:512 (153299 bytes; live heap 2005083)
row-model:513 (155042 bytes; live heap 1897986)
row-model:514 (153316 bytes; live heap 2005083)
row-model:515 (153299 bytes; live heap 2005083)
row-model:516 (155086 bytes; live heap 2053033)
row-model:517 (153299 bytes; live heap 2005083)
row-model:518 (113095 bytes; live heap 1897986)
row-model:519 (2214154 bytes; live heap 5937295)
row-model:520 (153235 bytes; live heap 2005135)
row-model:521 (1493362 bytes; live heap 3840143)
row-model:522 (153300 bytes; live heap 2005135)
row-model:523 (155070 bytes; live heap 2053085)
row-model:524 (153299 bytes; live heap 2005135)
row-model:525 (153386 bytes; live heap 2005135)
row-model:526 (155070 bytes; live heap 2053141)
row-model:527 (151100 bytes; live heap 2005191)
row-model:528 (151199 bytes; live heap 2005287)
row-model:529 (153300 bytes; live heap 2005287)
row-model:530 (153175 bytes; live heap 2005287)
row-model:531 (152217 bytes; live heap 2005287)
row-model:532 (2214152 bytes; live heap 5937447)
row-model:533 (153291 bytes; live heap 2005287)
row-model:534 (153299 bytes; live heap 2005287)
row-model:535 (158560 bytes; live heap 1941799)
row-model:536 (153299 bytes; live heap 2005287)
row-model:537 (112416 bytes; live heap 2005287)
row-model:538 (153360 bytes; live heap 2005339)
row-model:539 (153307 bytes; live heap 2005339)
row-model:540 (153299 bytes; live heap 2005339)
row-model:541 (152897 bytes; live heap 2005339)
row-model:542 (153302 bytes; live heap 2005339)
row-model:543 (153243 bytes; live heap 2005395)
row-model:544 (153287 bytes; live heap 2005395)
row-model:545 (153234 bytes; live heap 2005473)
row-model:546 (152694 bytes; live heap 2005473)
row-model:547 (153290 bytes; live heap 2005537)
row-model:548 (156329 bytes; live heap 2005537)
row-model:549 (155102 bytes; live heap 2053915)
row-model:550 (219652 bytes; live heap 2005965)
row-model:551 (155070 bytes; live heap 2053915)
row-model:552 (153296 bytes; live heap 2005965)
row-model:553 (155047 bytes; live heap 1899296)
row-model:554 (153323 bytes; live heap 2006393)
row-model:555 (165070 bytes; live heap 2054407)
row-model:556 (8400 bytes; live heap 1899400)
row-model:557 (155070 bytes; live heap 2054495)
row-model:558 (427128 bytes; live heap 2268689)
row-model:559 (153307 bytes; live heap 2006545)
row-model:560 (153299 bytes; live heap 2006545)
row-model:561 (153330 bytes; live heap 2006545)
row-model:562 (153327 bytes; live heap 2006545)
row-model:563 (153299 bytes; live heap 2006545)
row-model:564 (153368 bytes; live heap 2006545)
row-model:565 (353299 bytes; live heap 2145129)
row-model:566 (155092 bytes; live heap 2054495)
row-model:567 (155070 bytes; live heap 2054495)
row-model:568 (153284 bytes; live heap 2006545)
row-model:569 (153307 bytes; live heap 2006545)
row-model:570 (219621 bytes; live heap 2006545)
row-model:571 (2214152 bytes; live heap 5938769)
row-model:572 (155047 bytes; live heap 1899512)
row-model:573 (153314 bytes; live heap 2006653)
row-model:574 (153324 bytes; live heap 2006653)
row-model:575 (153313 bytes; live heap 1943233)
row-model:576 (153368 bytes; live heap 2006721)
row-model:577 (153297 bytes; live heap 2006721)
row-model:578 (153300 bytes; live heap 2006753)
row-model:579 (153020 bytes; live heap 2006813)
row-model:580 (155087 bytes; live heap 2054823)
row-model:581 (152631 bytes; live heap 2006873)
row-model:582 (153246 bytes; live heap 2006873)
row-model:583 (155047 bytes; live heap 1899776)
row-model:584 (148409 bytes; live heap 2006873)
row-model:585 (153238 bytes; live heap 2006873)
row-model:586 (163292 bytes; live heap 1930633)
row-model:587 (155037 bytes; live heap 1899836)
row-model:588 (153237 bytes; live heap 2006933)
row-model:589 (153308 bytes; live heap 2006933)
row-model:590 (153307 bytes; live heap 2006933)
row-model:591 (153302 bytes; live heap 2006933)
row-model:592 (153240 bytes; live heap 2006997)
row-model:593 (153929 bytes; live heap 2006997)
row-model:594 (153304 bytes; live heap 2006997)
row-model:595 (153106 bytes; live heap 2006997)
row-model:596 (153326 bytes; live heap 2006997)
row-model:597 (59305 bytes; live heap 1900012)
row-model:598 (152565 bytes; live heap 2007161)
row-model:599 (153366 bytes; live heap 2007161)
row-model:600 (155047 bytes; live heap 1900064)
row-model:601 (153307 bytes; live heap 2007161)
row-model:602 (153340 bytes; live heap 2007161)
row-model:603 (153330 bytes; live heap 2007233)
row-model:604 (153360 bytes; live heap 2007233)
row-model:605 (153165 bytes; live heap 2007233)
row-model:606 (153299 bytes; live heap 2007233)
row-model:607 (153252 bytes; live heap 2007233)
row-model:608 (153229 bytes; live heap 2007233)
row-model:609 (155047 bytes; live heap 1900136)
row-model:610 (153238 bytes; live heap 2007233)
row-model:611 (153299 bytes; live heap 2007233)
row-model:612 (153322 bytes; live heap 2007233)
row-model:613 (219629 bytes; live heap 2007233)
row-model:614 (153309 bytes; live heap 2007233)
row-model:615 (153301 bytes; live heap 2007233)
row-model:616 (153309 bytes; live heap 2007233)
row-model:617 (161272 bytes; live heap 2007233)
row-model:618 (182253 bytes; live heap 2007233)
row-model:619 (153225 bytes; live heap 2007289)
row-model:620 (153299 bytes; live heap 2007693)
row-model:621 (153582 bytes; live heap 1962125)
row-model:622 (104587 bytes; live heap 1900596)
row-model:623 (155767 bytes; live heap 1944625)
row-model:624 (153299 bytes; live heap 2008113)
row-model:625 (153300 bytes; live heap 2008113)
row-model:626 (153227 bytes; live heap 2008113)
row-model:627 (153196 bytes; live heap 2008113)
row-model:628 (355043 bytes; live heap 2101052)
row-model:629 (165047 bytes; live heap 2056139)
row-model:630 (153184 bytes; live heap 1944701)
row-model:631 (165047 bytes; live heap 2056211)
row-model:632 (155041 bytes; live heap 1901164)
row-model:633 (155047 bytes; live heap 1901164)
row-model:634 (152631 bytes; live heap 2008309)
row-model:635 (153301 bytes; live heap 2008309)
row-model:636 (155048 bytes; live heap 2056259)
row-model:637 (153256 bytes; live heap 2008309)
row-model:638 (355049 bytes; live heap 2457195)
row-model:639 (124005 bytes; live heap 1902188)
row-model:640 (153299 bytes; live heap 2009337)
row-model:641 (153316 bytes; live heap 2009337)
row-model:642 (153299 bytes; live heap 2009337)
row-model:643 (153322 bytes; live heap 2009337)
row-model:644 (153307 bytes; live heap 2009397)
row-model:645 (155047 bytes; live heap 1902360)
row-model:646 (153301 bytes; live heap 2009457)
row-model:647 (153360 bytes; live heap 2009457)
row-model:648 (153237 bytes; live heap 2009457)
row-model:649 (153829 bytes; live heap 2009457)
row-model:650 (153360 bytes; live heap 2009457)
row-model:651 (353322 bytes; live heap 2150565)
row-model:652 (153316 bytes; live heap 2009457)
row-model:653 (155107 bytes; live heap 2057443)
row-model:654 (153290 bytes; live heap 2009493)
row-model:655 (219629 bytes; live heap 2009493)
row-model:656 (143948 bytes; live heap 1902396)
row-model:657 (153299 bytes; live heap 2009545)
row-model:658 (161280 bytes; live heap 2009545)
row-model:659 (153368 bytes; live heap 2009545)
row-model:660 (153231 bytes; live heap 2009545)
row-model:661 (153596 bytes; live heap 2009641)
row-model:662 (153297 bytes; live heap 2009701)
row-model:663 (153310 bytes; live heap 2009701)
row-model:664 (153299 bytes; live heap 2009761)
row-model:665 (155048 bytes; live heap 2057711)
row-model:666 (153309 bytes; live heap 2009761)
row-model:667 (155031 bytes; live heap 1902664)
row-model:668 (153363 bytes; live heap 2009805)
row-model:669 (153366 bytes; live heap 2009805)
row-model:670 (427128 bytes; live heap 2271949)
row-model:671 (1488475 bytes; live heap 3844813)
row-model:672 (153225 bytes; live heap 2009805)
row-model:673 (153300 bytes; live heap 2009841)
row-model:674 (152639 bytes; live heap 2009841)
row-model:675 (153299 bytes; live heap 2009897)
row-model:676 (152630 bytes; live heap 2009957)
row-model:677 (153299 bytes; live heap 2009957)
row-model:678 (150527 bytes; live heap 2009957)
row-model:679 (153323 bytes; live heap 2009957)
row-model:680 (150043 bytes; live heap 1946565)
row-model:681 (153321 bytes; live heap 2010089)
row-model:682 (153366 bytes; live heap 2010089)
row-model:683 (153299 bytes; live heap 2010089)
row-model:684 (155070 bytes; live heap 2058039)
row-model:685 (153911 bytes; live heap 2010089)
row-model:686 (153307 bytes; live heap 2010089)
row-model:687 (79797 bytes; live heap 2010089)
row-model:688 (153308 bytes; live heap 2010149)
row-model:689 (153302 bytes; live heap 2010209)
row-model:690 (153299 bytes; live heap 2010209)
row-model:691 (153369 bytes; live heap 2010209)
row-model:692 (34632 bytes; live heap 1903112)
row-model:693 (155307 bytes; live heap 2058211)
row-model:694 (153099 bytes; live heap 2010261)
row-model:695 (153318 bytes; live heap 2010297)
row-model:696 (153110 bytes; live heap 1903200)
row-model:697 (153301 bytes; live heap 2010349)
row-model:698 (153299 bytes; live heap 2010349)
row-model:699 (153240 bytes; live heap 2010349)
row-model:700 (153232 bytes; live heap 2010349)
row-model:701 (153307 bytes; live heap 2010349)
row-model:702 (155070 bytes; live heap 2058299)
row-model:703 (1492696 bytes; live heap 3845357)
row-model:704 (153288 bytes; live heap 2010349)
row-model:705 (153299 bytes; live heap 2010349)
row-model:706 (153350 bytes; live heap 2010349)
row-model:707 (2414152 bytes; live heap 5942573)
row-model:708 (151473 bytes; live heap 2010413)
row-model:709 (153299 bytes; live heap 2010473)
row-model:710 (153299 bytes; live heap 2010473)
row-model:711 (153367 bytes; live heap 2010473)
row-model:712 (106724 bytes; live heap 1903376)
row-model:713 (153299 bytes; live heap 2010525)
row-model:714 (155039 bytes; live heap 1903428)
row-model:715 (153300 bytes; live heap 2010577)
row-model:716 (155136 bytes; live heap 2058527)
row-model:717 (153299 bytes; live heap 2010613)
row-model:718 (153299 bytes; live heap 2010613)
row-model:719 (153935 bytes; live heap 2010613)
row-model:720 (2214163 bytes; live heap 4926965)
row-model:721 (153235 bytes; live heap 2010685)
row-model:722 (153416 bytes; live heap 2010685)
row-model:723 (153312 bytes; live heap 2010685)
row-model:724 (152630 bytes; live heap 2010685)
row-model:725 (155047 bytes; live heap 1903652)
row-model:726 (155048 bytes; live heap 2058751)
row-model:727 (153302 bytes; live heap 2010801)
row-model:728 (153311 bytes; live heap 2010801)
row-model:729 (153308 bytes; live heap 2010801)
row-model:730 (151177 bytes; live heap 2010801)
row-model:731 (155047 bytes; live heap 1903764)
row-model:732 (153237 bytes; live heap 2010861)
row-model:733 (153255 bytes; live heap 2010921)
row-model:734 (355047 bytes; live heap 2103824)
row-model:735 (152964 bytes; live heap 2010921)
row-model:736 (153309 bytes; live heap 2010921)
row-model:737 (155048 bytes; live heap 2058871)
row-model:738 (155070 bytes; live heap 2058871)
row-model:739 (153559 bytes; live heap 2010921)
row-model:740 (153299 bytes; live heap 2010921)
row-model:741 (153357 bytes; live heap 2010921)
row-model:742 (2214175 bytes; live heap 5943191)
row-model:743 (153290 bytes; live heap 2011031)
row-model:744 (153322 bytes; live heap 2011031)
row-model:745 (155047 bytes; live heap 1903934)
row-model:746 (155045 bytes; live heap 1903934)
row-model:747 (422994 bytes; live heap 2543511)
row-model:748 (155048 bytes; live heap 2059057)
row-model:749 (155483 bytes; live heap 2011107)
row-model:750 (155048 bytes; live heap 2059057)
row-model:751 (153299 bytes; live heap 2011143)
row-model:752 (153226 bytes; live heap 2011143)
row-model:753 (153290 bytes; live heap 2011179)
row-model:754 (153309 bytes; live heap 2011179)
row-model:755 (153359 bytes; live heap 2011179)
row-model:756 (153369 bytes; live heap 2011627)
row-model:757 (153322 bytes; live heap 2011627)
row-model:758 (153222 bytes; live heap 2011627)
row-model:759 (153316 bytes; live heap 2011627)
row-model:760 (652070 bytes; live heap 2544167)
row-model:761 (154972 bytes; live heap 2011723)
row-model:762 (153299 bytes; live heap 2011723)
row-model:763 (157053 bytes; live heap 2011723)
row-model:764 (153353 bytes; live heap 2011723)
row-model:765 (153299 bytes; live heap 2011723)
row-model:766 (1492696 bytes; live heap 3846731)
row-model:767 (2214153 bytes; live heap 5943883)
row-model:768 (153232 bytes; live heap 2011791)
row-model:769 (153360 bytes; live heap 2011791)
row-model:770 (153299 bytes; live heap 2011791)
row-model:771 (153373 bytes; live heap 1948303)
row-model:772 (153299 bytes; live heap 2011827)
row-model:773 (153244 bytes; live heap 2011923)
row-model:774 (153307 bytes; live heap 2012031)
row-model:775 (153330 bytes; live heap 2012031)
row-model:776 (153299 bytes; live heap 2012031)
row-model:777 (153307 bytes; live heap 2012031)
row-model:778 (99240 bytes; live heap 1904934)
row-model:779 (155047 bytes; live heap 1904986)
row-model:780 (153895 bytes; live heap 2012083)
row-model:781 (355047 bytes; live heap 2105022)
row-model:782 (155029 bytes; live heap 2060069)
row-model:783 (155061 bytes; live heap 2060069)
row-model:784 (161272 bytes; live heap 2012119)
row-model:785 (153299 bytes; live heap 2012119)
row-model:786 (153308 bytes; live heap 2012119)
row-model:787 (153317 bytes; live heap 2012119)
row-model:788 (153302 bytes; live heap 2012199)
row-model:789 (153222 bytes; live heap 2012271)
row-model:790 (153312 bytes; live heap 2012349)
row-model:791 (153442 bytes; live heap 1948957)
row-model:792 (153300 bytes; live heap 2013313)
row-model:793 (155048 bytes; live heap 2061263)
row-model:794 (155077 bytes; live heap 2061671)
row-model:795 (153435 bytes; live heap 2013721)
row-model:796 (150530 bytes; live heap 2013721)
row-model:797 (155047 bytes; live heap 1906664)
row-model:798 (152046 bytes; live heap 2013809)
row-model:799 (153299 bytes; live heap 2013809)
row-model:800 (153299 bytes; live heap 2013809)
row-model:801 (153350 bytes; live heap 2013809)
row-model:802 (153304 bytes; live heap 2013809)
row-model:803 (155053 bytes; live heap 2061759)
row-model:804 (422935 bytes; live heap 2546289)
row-model:805 (153309 bytes; live heap 2013809)
row-model:806 (155070 bytes; live heap 2061759)
row-model:807 (153258 bytes; live heap 2013809)
row-model:808 (153299 bytes; live heap 2013887)
row-model:809 (153285 bytes; live heap 2013887)
row-model:810 (153299 bytes; live heap 2013887)
row-model:811 (7642 bytes; live heap 1906790)
row-model:812 (153242 bytes; live heap 2014303)
row-model:813 (212653 bytes; live heap 2345467)
row-model:814 (155061 bytes; live heap 2062305)
row-model:815 (149248 bytes; live heap 2014395)
row-model:816 (153290 bytes; live heap 2014395)
row-model:817 (153314 bytes; live heap 2014395)
row-model:818 (149669 bytes; live heap 2014395)
row-model:819 (153560 bytes; live heap 2014479)
row-model:820 (153308 bytes; live heap 2014479)
row-model:821 (155051 bytes; live heap 2062893)
row-model:822 (153307 bytes; live heap 2014943)
row-model:823 (155053 bytes; live heap 2062893)
row-model:824 (153231 bytes; live heap 2014943)
row-model:825 (153315 bytes; live heap 2014943)
row-model:826 (153397 bytes; live heap 2014943)
row-model:827 (155453 bytes; live heap 2015003)
row-model:828 (165070 bytes; live heap 2063013)
row-model:829 (153298 bytes; live heap 2015063)
row-model:830 (153309 bytes; live heap 1952003)
row-model:831 (155046 bytes; live heap 1908394)
row-model:832 (163345 bytes; live heap 1939731)
row-model:833 (153328 bytes; live heap 2015491)
row-model:834 (153177 bytes; live heap 2015491)
row-model:835 (153307 bytes; live heap 2015491)
row-model:836 (153308 bytes; live heap 2015491)
row-model:837 (155532 bytes; live heap 2015491)
row-model:838 (153374 bytes; live heap 2015491)
row-model:839 (152904 bytes; live heap 2015491)
row-model:840 (153359 bytes; live heap 2015543)
row-model:841 (153366 bytes; live heap 2015621)
row-model:842 (153322 bytes; live heap 2015621)
row-model:843 (153309 bytes; live heap 2015621)
row-model:844 (153174 bytes; live heap 2015621)
row-model:845 (151868 bytes; live heap 2015681)
row-model:846 (163300 bytes; live heap 1940801)
row-model:847 (74235 bytes; live heap 1908584)
row-model:848 (427128 bytes; live heap 2277877)
row-model:849 (219629 bytes; live heap 2015733)
row-model:850 (1492696 bytes; live heap 3850741)
row-model:851 (155307 bytes; live heap 2063683)
row-model:852 (153324 bytes; live heap 1952245)
row-model:853 (153299 bytes; live heap 2015801)
row-model:854 (155069 bytes; live heap 2063751)
row-model:855 (153299 bytes; live heap 2015845)
row-model:856 (163358 bytes; live heap 1940293)
row-model:857 (153307 bytes; live heap 2015845)
row-model:858 (155047 bytes; live heap 1908748)
row-model:859 (155033 bytes; live heap 1909168)
row-model:860 (155048 bytes; live heap 2064215)
row-model:861 (153293 bytes; live heap 2016265)
row-model:862 (155458 bytes; live heap 2016265)
row-model:863 (1492632 bytes; live heap 3851273)
row-model:864 (124701 bytes; live heap 1909168)
row-model:865 (152174 bytes; live heap 2016317)
row-model:866 (153387 bytes; live heap 2016317)
row-model:867 (1492696 bytes; live heap 3851325)
row-model:868 (155037 bytes; live heap 1909220)
row-model:869 (153296 bytes; live heap 2016317)
row-model:870 (153307 bytes; live heap 2016317)
row-model:871 (153230 bytes; live heap 2016317)
row-model:872 (158969 bytes; live heap 2016353)
row-model:873 (153304 bytes; live heap 2016353)
row-model:874 (153299 bytes; live heap 2016429)
row-model:875 (153299 bytes; live heap 2016429)
row-model:876 (153270 bytes; live heap 2016429)
row-model:877 (156033 bytes; live heap 1980333)
row-model:878 (155105 bytes; live heap 2016429)
row-model:879 (1492696 bytes; live heap 3851437)
row-model:880 (152628 bytes; live heap 2016429)
row-model:881 (152674 bytes; live heap 2016429)
row-model:882 (153322 bytes; live heap 2016429)
row-model:883 (153302 bytes; live heap 2016429)
row-model:884 (155047 bytes; live heap 1909332)
row-model:885 (353300 bytes; live heap 2278573)
row-model:886 (153299 bytes; live heap 2016429)
row-model:887 (153257 bytes; live heap 2016429)
row-model:888 (153297 bytes; live heap 2016429)
row-model:889 (153360 bytes; live heap 2016429)
row-model:890 (2214152 bytes; live heap 5948589)
row-model:891 (153354 bytes; live heap 2016429)
row-model:892 (427128 bytes; live heap 2279001)
row-model:893 (153299 bytes; live heap 2016857)
row-model:894 (153299 bytes; live heap 2016857)
row-model:895 (153299 bytes; live heap 2016857)
row-model:896 (153232 bytes; live heap 2016857)
row-model:897 (153302 bytes; live heap 2016857)
row-model:898 (155047 bytes; live heap 1909760)
row-model:899 (153318 bytes; live heap 2016857)
row-model:900 (43199 bytes; live heap 1909760)
row-model:901 (153251 bytes; live heap 2016909)
row-model:902 (163307 bytes; live heap 1942633)
row-model:903 (151757 bytes; live heap 2016969)
row-model:904 (155047 bytes; live heap 1909872)
row-model:905 (152703 bytes; live heap 2016969)
row-model:906 (153299 bytes; live heap 2016969)
row-model:907 (1492702 bytes; live heap 3851977)
row-model:908 (153232 bytes; live heap 2016969)
row-model:909 (152631 bytes; live heap 2016969)
row-model:910 (153270 bytes; live heap 2016969)
row-model:911 (154183 bytes; live heap 2017069)
row-model:912 (153300 bytes; live heap 2017069)
row-model:913 (155484 bytes; live heap 2017069)
row-model:914 (153307 bytes; live heap 2017069)
row-model:915 (153267 bytes; live heap 2017069)
row-model:916 (94491 bytes; live heap 1909972)
row-model:917 (355047 bytes; live heap 2110024)
row-model:918 (153308 bytes; live heap 2017121)
row-model:919 (153337 bytes; live heap 2017121)
row-model:920 (153263 bytes; live heap 2017121)
row-model:921 (153373 bytes; live heap 2017121)
row-model:922 (153360 bytes; live heap 2017177)
row-model:923 (153318 bytes; live heap 1953689)
row-model:924 (153369 bytes; live heap 2017253)
row-model:925 (149816 bytes; live heap 2017253)
row-model:926 (153238 bytes; live heap 2017253)
row-model:927 (155047 bytes; live heap 1910156)
row-model:928 (133775 bytes; live heap 1910156)
row-model:929 (153307 bytes; live heap 2017305)
row-model:930 (153299 bytes; live heap 2017305)
row-model:931 (153302 bytes; live heap 2017305)
row-model:932 (87762 bytes; live heap 2017305)
row-model:933 (153299 bytes; live heap 2017357)
row-model:934 (38449 bytes; live heap 1910260)
row-model:935 (152909 bytes; live heap 2017393)
row-model:936 (153299 bytes; live heap 2017393)
row-model:937 (153375 bytes; live heap 1953905)
row-model:938 (153377 bytes; live heap 2017429)
row-model:939 (153298 bytes; live heap 2017429)
row-model:940 (155070 bytes; live heap 2065379)
row-model:941 (153299 bytes; live heap 2017429)
row-model:942 (152656 bytes; live heap 2017429)
row-model:943 (355047 bytes; live heap 2110332)
row-model:944 (153384 bytes; live heap 2017429)
row-model:945 (153299 bytes; live heap 2017429)
row-model:946 (153299 bytes; live heap 2017429)
row-model:947 (153290 bytes; live heap 2017429)
row-model:948 (151880 bytes; live heap 2017429)
row-model:949 (155047 bytes; live heap 1910396)
row-model:950 (153299 bytes; live heap 2017545)
row-model:951 (153301 bytes; live heap 2017545)
row-model:952 (2214152 bytes; live heap 5949705)
row-model:953 (153366 bytes; live heap 2017545)
row-model:954 (153299 bytes; live heap 2017545)
row-model:955 (153299 bytes; live heap 2017545)
row-model:956 (153299 bytes; live heap 2017545)
row-model:957 (153308 bytes; live heap 2017545)
row-model:958 (355093 bytes; live heap 2375589)
row-model:959 (153309 bytes; live heap 2017545)
row-model:960 (153326 bytes; live heap 2017605)
row-model:961 (153310 bytes; live heap 2017605)
row-model:962 (153238 bytes; live heap 2017685)
row-model:963 (153371 bytes; live heap 2017685)
row-model:964 (153225 bytes; live heap 2017685)
row-model:965 (153299 bytes; live heap 2017685)
row-model:966 (153962 bytes; live heap 2017685)
row-model:967 (153164 bytes; live heap 2017721)
row-model:968 (153307 bytes; live heap 2017757)
row-model:969 (153300 bytes; live heap 2017757)
row-model:970 (153326 bytes; live heap 2017757)
row-model:971 (153328 bytes; live heap 2017817)
row-model:972 (153322 bytes; live heap 2017817)
row-model:973 (427125 bytes; live heap 2279961)
row-model:974 (153366 bytes; live heap 2017817)
row-model:975 (153237 bytes; live heap 2017817)
row-model:976 (155047 bytes; live heap 1910720)
row-model:977 (153387 bytes; live heap 2017857)
row-model:978 (153299 bytes; live heap 2017857)
row-model:979 (153300 bytes; live heap 2017857)
row-model:980 (152633 bytes; live heap 2017857)
row-model:981 (161284 bytes; live heap 2017857)
row-model:982 (153299 bytes; live heap 2017917)
row-model:983 (163100 bytes; live heap 1929373)
row-model:984 (153299 bytes; live heap 2017957)
row-model:985 (2214164 bytes; live heap 5950117)
row-model:986 (153307 bytes; live heap 2018053)
row-model:987 (153299 bytes; live heap 2018089)
row-model:988 (153311 bytes; live heap 2018089)
row-model:989 (153232 bytes; live heap 2018185)
row-model:990 (165047 bytes; live heap 2066135)
row-model:991 (155048 bytes; live heap 2066135)
row-model:992 (155099 bytes; live heap 2066135)
row-model:993 (153232 bytes; live heap 2018185)
row-model:994 (153322 bytes; live heap 2018185)
row-model:995 (153379 bytes; live heap 2018185)
row-model:996 (151155 bytes; live heap 2018185)
row-model:997 (155047 bytes; live heap 1911088)
row-model:998 (153307 bytes; live heap 2018237)
row-model:999 (153544 bytes; live heap 2018237)
row-model: 1000 cases in 19.445716708s; 10 mutants accepted; slowest seed 447.916583ms; slowest case 12 251.106917ms; largest heap case 671 4122280 bytes
     339 source row description does not match current source/certifi
     101 proof library content hash mismatch
      38 invalid type: sequence, expected a string at line 1 column 1
      21 invalid value: integer `-1`, expected u32 at line 1 column 1
      14 invalid type: sequence, expected a string at line 1 column 2
      11 unsupported proof library lock
      10 invalid type: sequence, expected a string at line 1 column 5
      10 invalid value: integer `18446744073709551615`, expected u32 
       9 control character (\u0000-\u001F) found while parsing a stri
       9 invalid type: sequence, expected a string at line 1 column 3
       6 invalid knowledge identity
       6 invalid type: map, expected a string at line 1 column 1032
       6 invalid type: map, expected a string at line 1 column 734
       6 invalid type: map, expected a string at line 1 column 852
       6 invalid type: sequence, expected a string at line 1 column 6
       6 invalid type: sequence, expected a string at line 1 column 9
       6 unknown variant `"Bool"`, expected one of `Bool`, `U64`, `Da
       5 expected value at line 1 column 813
       5 invalid type: map, expected a sequence at line 1 column 30
       5 invalid type: sequence, expected a string at line 1 column 4
       5 invalid type: sequence, expected a string at line 1 column 7
       5 invalid value: integer `4294967296`, expected u32 at line 1 
       5 unknown variant `273604fa8cc2eefea99058c73ecddef5801a1a92f2a
       5 unknown variant `85fe3480106fa23e84bf844c51bfd10ed8860690bc2
       4 invalid type: boolean `false`, expected a string at line 1 c
test fuzz_row_models ... ok
equality:99: still running after 30s
test fuzz_equality_objects has been running for over 60 seconds
equality:99: still running after 60s
equality:99: slow: 76.8987395s (input: /Users/jamesaddison/Documents/Codex/2026-10-09/wha/outputs/verified-language/target/hardening-failures/equality-99.bin)
equality:100 (203 bytes; live heap 280210)
equality:101 (700914 bytes; live heap 1328598)
equality:102 (488 bytes; live heap 280574)
equality:103 (461 bytes; live heap 280642)
equality:104 (927 bytes; live heap 281972)
equality:105 (840213 bytes; live heap 1328800)
equality:106 (163 bytes; live heap 280480)
equality:107 (209 bytes; live heap 280480)
equality:108 (698 bytes; live heap 281248)
equality:109 (906 bytes; live heap 281708)
equality:110 (217 bytes; live heap 280980)
equality:111 (456 bytes; live heap 281300)
equality:112 (475 bytes; live heap 281300)
equality:113 (11 bytes; live heap 281017)
equality:114 (529 bytes; live heap 281926)
equality:115 (70 bytes; live heap 281926)
equality:116 (600864 bytes; live heap 1329526)
equality:117 (194 bytes; live heap 281416)
equality:118 (347 bytes; live heap 281542)
equality:119 (550 bytes; live heap 282160)
equality:120 (1118 bytes; live heap 283258)
equality:121 (438 bytes; live heap 281722)
equality:122 (339 bytes; live heap 281722)
equality:123 (1019 bytes; live heap 282294)
equality:124 (13145 bytes; live heap 298082)
equality:125 (180 bytes; live heap 282014)
equality:126 (475 bytes; live heap 282362)
equality:127 (479 bytes; live heap 282362)
equality:128 (475 bytes; live heap 282362)
equality:129 (215 bytes; live heap 282106)
equality:130 (199 bytes; live heap 282106)
equality:131 (184 bytes; live heap 282122)
equality:132 (6117 bytes; live heap 290058)
equality:133 (526 bytes; live heap 282982)
equality:134 (921 bytes; live heap 283800)
equality:135 (392 bytes; live heap 282922)
equality:136 (465 bytes; live heap 282954)
equality:137 (221 bytes; live heap 282698)
equality:138 (867 bytes; live heap 283466)
equality:139 (2 bytes; live heap 282540)
equality:140 (540 bytes; live heap 283628)
equality:141 (471 bytes; live heap 283176)
equality:142 (201175 bytes; live heap 483839)
equality:143 (212 bytes; live heap 282960)
equality:144 (497 bytes; live heap 283320)
equality:145 (683 bytes; live heap 283736)
equality:146 (3697 bytes; live heap 286940)
equality:147 (464 bytes; live heap 283420)
equality:148 (2118 bytes; live heap 287004)
equality:149 (37634 bytes; live heap 348444)
equality:150 (1115 bytes; live heap 284956)
equality:151 (882 bytes; live heap 283932)
equality:152 (529 bytes; live heap 283932)
equality:153 (893 bytes; live heap 284674)
equality:154 (914 bytes; live heap 284782)
equality:155 (200717 bytes; live heap 483657)
equality:156 (529 bytes; live heap 283994)
equality:157 (483 bytes; live heap 283894)
equality:158 (529 bytes; live heap 284466)
equality:159 (1015 bytes; live heap 284554)
equality:160 (0 bytes; live heap 283786)
equality:161 (531 bytes; live heap 284598)
equality:162 (594 bytes; live heap 284598)
equality:163 (275 bytes; live heap 284146)
equality:164 (545 bytes; live heap 284722)
equality:165 (616 bytes; live heap 284394)
equality:166 (221 bytes; live heap 284074)
equality:167 (224 bytes; live heap 284074)
equality:168 (140 bytes; live heap 284732)
equality:169 (558 bytes; live heap 285258)
equality:170 (13492 bytes; live heap 300690)
equality:171 (545 bytes; live heap 285418)
equality:172 (192 bytes; live heap 284650)
equality:173 (1181 bytes; live heap 286236)
equality:174 (7211 bytes; live heap 292680)
equality:175 (456 bytes; live heap 285048)
equality:176 (188 bytes; live heap 284792)
equality:177 (473 bytes; live heap 285048)
equality:178 (1159 bytes; live heap 286584)
equality:179 (502 bytes; live heap 285514)
equality:180 (195 bytes; live heap 286228)
equality:181 (2433 bytes; live heap 290068)
equality:182 (190 bytes; live heap 286292)
equality:183 (872 bytes; live heap 286975)
equality:184 (1103 bytes; live heap 288224)
equality:185 (190 bytes; live heap 286432)
equality:186 (5365 bytes; live heap 294368)
equality:187 (6279 bytes; live heap 296633)
equality:188 (3940 bytes; live heap 290272)
equality:189 (893 bytes; live heap 287264)
equality:190 (526 bytes; live heap 286766)
equality:191 (812 bytes; live heap 287308)
equality:192 (7451 bytes; live heap 294520)
equality:193 (487 bytes; live heap 286840)
equality:194 (500 bytes; live heap 287288)
equality:195 (473 bytes; live heap 287324)
equality:196 (468 bytes; live heap 287324)
equality:197 (622 bytes; live heap 288220)
equality:198 (934 bytes; live heap 288256)
equality:199 (524 bytes; live heap 288292)
equality:200 (15442 bytes; live heap 303652)
equality:201 (518 bytes; live heap 287795)
equality:202 (1200888 bytes; live heap 2384420)
equality:203 (546 bytes; live heap 288292)
equality:204 (455 bytes; live heap 287780)
equality:205 (240458 bytes; live heap 549506)
equality:206 (463 bytes; live heap 287874)
equality:207 (2 bytes; live heap 287574)
equality:208 (540 bytes; live heap 288546)
equality:209 (188 bytes; live heap 287814)
equality:210 (473 bytes; live heap 288070)
equality:211 (566 bytes; live heap 288582)
equality:212 (470 bytes; live heap 288070)
equality:213 (1136 bytes; live heap 289642)
equality:214 (882 bytes; live heap 288658)
equality:215 (514 bytes; live heap 289066)
equality:216 (555 bytes; live heap 289054)
equality:217 (1180434 bytes; live heap 1648018)
equality:218 (522 bytes; live heap 289170)
equality:219 (216 bytes; live heap 288438)
equality:220 (536 bytes; live heap 289206)
equality:221 (751 bytes; live heap 289266)
equality:222 (597 bytes; live heap 289302)
equality:223 (256 bytes; live heap 288594)
equality:224 (528 bytes; live heap 289392)
equality:225 (521 bytes; live heap 288908)
equality:226 (527 bytes; live heap 289446)
equality:227 (486 bytes; live heap 288998)
equality:228 (95 bytes; live heap 289106)
equality:229 (200060 bytes; live heap 488736)
equality:230 (591 bytes; live heap 289700)
equality:231 (407 bytes; live heap 289700)
equality:232 (1340465 bytes; live heap 2385876)
equality:233 (523 bytes; live heap 289748)
equality:234 (433 bytes; live heap 289280)
equality:235 (1153 bytes; live heap 290884)
equality:236 (891 bytes; live heap 289860)
equality:237 (457 bytes; live heap 289420)
equality:238 (184 bytes; live heap 289164)
equality:239 (146 bytes; live heap 289365)
equality:240 (326 bytes; live heap 289420)
equality:241 (1317 bytes; live heap 290236)
equality:242 (10491 bytes; live heap 299861)
equality:243 (1824 bytes; live heap 291478)
equality:244 (473 bytes; live heap 289982)
equality:245 (526 bytes; live heap 290562)
equality:246 (461 bytes; live heap 290050)
equality:247 (374 bytes; live heap 290144)
equality:248 (561 bytes; live heap 290656)
equality:249 (221 bytes; live heap 289888)
equality:250 (231 bytes; live heap 289888)
equality:251 (200376 bytes; live heap 490008)
equality:252 (474 bytes; live heap 290180)
equality:253 (526 bytes; live heap 291124)
equality:254 (527 bytes; live heap 290627)
equality:255 (1300471 bytes; live heap 2387346)
equality:256 (223 bytes; live heap 290450)
equality:257 (912 bytes; live heap 291234)
equality:258 (141133 bytes; live heap 552418)
equality:259 (214 bytes; live heap 290570)
equality:260 (117 bytes; live heap 290841)
equality:261 (2164 bytes; live heap 294450)
equality:262 (13197 bytes; live heap 306774)
equality:263 (347 bytes; live heap 290902)
equality:264 (3 bytes; live heap 290994)
equality:265 (479 bytes; live heap 291042)
equality:266 (484 bytes; live heap 291042)
equality:267 (470 bytes; live heap 291132)
equality:268 (470 bytes; live heap 291132)
equality:269 (6 bytes; live heap 290748)
equality:270 (168 bytes; live heap 290948)
equality:271 (436 bytes; live heap 291640)
equality:272 (453 bytes; live heap 291669)
equality:273 (1169 bytes; live heap 293264)
equality:274 (1382 bytes; live heap 293344)
equality:275 (485 bytes; live heap 291868)
equality:276 (982 bytes; live heap 292486)
equality:277 (473 bytes; live heap 292040)
equality:278 (219 bytes; live heap 291784)
equality:279 (203 bytes; live heap 291820)
equality:280 (481 bytes; live heap 292170)
equality:281 (882 bytes; live heap 292742)
equality:282 (497 bytes; live heap 292230)
equality:283 (452 bytes; live heap 292230)
equality:284 (500 bytes; live heap 292710)
equality:285 (477 bytes; live heap 292342)
equality:286 (495 bytes; live heap 292774)
equality:287 (211 bytes; live heap 292126)
equality:288 (222 bytes; live heap 292198)
equality:289 (463297 bytes; live heap 816230)
equality:290 (543 bytes; live heap 293006)
equality:291 (500 bytes; live heap 292494)
equality:292 (936 bytes; live heap 293006)
equality:293 (205 bytes; live heap 292298)
equality:294 (1500466 bytes; live heap 2389194)
equality:295 (474 bytes; live heap 292554)
equality:296 (471 bytes; live heap 292602)
equality:297 (12 bytes; live heap 292102)
equality:298 (223 bytes; live heap 292426)
equality:299 (1165 bytes; live heap 294218)
equality:300 (875 bytes; live heap 293194)
equality:301 (219 bytes; live heap 292426)
equality:302 (944 bytes; live heap 294088)
equality:303 (336 bytes; live heap 292848)
equality:304 (882 bytes; live heap 293446)
equality:305 (550 bytes; live heap 293476)
equality:306 (222 bytes; live heap 292714)
equality:307 (274957 bytes; live heap 816838)
equality:308 (249 bytes; live heap 292806)
equality:309 (592 bytes; live heap 293690)
equality:310 (1153 bytes; live heap 294714)
equality:311 (512 bytes; live heap 293192)
equality:312 (920 bytes; live heap 293726)
equality:313 (243 bytes; live heap 292958)
equality:314 (717 bytes; live heap 293708)
equality:315 (900 bytes; live heap 294182)
equality:316 (35 bytes; live heap 294182)
equality:317 (856 bytes; live heap 294362)
equality:318 (481 bytes; live heap 293850)
equality:319 (896 bytes; live heap 295298)
equality:320 (1011 bytes; live heap 295334)
equality:321 (198 bytes; live heap 294660)
equality:322 (182 bytes; live heap 294660)
equality:323 (1142 bytes; live heap 296516)
equality:324 (192 bytes; live heap 294724)
equality:325 (489 bytes; live heap 294980)
equality:326 (260509 bytes; live heap 556672)
equality:327 (882 bytes; live heap 295592)
equality:328 (473 bytes; live heap 295080)
equality:329 (216 bytes; live heap 294954)
equality:330 (928 bytes; live heap 295592)
equality:331 (1151 bytes; live heap 297044)
equality:332 (63 bytes; live heap 295124)
equality:333 (457 bytes; live heap 295544)
equality:334 (850738 bytes; live heap 1343608)
equality:335 (1618 bytes; live heap 297080)
equality:336 (481 bytes; live heap 295604)
equality:337 (652 bytes; live heap 296116)
equality:338 (525 bytes; live heap 296116)
equality:339 (501 bytes; live heap 296108)
equality:340 (485 bytes; live heap 296138)
equality:341 (236 bytes; live heap 295954)
equality:342 (1186 bytes; live heap 297746)
equality:343 (461 bytes; live heap 296270)
equality:344 (526 bytes; live heap 296284)
equality:345 (224 bytes; live heap 296414)
equality:346 (883 bytes; live heap 297182)
equality:347 (495 bytes; live heap 296670)
equality:348 (200053 bytes; live heap 496291)
equality:349 (521 bytes; live heap 297322)
equality:350 (481 bytes; live heap 297218)
equality:351 (5442 bytes; live heap 304898)
equality:352 (496 bytes; live heap 297218)
equality:353 (83 bytes; live heap 297163)
equality:354 (93 bytes; live heap 296899)
equality:355 (794 bytes; live heap 297730)
equality:356 (1500468 bytes; live heap 2393858)
equality:357 (192 bytes; live heap 296962)
equality:358 (490 bytes; live heap 297218)
equality:359 (2191 bytes; live heap 300802)
equality:360 (900 bytes; live heap 297786)
equality:361 (14610 bytes; live heap 313222)
equality:362 (1048 bytes; live heap 298958)
equality:363 (899 bytes; live heap 298338)
equality:364 (992 bytes; live heap 299160)
equality:365 (1221 bytes; live heap 299536)
equality:366 (486 bytes; live heap 298060)
equality:367 (520 bytes; live heap 298142)
equality:368 (423 bytes; live heap 298222)
equality:369 (501 bytes; live heap 298710)
equality:370 (10473 bytes; live heap 308263)
equality:371 (420 bytes; live heap 298342)
equality:372 (214 bytes; live heap 298162)
equality:373 (920 bytes; live heap 298930)
equality:374 (1595 bytes; live heap 300014)
equality:375 (957 bytes; live heap 299026)
equality:376 (458 bytes; live heap 298602)
equality:377 (909 bytes; live heap 299114)
equality:378 (564 bytes; live heap 299114)
equality:379 (527 bytes; live heap 298683)
equality:380 (472 bytes; live heap 299130)
equality:381 (1048 bytes; live heap 300006)
equality:382 (1340456 bytes; live heap 2395926)
equality:383 (491 bytes; live heap 299286)
equality:384 (416 bytes; live heap 299322)
equality:385 (893 bytes; live heap 299834)
equality:386 (549 bytes; live heap 299922)
equality:387 (473 bytes; live heap 299382)
equality:388 (433 bytes; live heap 299382)
equality:389 (200556 bytes; live heap 499486)
equality:390 (612 bytes; live heap 299954)
equality:391 (826 bytes; live heap 300014)
equality:392 (471 bytes; live heap 299502)
equality:393 (1151 bytes; live heap 301038)
equality:394 (1087 bytes; live heap 301074)
equality:395 (489 bytes; live heap 299990)
equality:396 (280518 bytes; live heap 823766)
equality:397 (518 bytes; live heap 300542)
equality:398 (501 bytes; live heap 300030)
equality:399 (87 bytes; live heap 299706)
equality:400 (450 bytes; live heap 300090)
equality:401 (474 bytes; live heap 300090)
equality:402 (474 bytes; live heap 300052)
equality:403 (239 bytes; live heap 300280)
equality:404 (28887 bytes; live heap 332852)
equality:405 (481 bytes; live heap 300636)
equality:406 (180 bytes; live heap 300380)
equality:407 (566 bytes; live heap 301148)
equality:408 (114 bytes; live heap 300602)
equality:409 (163 bytes; live heap 300428)
equality:410 (206 bytes; live heap 300428)
equality:411 (477 bytes; live heap 300684)
equality:412 (196 bytes; live heap 300520)
equality:413 (521 bytes; live heap 301288)
equality:414 (540 bytes; live heap 301382)
equality:415 (1179 bytes; live heap 301780)
equality:416 (12301 bytes; live heap 316896)
equality:417 (456 bytes; live heap 301024)
equality:418 (200 bytes; live heap 300768)
equality:419 (10491 bytes; live heap 311006)
equality:420 (300437 bytes; live heap 824852)
equality:421 (871 bytes; live heap 301588)
equality:422 (625 bytes; live heap 301588)
equality:423 (833 bytes; live heap 301648)
equality:424 (1146 bytes; live heap 302732)
equality:425 (508 bytes; live heap 301668)
equality:426 (501 bytes; live heap 301360)
equality:427 (1325 bytes; live heap 302956)
equality:428 (400473 bytes; live heap 825252)
equality:429 (462 bytes; live heap 301476)
equality:430 (471 bytes; live heap 301520)
equality:431 (1185 bytes; live heap 303056)
equality:432 (470 bytes; live heap 301992)
equality:433 (551 bytes; live heap 302180)
equality:434 (1039 bytes; live heap 303620)
equality:435 (250 bytes; live heap 301828)
equality:436 (253 bytes; live heap 301828)
equality:437 (477 bytes; live heap 302084)
equality:438 (174 bytes; live heap 301828)
equality:439 (473 bytes; live heap 302084)
equality:440 (200188 bytes; live heap 501765)
equality:441 (6590 bytes; live heap 309842)
equality:442 (1500426 bytes; live heap 2398802)
equality:443 (577 bytes; live heap 302674)
equality:444 (1152 bytes; live heap 302802)
equality:445 (570 bytes; live heap 302710)
equality:446 (140457 bytes; live heap 563920)
equality:447 (1996 bytes; live heap 303864)
equality:448 (203 bytes; live heap 302072)
equality:449 (523 bytes; live heap 302436)
equality:450 (477 bytes; live heap 302470)
equality:451 (629 bytes; live heap 302982)
equality:452 (922 bytes; live heap 303018)
equality:453 (482 bytes; live heap 302521)
equality:454 (991 bytes; live heap 303370)
equality:455 (462 bytes; live heap 302614)
equality:456 (452 bytes; live heap 302614)
equality:457 (527 bytes; live heap 303186)
equality:458 (1933 bytes; live heap 304210)
equality:459 (477 bytes; live heap 302674)
equality:460 (479 bytes; live heap 302674)
equality:461 (456 bytes; live heap 302674)
equality:462 (644 bytes; live heap 303186)
equality:463 (598 bytes; live heap 303246)
equality:464 (6916 bytes; live heap 310478)
equality:465 (1217 bytes; live heap 304762)
equality:466 (952 bytes; live heap 304122)
equality:467 (1169 bytes; live heap 304842)
equality:468 (563 bytes; live heap 303818)
equality:469 (1089 bytes; live heap 304842)
equality:470 (931 bytes; live heap 303818)
equality:471 (214 bytes; live heap 303086)
equality:472 (457 bytes; live heap 303287)
equality:473 (916 bytes; live heap 303854)
equality:474 (10526 bytes; live heap 313436)
equality:475 (497 bytes; live heap 303482)
equality:476 (460 bytes; live heap 303482)
equality:477 (223 bytes; live heap 303414)
equality:478 (96 bytes; live heap 303356)
equality:479 (457 bytes; live heap 303482)
equality:480 (475 bytes; live heap 303482)
equality:481 (229 bytes; live heap 303262)
equality:482 (200478 bytes; live heap 503484)
equality:483 (200 bytes; live heap 303306)
equality:484 (1452 bytes; live heap 305134)
equality:485 (517 bytes; live heap 304110)
equality:486 (527 bytes; live heap 303613)
equality:487 (481 bytes; live heap 303598)
equality:488 (211 bytes; live heap 304208)
equality:489 (893 bytes; live heap 305104)
equality:490 (1421 bytes; live heap 306128)
equality:491 (463 bytes; live heap 304628)
equality:492 (200475 bytes; live heap 504591)
equality:493 (452 bytes; live heap 304688)
equality:494 (190 bytes; live heap 304398)
equality:495 (220 bytes; live heap 304432)
equality:496 (536 bytes; live heap 305256)
equality:497 (185138 bytes; live heap 566804)
equality:498 (20851 bytes; live heap 337428)
equality:499 (476 bytes; live heap 305172)
equality:500 (930 bytes; live heap 306124)
equality:501 (495 bytes; live heap 305648)
equality:502 (184 bytes; live heap 305832)
equality:503 (525 bytes; live heap 306600)
equality:504 (142127 bytes; live heap 506033)
equality:505 (979 bytes; live heap 306600)
equality:506 (280457 bytes; live heap 830756)
equality:507 (497 bytes; live heap 307040)
equality:508 (482 bytes; live heap 307444)
equality:509 (235 bytes; live heap 307188)
equality:510 (177 bytes; live heap 307284)
equality:511 (722 bytes; live heap 307952)
equality:512 (3830 bytes; live heap 311184)
equality:513 (294 bytes; live heap 307660)
equality:514 (152 bytes; live heap 307476)
equality:515 (477 bytes; live heap 307732)
equality:516 (483 bytes; live heap 307732)
equality:517 (540 bytes; live heap 308244)
equality:518 (882 bytes; live heap 308304)
equality:519 (10527 bytes; live heap 317807)
equality:520 (523 bytes; live heap 308304)
equality:521 (496 bytes; live heap 307824)
equality:522 (175 bytes; live heap 307648)
equality:523 (1 bytes; live heap 307604)
equality:524 (740 bytes; live heap 308568)
equality:525 (11529 bytes; live heap 329220)
equality:526 (843 bytes; live heap 309082)
equality:527 (476 bytes; live heap 308570)
equality:528 (502 bytes; live heap 309014)
equality:529 (886 bytes; live heap 309864)
equality:530 (1256 bytes; live heap 310222)
equality:531 (484 bytes; live heap 308686)
equality:532 (3112 bytes; live heap 312270)
equality:533 (29907 bytes; live heap 340998)
equality:534 (537 bytes; live heap 309254)
equality:535 (885 bytes; live heap 309254)
equality:536 (9334 bytes; live heap 324686)
equality:537 (213 bytes; live heap 308558)
equality:538 (10472 bytes; live heap 318838)
equality:539 (400 bytes; live heap 308938)
equality:540 (10471 bytes; live heap 318933)
equality:541 (920 bytes; live heap 309526)
equality:542 (545 bytes; live heap 309526)
equality:543 (1160 bytes; live heap 310586)
equality:544 (894 bytes; live heap 309598)
equality:545 (96 bytes; live heap 309036)
equality:546 (776 bytes; live heap 309646)
equality:547 (66 bytes; live heap 308750)
equality:548 (405 bytes; live heap 309200)
equality:549 (920 bytes; live heap 309712)
equality:550 (1108 bytes; live heap 310736)
equality:551 (23 bytes; live heap 309150)
equality:552 (42 bytes; live heap 309214)
equality:553 (928 bytes; live heap 309808)
equality:554 (882 bytes; live heap 309808)
equality:555 (427 bytes; live heap 309296)
equality:556 (508 bytes; live heap 309296)
equality:557 (1153 bytes; live heap 310832)
equality:558 (529 bytes; live heap 309808)
equality:559 (215 bytes; live heap 309100)
equality:560 (154 bytes; live heap 309868)
equality:561 (1198 bytes; live heap 311252)
equality:562 (468 bytes; live heap 309496)
equality:563 (890 bytes; live heap 310008)
equality:564 (477 bytes; live heap 309560)
equality:565 (1 bytes; live heap 309056)
equality:566 (957 bytes; live heap 310072)
equality:567 (1092 bytes; live heap 311096)
equality:568 (668 bytes; live heap 310814)
equality:569 (1162 bytes; live heap 311172)
equality:570 (223 bytes; live heap 309440)
equality:571 (1153 bytes; live heap 311232)
equality:572 (883 bytes; live heap 310280)
equality:573 (12568 bytes; live heap 325640)
equality:574 (469 bytes; live heap 309828)
equality:575 (440 bytes; live heap 309904)
equality:576 (1152 bytes; live heap 311480)
equality:577 (5443 bytes; live heap 317624)
equality:578 (475 bytes; live heap 309944)
equality:579 (477 bytes; live heap 310004)
equality:580 (497 bytes; live heap 310440)
equality:581 (934 bytes; live heap 310556)
equality:582 (881 bytes; live heap 310556)
equality:583 (10501 bytes; live heap 320033)
equality:584 (912 bytes; live heap 310592)
equality:585 (698 bytes; live heap 310592)
equality:586 (218 bytes; live heap 309824)
equality:587 (547 bytes; live heap 310592)
equality:588 (885 bytes; live heap 310628)
equality:589 (268 bytes; live heap 310088)
equality:590 (192 bytes; live heap 309948)
equality:591 (1067 bytes; live heap 311020)
equality:592 (473 bytes; live heap 310204)
equality:593 (203 bytes; live heap 309948)
equality:594 (456 bytes; live heap 310204)
equality:595 (462 bytes; live heap 310204)
equality:596 (465 bytes; live heap 310204)
equality:597 (526 bytes; live heap 310313)
equality:598 (255 bytes; live heap 310078)
equality:599 (13116 bytes; live heap 326206)
equality:600 (10472 bytes; live heap 320294)
equality:601 (229 bytes; live heap 310078)
equality:602 (526 bytes; live heap 310846)
equality:603 (449 bytes; live heap 310334)
equality:604 (537 bytes; live heap 310878)
equality:605 (476 bytes; live heap 310442)
equality:606 (462 bytes; live heap 310518)
equality:607 (984 bytes; live heap 311762)
equality:608 (600916 bytes; live heap 1359058)
equality:609 (181 bytes; live heap 310778)
equality:610 (581 bytes; live heap 311546)
equality:611 (282 bytes; live heap 311100)
equality:612 (475 bytes; live heap 311100)
equality:613 (450 bytes; live heap 311136)
equality:614 (966 bytes; live heap 312052)
equality:615 (229 bytes; live heap 311284)
equality:616 (1152 bytes; live heap 313076)
equality:617 (94 bytes; live heap 311221)
equality:618 (928 bytes; live heap 312052)
equality:619 (4 bytes; live heap 311156)
equality:620 (471 bytes; live heap 311604)
equality:621 (221 bytes; live heap 311348)
equality:622 (4456 bytes; live heap 319284)
equality:623 (1141 bytes; live heap 313396)
equality:624 (1014 bytes; live heap 312206)
equality:625 (521 bytes; live heap 312206)
equality:626 (680 bytes; live heap 312110)
equality:627 (151 bytes; live heap 312948)
equality:628 (490 bytes; live heap 311742)
equality:629 (73 bytes; live heap 313362)
equality:630 (979 bytes; live heap 312338)
equality:631 (1175 bytes; live heap 313618)
equality:632 (477 bytes; live heap 311862)
equality:633 (455 bytes; live heap 311862)
equality:634 (221 bytes; live heap 311666)
equality:635 (461 bytes; live heap 311922)
equality:636 (323 bytes; live heap 311922)
equality:637 (920 bytes; live heap 312434)
equality:638 (100209 bytes; live heap 442482)
equality:639 (10496 bytes; live heap 333234)
equality:640 (579 bytes; live heap 313330)
equality:641 (461 bytes; live heap 312826)
equality:642 (590 bytes; live heap 313338)
equality:643 (489 bytes; live heap 312886)
equality:644 (218 bytes; live heap 312630)
equality:645 (200842 bytes; live heap 513216)
equality:646 (476 bytes; live heap 312946)
equality:647 (858 bytes; live heap 313522)
equality:648 (1153 bytes; live heap 314862)
equality:649 (12432 bytes; live heap 328978)
equality:650 (446 bytes; live heap 313056)
equality:651 (239 bytes; live heap 312886)
equality:652 (206 bytes; live heap 312886)
equality:653 (1166 bytes; live heap 314678)
equality:654 (457 bytes; live heap 313222)
equality:655 (780 bytes; live heap 313734)
equality:656 (458 bytes; live heap 313220)
equality:657 (471 bytes; live heap 313302)
equality:658 (463 bytes; live heap 313302)
equality:659 (430 bytes; live heap 313302)
equality:660 (920 bytes; live heap 313814)
equality:661 (503 bytes; live heap 313302)
equality:662 (140255 bytes; live heap 574934)
equality:663 (200 bytes; live heap 313518)
equality:664 (462 bytes; live heap 313774)
equality:665 (525 bytes; live heap 314286)
equality:666 (468 bytes; live heap 314414)
equality:667 (200463 bytes; live heap 513773)
equality:668 (261 bytes; live heap 313862)
equality:669 (489 bytes; live heap 314306)
equality:670 (882 bytes; live heap 314878)
equality:671 (221 bytes; live heap 314110)
equality:672 (194 bytes; live heap 314510)
equality:673 (409 bytes; live heap 314766)
equality:674 (1152 bytes; live heap 316388)
equality:675 (1168 bytes; live heap 316388)
equality:676 (1151 bytes; live heap 316388)
equality:677 (66 bytes; live heap 314468)
equality:678 (920 bytes; live heap 315364)
equality:679 (1118 bytes; live heap 316388)
equality:680 (545 bytes; live heap 315364)
equality:681 (1163 bytes; live heap 316480)
equality:682 (523 bytes; live heap 315492)
equality:683 (234 bytes; live heap 315688)
equality:684 (200474 bytes; live heap 515058)
equality:685 (584 bytes; live heap 315644)
equality:686 (260526 bytes; live heap 576800)
equality:687 (564 bytes; live heap 315512)
equality:688 (221 bytes; live heap 315028)
equality:689 (950 bytes; live heap 316614)
equality:690 (523 bytes; live heap 315338)
equality:691 (572 bytes; live heap 315864)
equality:692 (921 bytes; live heap 315821)
equality:693 (517 bytes; live heap 315924)
equality:694 (891 bytes; live heap 315960)
equality:695 (458 bytes; live heap 315850)
equality:696 (5973 bytes; live heap 323128)
equality:697 (4306 bytes; live heap 323192)
equality:698 (1154 bytes; live heap 317048)
equality:699 (459 bytes; live heap 315512)
equality:700 (525 bytes; live heap 316024)
equality:701 (461 bytes; live heap 315512)
equality:702 (189 bytes; live heap 315256)
equality:703 (1234 bytes; live heap 317116)
equality:704 (467 bytes; live heap 316062)
equality:705 (1152 bytes; live heap 316300)
equality:706 (882 bytes; live heap 316638)
equality:707 (193 bytes; live heap 315902)
equality:708 (912 bytes; live heap 317054)
equality:709 (200 bytes; live heap 316030)
equality:710 (367 bytes; live heap 316286)
equality:711 (228 bytes; live heap 316126)
equality:712 (464 bytes; live heap 316450)
equality:713 (731 bytes; live heap 316962)
equality:714 (3170 bytes; live heap 320110)
equality:715 (474 bytes; live heap 316526)
equality:716 (463443 bytes; live heap 840302)
equality:717 (235 bytes; live heap 316310)
equality:718 (456 bytes; live heap 316626)
equality:719 (455 bytes; live heap 316626)
equality:720 (3671 bytes; live heap 320210)
equality:721 (479 bytes; live heap 316686)
equality:722 (524 bytes; live heap 317198)
equality:723 (470 bytes; live heap 316686)
equality:724 (14665 bytes; live heap 332558)
equality:725 (426 bytes; live heap 316780)
equality:726 (10228 bytes; live heap 326532)
equality:727 (439 bytes; live heap 316766)
equality:728 (503 bytes; live heap 317220)
equality:729 (496 bytes; live heap 317256)
equality:730 (850 bytes; live heap 317768)
equality:731 (458 bytes; live heap 317256)
equality:732 (470 bytes; live heap 317256)
equality:733 (893 bytes; live heap 317768)
equality:734 (447 bytes; live heap 317316)
equality:735 (200193 bytes; live heap 517089)
equality:736 (525 bytes; live heap 317964)
equality:737 (1148 bytes; live heap 318988)
equality:738 (480 bytes; live heap 317488)
equality:739 (475 bytes; live heap 317488)
equality:740 (479 bytes; live heap 317488)
equality:741 (1175 bytes; live heap 319024)
equality:742 (706 bytes; live heap 318060)
equality:743 (413 bytes; live heap 317592)
equality:744 (224 bytes; live heap 317336)
equality:745 (2062312 bytes; live heap 2414232)
equality:746 (527 bytes; live heap 318104)
equality:747 (227 bytes; live heap 317336)
equality:748 (483 bytes; live heap 317592)
equality:749 (525 bytes; live heap 318104)
equality:750 (546 bytes; live heap 318104)
equality:751 (223 bytes; live heap 317798)
equality:752 (485 bytes; live heap 318054)
equality:753 (217 bytes; live heap 317928)
equality:754 (10527 bytes; live heap 328069)
equality:755 (400215 bytes; live heap 841830)
equality:756 (221 bytes; live heap 317798)
equality:757 (274 bytes; live heap 318162)
equality:758 (1238 bytes; live heap 319724)
equality:759 (548 bytes; live heap 318766)
equality:760 (17038 bytes; live heap 350520)
equality:761 (193 bytes; live heap 317981)
equality:762 (504 bytes; live heap 318796)
equality:763 (462 bytes; live heap 318436)
equality:764 (469 bytes; live heap 318562)
equality:765 (559 bytes; live heap 318933)
equality:766 (883 bytes; live heap 318969)
equality:767 (447 bytes; live heap 318598)
equality:768 (456 bytes; live heap 318674)
equality:769 (200465 bytes; live heap 519089)
equality:770 (1412 bytes; live heap 320672)
equality:771 (539 bytes; live heap 319708)
equality:772 (488 bytes; live heap 319196)
equality:773 (18970 bytes; live heap 351512)
equality:774 (487 bytes; live heap 319316)
equality:775 (491 bytes; live heap 319788)
equality:776 (261 bytes; live heap 319348)
equality:777 (57808 bytes; live heap 384440)
equality:778 (1020 bytes; live heap 319928)
equality:779 (461 bytes; live heap 319456)
equality:780 (727 bytes; live heap 319968)
equality:781 (496 bytes; live heap 319456)
equality:782 (916 bytes; live heap 319968)
equality:783 (221 bytes; live heap 319232)
equality:784 (543 bytes; live heap 320000)
equality:785 (525 bytes; live heap 320040)
equality:786 (444 bytes; live heap 319528)
equality:787 (922 bytes; live heap 320040)
equality:788 (722 bytes; live heap 319940)
equality:789 (240930 bytes; live heap 581204)
equality:790 (1134 bytes; live heap 321152)
equality:791 (274958 bytes; live heap 843484)
equality:792 (159 bytes; live heap 319452)
equality:793 (861 bytes; live heap 320220)
equality:794 (1155 bytes; live heap 321288)
equality:795 (1176 bytes; live heap 321620)
equality:796 (497 bytes; live heap 319924)
equality:797 (504 bytes; live heap 320000)
equality:798 (467 bytes; live heap 320060)
equality:799 (600151 bytes; live heap 1368124)
equality:800 (578 bytes; live heap 320666)
equality:801 (472 bytes; live heap 320154)
equality:802 (186 bytes; live heap 319958)
equality:803 (368 bytes; live heap 320214)
equality:804 (548 bytes; live heap 320726)
equality:805 (232 bytes; live heap 319958)
equality:806 (862 bytes; live heap 320726)
equality:807 (422 bytes; live heap 320642)
equality:808 (7310 bytes; live heap 328362)
equality:809 (218 bytes; live heap 320426)
equality:810 (463 bytes; live heap 320682)
equality:811 (178 bytes; live heap 320426)
equality:812 (221 bytes; live heap 320426)
equality:813 (10485 bytes; live heap 330655)
equality:814 (483 bytes; live heap 320682)
equality:815 (1153 bytes; live heap 322218)
equality:816 (476 bytes; live heap 320682)
equality:817 (189 bytes; live heap 320426)
equality:818 (471 bytes; live heap 320682)
equality:819 (451 bytes; live heap 320682)
equality:820 (2365 bytes; live heap 324266)
equality:821 (456 bytes; live heap 320742)
equality:822 (10471 bytes; live heap 330701)
equality:823 (195 bytes; live heap 321112)
equality:824 (555 bytes; live heap 321740)
equality:825 (206 bytes; live heap 321032)
equality:826 (469 bytes; live heap 321288)
equality:827 (478 bytes; live heap 321700)
equality:828 (202 bytes; live heap 321068)
equality:829 (526 bytes; live heap 321904)
equality:830 (794 bytes; live heap 321904)
equality:831 (487 bytes; live heap 321428)
equality:832 (1152 bytes; live heap 322068)
equality:833 (516 bytes; live heap 321976)
equality:834 (424 bytes; live heap 321464)
equality:835 (489 bytes; live heap 321558)
equality:836 (920 bytes; live heap 322478)
equality:837 (567 bytes; live heap 322398)
equality:838 (221 bytes; live heap 321742)
equality:839 (920 bytes; live heap 322510)
equality:840 (507 bytes; live heap 322442)
equality:841 (350 bytes; live heap 321998)
equality:842 (481 bytes; live heap 322078)
equality:843 (472 bytes; live heap 322078)
equality:844 (559 bytes; live heap 322590)
equality:845 (518 bytes; live heap 322630)
equality:846 (4 bytes; live heap 321782)
equality:847 (4357 bytes; live heap 329914)
equality:848 (1090 bytes; live heap 323806)
equality:849 (456 bytes; live heap 322330)
equality:850 (221 bytes; live heap 322290)
equality:851 (174 bytes; live heap 322122)
equality:852 (3089 bytes; live heap 326070)
equality:853 (525 bytes; live heap 323054)
equality:854 (461 bytes; live heap 322542)
equality:855 (37912 bytes; live heap 387566)
equality:856 (899 bytes; live heap 323690)
equality:857 (193 bytes; live heap 322327)
equality:858 (463 bytes; live heap 322722)
equality:859 (781 bytes; live heap 323234)
equality:860 (463 bytes; live heap 322782)
equality:861 (12442 bytes; live heap 338654)
equality:862 (4160 bytes; live heap 330462)
equality:863 (476 bytes; live heap 322782)
equality:864 (1151 bytes; live heap 324318)
equality:865 (770 bytes; live heap 323214)
equality:866 (457 bytes; live heap 322822)
equality:867 (18283 bytes; live heap 355078)
equality:868 (225 bytes; live heap 322626)
equality:869 (534 bytes; live heap 323434)
equality:870 (473 bytes; live heap 322922)
equality:871 (632 bytes; live heap 323434)
equality:872 (920 bytes; live heap 323434)
equality:873 (526 bytes; live heap 323434)
equality:874 (131 bytes; live heap 322632)
equality:875 (508 bytes; live heap 322922)
equality:876 (282 bytes; live heap 322854)
equality:877 (924 bytes; live heap 323474)
equality:878 (472 bytes; live heap 322962)
equality:879 (1169 bytes; live heap 324902)
equality:880 (594 bytes; live heap 323878)
equality:881 (892 bytes; live heap 323914)
equality:882 (941 bytes; live heap 324008)
equality:883 (605 bytes; live heap 324136)
equality:884 (473 bytes; live heap 323594)
equality:885 (456 bytes; live heap 323594)
equality:886 (196 bytes; live heap 323338)
equality:887 (428 bytes; live heap 323594)
equality:888 (373 bytes; live heap 323594)
equality:889 (2383 bytes; live heap 327178)
equality:890 (221 bytes; live heap 323410)
equality:891 (923 bytes; live heap 324178)
equality:892 (1161 bytes; live heap 325202)
equality:893 (230 bytes; live heap 323410)
equality:894 (465 bytes; live heap 323666)
equality:895 (240555 bytes; live heap 585298)
equality:896 (492 bytes; live heap 324158)
equality:897 (2260457 bytes; live heap 4517554)
equality:898 (401 bytes; live heap 323762)
equality:899 (474 bytes; live heap 323762)
equality:900 (921 bytes; live heap 324274)
equality:901 (534 bytes; live heap 324334)
equality:902 (9 bytes; live heap 323772)
equality:903 (222 bytes; live heap 323532)
equality:904 (473 bytes; live heap 323822)
equality:905 (528 bytes; live heap 324430)
equality:906 (465 bytes; live heap 323918)
equality:907 (483 bytes; live heap 323918)
equality:908 (928 bytes; live heap 325248)
equality:909 (565 bytes; live heap 324264)
equality:910 (194 bytes; live heap 323768)
equality:911 (390 bytes; live heap 324024)
equality:912 (200462 bytes; live heap 523974)
equality:913 (882 bytes; live heap 324948)
equality:914 (238 bytes; live heap 324180)
equality:915 (1183 bytes; live heap 325972)
equality:916 (484 bytes; live heap 324436)
equality:917 (242 bytes; live heap 324180)
equality:918 (515 bytes; live heap 325034)
equality:919 (482 bytes; live heap 324950)
equality:920 (1152 bytes; live heap 326486)
equality:921 (216 bytes; live heap 324694)
equality:922 (939 bytes; live heap 325522)
equality:923 (2659 bytes; live heap 328688)
equality:924 (473 bytes; live heap 325164)
equality:925 (290 bytes; live heap 325164)
equality:926 (505 bytes; live heap 325164)
equality:927 (490 bytes; live heap 325164)
equality:928 (1204 bytes; live heap 327016)
equality:929 (525 bytes; live heap 325780)
equality:930 (1163 bytes; live heap 326804)
equality:931 (671 bytes; live heap 325713)
equality:932 (525 bytes; live heap 325894)
equality:933 (441 bytes; live heap 325382)
equality:934 (475 bytes; live heap 325382)
equality:935 (1000 bytes; live heap 325894)
equality:936 (463 bytes; live heap 325418)
equality:937 (922 bytes; live heap 326816)
equality:938 (473 bytes; live heap 325486)
equality:939 (1151 bytes; live heap 327022)
equality:940 (486 bytes; live heap 325486)
equality:941 (15445 bytes; live heap 341358)
equality:942 (161 bytes; live heap 325230)
equality:943 (882 bytes; live heap 325998)
equality:944 (195 bytes; live heap 325230)
equality:945 (871 bytes; live heap 325857)
equality:946 (985 bytes; live heap 326034)
equality:947 (1194 bytes; live heap 327058)
equality:948 (1058 bytes; live heap 327058)
equality:949 (452 bytes; live heap 325926)
equality:950 (214 bytes; live heap 325670)
equality:951 (10469 bytes; live heap 335883)
equality:952 (232 bytes; live heap 325670)
equality:953 (1166 bytes; live heap 327462)
equality:954 (223 bytes; live heap 325670)
equality:955 (203 bytes; live heap 325670)
equality:956 (471 bytes; live heap 325926)
equality:957 (10142 bytes; live heap 341798)
equality:958 (237 bytes; live heap 325710)
equality:959 (469 bytes; live heap 325966)
equality:960 (437 bytes; live heap 325966)
equality:961 (526 bytes; live heap 326478)
equality:962 (747 bytes; live heap 326538)
equality:963 (529 bytes; live heap 326538)
equality:964 (484 bytes; live heap 326438)
equality:965 (518 bytes; live heap 326076)
equality:966 (920 bytes; live heap 326610)
equality:967 (214 bytes; live heap 325842)
equality:968 (3392 bytes; live heap 329682)
equality:969 (527 bytes; live heap 326610)
equality:970 (2461 bytes; live heap 329742)
equality:971 (458 bytes; live heap 326600)
equality:972 (200457 bytes; live heap 526219)
equality:973 (883 bytes; live heap 326705)
equality:974 (1200518 bytes; live heap 2423390)
equality:975 (456 bytes; live heap 326750)
equality:976 (10458 bytes; live heap 336696)
equality:977 (1150 bytes; live heap 328286)
equality:978 (6 bytes; live heap 326366)
equality:979 (457 bytes; live heap 327152)
equality:980 (596 bytes; live heap 327292)
equality:981 (892 bytes; live heap 327262)
equality:982 (707 bytes; live heap 327346)
equality:983 (357 bytes; live heap 326874)
equality:984 (200922 bytes; live heap 527284)
equality:985 (484 bytes; live heap 326934)
equality:986 (240 bytes; live heap 326738)
equality:987 (471 bytes; live heap 326994)
equality:988 (269 bytes; live heap 326994)
equality:989 (944 bytes; live heap 328324)
equality:990 (460 bytes; live heap 327042)
equality:991 (176 bytes; live heap 326786)
equality:992 (530 bytes; live heap 327554)
equality:993 (39435 bytes; live heap 526652)
equality:994 (9033 bytes; live heap 343334)
equality:995 (1265 bytes; live heap 328998)
equality:996 (251 bytes; live heap 327974)
equality:997 (1646 bytes; live heap 329046)
equality:998 (140588 bytes; live heap 589142)
equality:999 (239 bytes; live heap 327290)
equality: 1000 cases in 79.07771425s; 126 mutants accepted; slowest seed 844.792µs; slowest case 99 76.8987395s; largest heap case 202 7447039 bytes
      23 unknown field `kind`, expected one of `schema`, `semantics`,
      19 invalid type: map, expected a string at line 1 column 19
      19 unchecked dependency
      19 unknown field `body`, expected one of `schema`, `semantics`,
      16 invalid type: sequence, expected a string at line 1 column 1
      14 duplicate proof context identity
      13 unknown variant `&&`, expected one of `Num`, `Float`, `Neg`,
      11 invalid type: sequence, expected a string at line 1 column 3
      11 unknown variant `a`, expected one of `U64`, `U32`, `I32`, `F
      10 case branch does not prove the instantiated statement
      10 invalid type: sequence, expected a string at line 1 column 2
       9 invalid length 0, expected tuple variant Expr::Binary with 3
       9 invalid type: map, expected tuple variant Expr::Binary at li
       9 unbound name a
       8 invalid length 1, expected a tuple of size 2 at line 1 colum
       8 unbound name b
       8 unknown or undeclared definition
       8 unknown proof hypothesis
       8 unknown variant `||`, expected one of `Num`, `Float`, `Neg`,
       7 invalid type: sequence, expected a string at line 1 column 4
       7 unbound name 
       7 unknown or undeclared theorem
       7 unknown variant `b`, expected one of `U64`, `U32`, `I32`, `F
       6 invalid type: sequence, expected a boolean at line 1 column 
       6 invalid value: integer `-1`, expected u32 at line 1 column 4

thread 'fuzz_equality_objects' (116286358) panicked at tests/hardening.rs:804:5:
equality: 1 findings: [
    "equality:99: slow: 76.8987395s",
]
note: run with `RUST_BACKTRACE=1` environment variable to display a backtrace
test fuzz_equality_objects ... FAILED

failures:

failures:
    fuzz_equality_objects

test result: FAILED. 16 passed; 1 failed; 0 ignored; 0 measured; 0 filtered out; finished in 79.11s

error: test failed, to rerun pass `--test hardening`
