   Compiling ink-core v0.1.0 (/Users/jamesaddison/Documents/Codex/2026-10-09/wha/outputs/verified-language/core)
   Compiling ink-lowering-c v0.1.0 (/Users/jamesaddison/Documents/Codex/2026-10-09/wha/outputs/verified-language/lowerings/c)
   Compiling ink-lowering-rust v0.1.0 (/Users/jamesaddison/Documents/Codex/2026-10-09/wha/outputs/verified-language/lowerings/rust)
   Compiling ink-lowering-gpu v0.1.0 (/Users/jamesaddison/Documents/Codex/2026-10-09/wha/outputs/verified-language/lowerings/gpu)
   Compiling ink v0.1.0 (/Users/jamesaddison/Documents/Codex/2026-10-09/wha/outputs/verified-language)
    Finished `release` profile [optimized] target(s) in 35.57s
     Running tests/hardening.rs (target/release/deps/hardening-cb36702458ec6c13)

running 19 tests
certificate:seed0 (155954 bytes)
row-model:seed0 (155047 bytes)
lockfile:seed0 (2373 bytes)
snapshot:seed0 (320 bytes)
snapshot:seed1 (890 bytes)
lockfile:seed1 (2928 bytes)
lockfile:seed2 (5673 bytes)
snapshot:seed2 (412 bytes)
equality:seed0 (193 bytes)
snapshot:0 (412 bytes; live heap 42246595)
core:seed0 (528 bytes)
core:seed1 (597 bytes)
test regression_eval_collection_and_float_frames_are_bounded ... equality:seed1 (1152 bytes)
ok
snapshot:1 (347 bytes; live heap 50953765)
core:seed2 (984 bytes)
equality:seed2 (527 bytes)
snapshot:2 (568 bytes; live heap 66110499)
lockfile:seed3 (13113 bytes)
core:seed3 (4014 bytes)
equality:seed3 (526 bytes)
snapshot:3 (890 bytes; live heap 75061103)
equality:seed4 (457 bytes)
eval:seed0 (13 bytes)
snapshot:4 (710 bytes; live heap 88917697)
equality:seed5 (474 bytes)
eval:seed1 (7 bytes)
snapshot:5 (890 bytes; live heap 103299191)
eval:seed2 (13 bytes)
lockfile:seed4 (25530 bytes)
core:seed4 (387 bytes)
equality:seed6 (472 bytes)
test regression_eval_nesting_is_bounded ... ok
eval:seed3 (19 bytes)
core:seed5 (2534 bytes)
eval:seed4 (19 bytes)
snapshot:6 (28320 bytes; live heap 104721702)
equality:seed7 (921 bytes)
eval:seed5 (13 bytes)
core:seed6 (1921 bytes)
snapshot:7 (972 bytes; live heap 100344591)
eval:seed6 (19 bytes)
equality:seed8 (462 bytes)
snapshot:8 (589 bytes; live heap 106693771)
eval:seed7 (4 bytes)
equality:seed9 (883 bytes)
eval:seed8 (4 bytes)
snapshot:9 (321 bytes; live heap 107084115)
eval:seed9 (4 bytes)
snapshot:10 (890 bytes; live heap 107413157)
equality:seed10 (222 bytes)
core:seed7 (5246 bytes)
eval:seed10 (4 bytes)
equality:seed11 (478 bytes)
snapshot:11 (446 bytes; live heap 108804849)
eval:seed11 (4 bytes)
snapshot:12 (914 bytes; live heap 109864424)
lockfile:0 (5643 bytes; live heap 110266863)
eval:seed12 (4 bytes)
equality:0 (459 bytes; live heap 110731445)
snapshot:13 (496 bytes; live heap 112276514)
eval:seed13 (4 bytes)
core:seed8 (1461 bytes)
snapshot:14 (1158 bytes; live heap 116425944)
eval:seed14 (19 bytes)
lockfile:1 (25463 bytes; live heap 118060057)
core:seed9 (2266 bytes)
snapshot:15 (412 bytes; live heap 114539481)
core:seed10 (2928 bytes)
snapshot:16 (412 bytes; live heap 114682995)
eval:seed15 (22 bytes)
snapshot:17 (412 bytes; live heap 121076289)
eval:seed16 (22 bytes)
core:seed11 (1206 bytes)
snapshot:18 (320 bytes; live heap 121662925)
eval:seed17 (22 bytes)
core:seed12 (1433 bytes)
snapshot:19 (952 bytes; live heap 121606817)
eval:seed18 (25 bytes)
snapshot:20 (320 bytes; live heap 122069648)
eval:seed19 (19 bytes)
core:seed13 (1876 bytes)
eval:seed20 (19 bytes)
test regression_boolean_hint_and_definition_expansion_are_bounded ... ok
snapshot:21 (413 bytes; live heap 122089856)
equality:1 (15120 bytes; live heap 122034569)
eval:seed21 (19 bytes)
snapshot:22 (662 bytes; live heap 123514891)
equality:2 (177 bytes; live heap 123581657)
eval:seed22 (22 bytes)
snapshot:23 (890 bytes; live heap 123655363)
eval:seed23 (22 bytes)
equality:3 (827 bytes; live heap 123681097)
snapshot:24 (162 bytes; live heap 123705498)
eval:seed24 (25 bytes)
core:seed14 (1148 bytes)
lockfile:2 (13111 bytes; live heap 124058713)
snapshot:25 (69312 bytes; live heap 124128611)
eval:seed25 (19 bytes)
snapshot:26 (587 bytes; live heap 125003851)
equality:4 (478 bytes; live heap 124996224)
core:0 (600 bytes; live heap 125089464)
snapshot:27 (890 bytes; live heap 125119256)
equality:5 (473 bytes; live heap 125497437)
eval:seed26 (19 bytes)
core:1 (1007 bytes; live heap 125645346)
snapshot:28 (326 bytes; live heap 125665342)
eval:seed27 (22 bytes)
equality:6 (175 bytes; live heap 125691857)
snapshot:29 (412 bytes; live heap 125753495)
eval:seed28 (19 bytes)
snapshot:30 (412 bytes; live heap 125855346)
equality:7 (473 bytes; live heap 125856644)
core:2 (560 bytes; live heap 125874803)
eval:seed29 (25 bytes)
snapshot:31 (320 bytes; live heap 126014172)
equality:8 (527 bytes; live heap 126112678)
eval:seed30 (19 bytes)
core:3 (1033 bytes; live heap 126278410)
snapshot:32 (86412 bytes; live heap 126500553)
equality:9 (484 bytes; live heap 126538902)
eval:seed31 (22 bytes)
snapshot:33 (300 bytes; live heap 126757074)
core:4 (685 bytes; live heap 126741408)
eval:seed32 (28 bytes)
snapshot:34 (412 bytes; live heap 126827535)
equality:10 (526 bytes; live heap 126824765)
eval:seed33 (19 bytes)
snapshot:35 (200412 bytes; live heap 127716180)
core:5 (1216 bytes; live heap 128130923)
equality:11 (2248 bytes; live heap 128188303)
eval:seed34 (22 bytes)
lockfile:3 (12711 bytes; live heap 128250236)
core:6 (2267 bytes; live heap 128601232)
snapshot:36 (321 bytes; live heap 128055420)
equality:12 (9264 bytes; live heap 129351558)
eval:seed35 (101 bytes)
snapshot:37 (10412 bytes; live heap 130419898)
core:7 (2045 bytes; live heap 130648405)
equality:13 (477 bytes; live heap 130773995)
eval:seed36 (164 bytes)
snapshot:38 (890 bytes; live heap 131522914)
equality:14 (530 bytes; live heap 131856642)
core:8 (1208 bytes; live heap 131790322)
eval:seed37 (339 bytes)
lockfile:4 (2368 bytes; live heap 131861123)
equality:15 (216 bytes; live heap 131911001)
equality:16 (534 bytes; live heap 133246270)
core:9 (730 bytes; live heap 133305889)
snapshot:39 (320 bytes; live heap 133376270)
snapshot:40 (414 bytes; live heap 133487006)
equality:17 (196 bytes; live heap 133501561)
snapshot:41 (452 bytes; live heap 133570639)
equality:18 (528 bytes; live heap 133613307)
snapshot:42 (891 bytes; live heap 133881011)
lockfile:5 (2770 bytes; live heap 133964357)
eval:seed38 (41 bytes)
eval:seed39 (23 bytes)
snapshot:43 (433 bytes; live heap 137501267)
eval:seed40 (23 bytes)
snapshot:44 (908 bytes; live heap 137682663)
core:10 (2859 bytes; live heap 137722583)
eval:seed41 (49 bytes)
lockfile:6 (2992 bytes; live heap 137785834)
snapshot:45 (439 bytes; live heap 137811198)
snapshot:46 (435 bytes; live heap 137833292)
snapshot:47 (412 bytes; live heap 137895228)
eval:seed42 (23 bytes)
snapshot:48 (890 bytes; live heap 138194434)
eval:seed43 (23 bytes)
eval:seed44 (25 bytes)
eval:seed45 (5 bytes)
eval:seed46 (19 bytes)
eval:seed47 (27 bytes)
lockfile:7 (5680 bytes; live heap 138832566)
snapshot:49 (320 bytes; live heap 138837510)
eval:seed48 (23 bytes)
eval:seed49 (5 bytes)
eval:seed50 (23 bytes)
snapshot:50 (435 bytes; live heap 139062191)
eval:seed51 (4 bytes)
eval:seed52 (4 bytes)
eval:seed53 (7 bytes)
snapshot:51 (64890 bytes; live heap 139233930)
eval:seed54 (7 bytes)
lockfile:8 (2375 bytes; live heap 139452568)
eval:seed55 (4 bytes)
eval:seed56 (4 bytes)
certificate:seed1 (154467 bytes)
snapshot:52 (412 bytes; live heap 139368068)
eval:seed57 (4 bytes)
eval:seed58 (10 bytes)
snapshot:53 (580 bytes; live heap 139423860)
eval:seed59 (25 bytes)
eval:seed60 (25 bytes)
snapshot:54 (81580 bytes; live heap 139793515)
snapshot:55 (412 bytes; live heap 139743175)
eval:seed61 (25 bytes)
snapshot:56 (115 bytes; live heap 140003247)
eval:seed62 (25 bytes)
snapshot:57 (622 bytes; live heap 140039247)
eval:seed63 (10 bytes)
eval:seed64 (7 bytes)
lockfile:9 (25511 bytes; live heap 140206632)
snapshot:58 (408 bytes; live heap 140305216)
eval:seed65 (28 bytes)
snapshot:59 (97 bytes; live heap 141091202)
eval:seed66 (28 bytes)
snapshot:60 (320 bytes; live heap 141690257)
eval:seed67 (28 bytes)
snapshot:61 (328 bytes; live heap 142013754)
snapshot:62 (890 bytes; live heap 142574822)
eval:seed68 (28 bytes)
snapshot:63 (310 bytes; live heap 142711944)
snapshot:64 (412 bytes; live heap 142791124)
eval:seed69 (7 bytes)
snapshot:65 (700 bytes; live heap 144093665)
eval:seed70 (4 bytes)
snapshot:66 (320 bytes; live heap 144133336)
eval:seed71 (22 bytes)
snapshot:67 (320 bytes; live heap 144165860)
snapshot:68 (320 bytes; live heap 144238491)
eval:seed72 (22 bytes)
core:11 (53767 bytes; live heap 144501218)
snapshot:69 (446 bytes; live heap 144618332)
eval:seed73 (4 bytes)
snapshot:70 (320 bytes; live heap 144873559)
eval:0 (48 bytes; live heap 145544847)
snapshot:71 (307 bytes; live heap 145695103)
eval:1 (23 bytes; live heap 145737037)
snapshot:72 (913 bytes; live heap 145784734)
snapshot:73 (890 bytes; live heap 145835604)
eval:2 (7 bytes; live heap 145930282)
eval:3 (29 bytes; live heap 146516922)
lockfile:10 (5572 bytes; live heap 140127838)
eval:4 (49 bytes; live heap 146610541)
snapshot:74 (200672 bytes; live heap 146733589)
eval:5 (2 bytes; live heap 147087642)
eval:6 (21 bytes; live heap 147357890)
lockfile:11 (2371 bytes; live heap 147602595)
eval:7 (160 bytes; live heap 147633528)
snapshot:75 (412 bytes; live heap 147237622)
eval:8 (12 bytes; live heap 147311816)
eval:9 (665 bytes; live heap 147868967)
snapshot:76 (167412 bytes; live heap 142571438)
eval:10 (355 bytes; live heap 142569287)
core:12 (1187 bytes; live heap 148345401)
eval:11 (4 bytes; live heap 148357013)
eval:12 (20 bytes; live heap 142853960)
snapshot:77 (10913 bytes; live heap 142716394)
lockfile:12 (13192 bytes; live heap 148373738)
snapshot:78 (890 bytes; live heap 148373951)
eval:13 (350 bytes; live heap 148446595)
eval:14 (27 bytes; live heap 148822693)
eval:15 (2 bytes; live heap 149090362)
snapshot:79 (169554 bytes; live heap 147197416)
snapshot:80 (320 bytes; live heap 147078150)
core:13 (1251 bytes; live heap 142449581)
eval:16 (20 bytes; live heap 147078758)
snapshot:81 (445 bytes; live heap 148161327)
eval:17 (3 bytes; live heap 148181849)
snapshot:82 (1019 bytes; live heap 148284965)
eval:18 (1296 bytes; live heap 148299789)
core:14 (403 bytes; live heap 148301238)
lockfile:13 (13141 bytes; live heap 148409773)
eval:19 (22 bytes; live heap 148500411)
eval:20 (5 bytes; live heap 149316647)
snapshot:83 (10412 bytes; live heap 149334926)
eval:21 (22 bytes; live heap 149381416)
snapshot:84 (412 bytes; live heap 149372555)
core:15 (201921 bytes; live heap 149227427)
eval:22 (34 bytes; live heap 149407749)
snapshot:85 (446 bytes; live heap 149262029)
eval:23 (19 bytes; live heap 149321868)
snapshot:86 (890 bytes; live heap 149314792)
eval:24 (33 bytes; live heap 149393973)
eval:25 (23 bytes; live heap 149404941)
snapshot:87 (413 bytes; live heap 149427500)
eval:26 (7 bytes; live heap 143812066)
eval:27 (33 bytes; live heap 150200453)
eval:28 (10 bytes; live heap 150067065)
eval:29 (23 bytes; live heap 150138627)
eval:30 (22 bytes; live heap 150257768)
snapshot:88 (214286 bytes; live heap 150271376)
eval:31 (275 bytes; live heap 150288037)
eval:32 (2 bytes; live heap 144767463)
eval:33 (10 bytes; live heap 144809461)
eval:34 (2 bytes; live heap 150565818)
eval:35 (2 bytes; live heap 150602493)
eval:36 (24 bytes; live heap 150661697)
snapshot:89 (412 bytes; live heap 150520504)
snapshot:90 (890 bytes; live heap 150674929)
snapshot:91 (890 bytes; live heap 151190744)
snapshot:92 (412 bytes; live heap 151213463)
snapshot:93 (320 bytes; live heap 151513947)
snapshot:94 (392 bytes; live heap 151597144)
snapshot:95 (343 bytes; live heap 146144385)
snapshot:96 (510 bytes; live heap 151869055)
snapshot:97 (890 bytes; live heap 151959621)
snapshot:98 (464 bytes; live heap 152195191)
snapshot:99 (321 bytes; live heap 152202781)
snapshot:100 (10890 bytes; live heap 152285655)
snapshot:101 (890 bytes; live heap 147213229)
snapshot:102 (412 bytes; live heap 152907330)
core:16 (3807 bytes; live heap 154010493)
snapshot:103 (890 bytes; live heap 154095375)
snapshot:104 (17306 bytes; live heap 154544266)
snapshot:105 (320 bytes; live heap 155167206)
snapshot:106 (320 bytes; live heap 156151033)
snapshot:107 (321 bytes; live heap 158004564)
snapshot:108 (468 bytes; live heap 158982807)
snapshot:109 (415 bytes; live heap 159167930)
snapshot:110 (413 bytes; live heap 159231549)
snapshot:111 (891 bytes; live heap 159707951)
snapshot:112 (890 bytes; live heap 154515230)
snapshot:113 (997 bytes; live heap 160361729)
snapshot:114 (73320 bytes; live heap 164472915)
snapshot:115 (320 bytes; live heap 166867038)
snapshot:116 (1308 bytes; live heap 168652902)
snapshot:117 (412 bytes; live heap 163600184)
snapshot:118 (360 bytes; live heap 170168717)
snapshot:119 (355 bytes; live heap 170323789)
snapshot:120 (412 bytes; live heap 170493563)
snapshot:121 (913 bytes; live heap 170561864)
snapshot:122 (320 bytes; live heap 170656615)
snapshot:123 (890 bytes; live heap 170713138)
snapshot:124 (890 bytes; live heap 172471870)
snapshot:125 (1133 bytes; live heap 173416228)
snapshot:126 (343 bytes; live heap 173483650)
snapshot:127 (200913 bytes; live heap 174204031)
snapshot:128 (320 bytes; live heap 176143088)
snapshot:129 (310 bytes; live heap 175866554)
snapshot:130 (662 bytes; live heap 175716320)
snapshot:131 (512 bytes; live heap 175736673)
snapshot:132 (321 bytes; live heap 175746895)
snapshot:133 (405 bytes; live heap 175719933)
snapshot:134 (438 bytes; live heap 175669156)
snapshot:135 (506 bytes; live heap 175618345)
snapshot:136 (7435 bytes; live heap 175573714)
snapshot:137 (35 bytes; live heap 175393631)
snapshot:138 (810 bytes; live heap 175353945)
snapshot:139 (320 bytes; live heap 175322239)
snapshot:140 (1045 bytes; live heap 175296793)
snapshot:141 (431 bytes; live heap 175245096)
snapshot:142 (412 bytes; live heap 175708987)
snapshot:143 (20 bytes; live heap 175910174)
snapshot:144 (48084 bytes; live heap 175102121)
snapshot:145 (458 bytes; live heap 174807606)
snapshot:146 (320 bytes; live heap 174584683)
snapshot:147 (890 bytes; live heap 174383650)
snapshot:148 (320 bytes; live heap 174173435)
snapshot:149 (320 bytes; live heap 174047842)
snapshot:150 (349 bytes; live heap 174008397)
snapshot:151 (890 bytes; live heap 173956162)
snapshot:152 (223413 bytes; live heap 174154653)
snapshot:153 (494 bytes; live heap 173089837)
snapshot:154 (412 bytes; live heap 173049771)
snapshot:155 (890 bytes; live heap 172985069)
snapshot:156 (890 bytes; live heap 172743475)
snapshot:157 (436 bytes; live heap 172553896)
snapshot:158 (412 bytes; live heap 172484995)
snapshot:159 (320 bytes; live heap 172170840)
snapshot:160 (412 bytes; live heap 172131557)
snapshot:161 (836 bytes; live heap 172045077)
snapshot:162 (890 bytes; live heap 171852000)
snapshot:163 (10412 bytes; live heap 171457174)
snapshot:164 (320 bytes; live heap 171439867)
snapshot:165 (343 bytes; live heap 172507416)
snapshot:166 (890 bytes; live heap 172456910)
snapshot:167 (890 bytes; live heap 172505718)
snapshot:168 (420 bytes; live heap 172078052)
snapshot:169 (144320 bytes; live heap 172327923)
snapshot:170 (686 bytes; live heap 166133157)
snapshot:171 (463 bytes; live heap 166157536)
snapshot:172 (435 bytes; live heap 166171459)
snapshot:173 (890 bytes; live heap 166213715)
snapshot:174 (320 bytes; live heap 166459697)
snapshot:175 (944 bytes; live heap 167033299)
snapshot:176 (320 bytes; live heap 169355760)
snapshot:177 (890 bytes; live heap 175384032)
snapshot:178 (890 bytes; live heap 175773240)
snapshot:179 (913 bytes; live heap 176172606)
snapshot:180 (890 bytes; live heap 176196207)
snapshot:181 (891 bytes; live heap 176234928)
snapshot:182 (890 bytes; live heap 170694528)
snapshot:183 (605 bytes; live heap 176322932)
snapshot:184 (890 bytes; live heap 176314889)
snapshot:185 (320 bytes; live heap 176306887)
snapshot:186 (890 bytes; live heap 176301163)
snapshot:187 (320 bytes; live heap 176296639)
snapshot:188 (1096 bytes; live heap 174857136)
snapshot:189 (890 bytes; live heap 180927725)
snapshot:190 (890 bytes; live heap 180902601)
snapshot:191 (412 bytes; live heap 180830208)
snapshot:192 (882 bytes; live heap 180810050)
snapshot:193 (412 bytes; live heap 180793175)
snapshot:194 (486 bytes; live heap 181578532)
snapshot:195 (369 bytes; live heap 173881438)
snapshot:196 (71412 bytes; live heap 181530785)
snapshot:197 (890 bytes; live heap 181439805)
snapshot:198 (412 bytes; live heap 181487671)
snapshot:199 (320 bytes; live heap 181418347)
snapshot:200 (81890 bytes; live heap 175893230)
snapshot:201 (320 bytes; live heap 181375819)
snapshot:202 (412 bytes; live heap 181373925)
snapshot:203 (412 bytes; live heap 181336790)
snapshot:204 (402 bytes; live heap 181315861)
snapshot:205 (446 bytes; live heap 181300131)
snapshot:206 (412 bytes; live heap 181558999)
snapshot:207 (412 bytes; live heap 181514356)
snapshot:208 (732 bytes; live heap 181514226)
snapshot:209 (10412 bytes; live heap 181492951)
snapshot:210 (320 bytes; live heap 181473644)
snapshot:211 (165412 bytes; live heap 181610064)
snapshot:212 (412 bytes; live heap 181858192)
snapshot:213 (412 bytes; live heap 181868679)
snapshot:214 (412 bytes; live heap 181867873)
snapshot:215 (329 bytes; live heap 181859839)
snapshot:216 (320 bytes; live heap 181857847)
snapshot:217 (412 bytes; live heap 181846461)
snapshot:218 (928 bytes; live heap 181849104)
snapshot:219 (1013 bytes; live heap 181833905)
snapshot:220 (1089 bytes; live heap 182885156)
snapshot:221 (396 bytes; live heap 182891650)
snapshot:222 (38354 bytes; live heap 177334906)
snapshot:223 (580 bytes; live heap 182898777)
snapshot:224 (891 bytes; live heap 182896153)
snapshot:225 (890 bytes; live heap 182888271)
snapshot:226 (412 bytes; live heap 181653501)
snapshot:227 (890 bytes; live heap 181664574)
snapshot:228 (320 bytes; live heap 181672206)
snapshot:229 (57 bytes; live heap 181675119)
snapshot:230 (435 bytes; live heap 181680422)
snapshot:231 (890 bytes; live heap 181689172)
snapshot:232 (757 bytes; live heap 181704167)
snapshot:233 (320 bytes; live heap 181783061)
snapshot:234 (412 bytes; live heap 181797160)
snapshot:235 (43320 bytes; live heap 181941433)
snapshot:236 (412 bytes; live heap 182972212)
snapshot:237 (412 bytes; live heap 182984851)
snapshot:238 (320 bytes; live heap 182986012)
snapshot:239 (320 bytes; live heap 182986795)
snapshot:240 (137321 bytes; live heap 183139236)
snapshot:241 (320 bytes; live heap 183165461)
snapshot:242 (376 bytes; live heap 177454967)
snapshot:243 (22435 bytes; live heap 183363645)
certificate:seed2 (104273 bytes)
snapshot:244 (367 bytes; live heap 182930807)
snapshot:245 (412 bytes; live heap 182999151)
snapshot:246 (351 bytes; live heap 183027803)
snapshot:247 (412 bytes; live heap 183034516)
snapshot:248 (890 bytes; live heap 183064563)
snapshot:249 (320 bytes; live heap 183068261)
snapshot:250 (340 bytes; live heap 183083589)
snapshot:251 (412 bytes; live heap 183075353)
snapshot:252 (320 bytes; live heap 183090035)
snapshot:253 (919 bytes; live heap 182916599)
snapshot:254 (320 bytes; live heap 182831188)
snapshot:255 (304 bytes; live heap 182822983)
snapshot:256 (890 bytes; live heap 182809654)
snapshot:257 (505 bytes; live heap 182563989)
snapshot:258 (913 bytes; live heap 182594273)
snapshot:259 (325 bytes; live heap 177000619)
snapshot:260 (890 bytes; live heap 182611559)
snapshot:261 (890 bytes; live heap 182689128)
snapshot:262 (343 bytes; live heap 182695802)
snapshot:263 (890 bytes; live heap 182711339)
snapshot:264 (320 bytes; live heap 182723598)
snapshot:265 (231 bytes; live heap 182726812)
snapshot:266 (412 bytes; live heap 182693365)
snapshot:267 (35546 bytes; live heap 182636298)
snapshot:268 (412 bytes; live heap 182506995)
snapshot:269 (39689 bytes; live heap 182543184)
snapshot:270 (121320 bytes; live heap 182723794)
snapshot:271 (320 bytes; live heap 182774696)
snapshot:272 (810 bytes; live heap 182815640)
snapshot:273 (570 bytes; live heap 182823084)
snapshot:274 (1272 bytes; live heap 182855592)
snapshot:275 (174 bytes; live heap 182882872)
snapshot:276 (435 bytes; live heap 182894307)
snapshot:277 (320 bytes; live heap 182914574)
snapshot:278 (320 bytes; live heap 182995110)
snapshot:279 (320 bytes; live heap 183088424)
snapshot:280 (412 bytes; live heap 183089430)
snapshot:281 (890 bytes; live heap 183104872)
snapshot:282 (412 bytes; live heap 183149328)
snapshot:283 (320 bytes; live heap 183151124)
snapshot:284 (200606 bytes; live heap 188173610)
snapshot:285 (412 bytes; live heap 187211452)
snapshot:286 (435 bytes; live heap 187156836)
snapshot:287 (308 bytes; live heap 187096232)
snapshot:288 (890 bytes; live heap 187045346)
snapshot:289 (320 bytes; live heap 182744391)
snapshot:290 (320 bytes; live heap 182726024)
snapshot:291 (702 bytes; live heap 183923636)
snapshot:292 (460 bytes; live heap 183925074)
snapshot:293 (412 bytes; live heap 184066043)
snapshot:294 (890 bytes; live heap 184040550)
snapshot:295 (87412 bytes; live heap 183812557)
snapshot:296 (104412 bytes; live heap 183820809)
snapshot:297 (412 bytes; live heap 183199495)
snapshot:298 (412 bytes; live heap 183242470)
snapshot:299 (320 bytes; live heap 177537414)
snapshot:300 (433 bytes; live heap 183143765)
snapshot:301 (320 bytes; live heap 183177018)
snapshot:302 (347 bytes; live heap 183201506)
snapshot:303 (407 bytes; live heap 183175130)
snapshot:304 (207412 bytes; live heap 177691038)
snapshot:305 (412 bytes; live heap 183556553)
snapshot:306 (202890 bytes; live heap 182680078)
snapshot:307 (890 bytes; live heap 177034049)
snapshot:308 (200412 bytes; live heap 184092707)
snapshot:309 (890 bytes; live heap 183427368)
snapshot:310 (890 bytes; live heap 177676351)
snapshot:311 (10890 bytes; live heap 177643561)
snapshot:312 (412 bytes; live heap 177781387)
snapshot:313 (891 bytes; live heap 178707510)
snapshot:314 (399 bytes; live heap 178526235)
snapshot:315 (1208 bytes; live heap 178464659)
snapshot:316 (320 bytes; live heap 178578550)
snapshot:317 (350890 bytes; live heap 179556545)
snapshot:318 (320 bytes; live heap 176360390)
snapshot:319 (435 bytes; live heap 176278182)
snapshot:320 (920 bytes; live heap 176195118)
snapshot:321 (412 bytes; live heap 176152905)
snapshot:322 (203 bytes; live heap 176133435)
snapshot:323 (415 bytes; live heap 176031137)
snapshot:324 (408 bytes; live heap 175965756)
snapshot:325 (10435 bytes; live heap 175937488)
snapshot:326 (5 bytes; live heap 175781910)
snapshot:327 (320 bytes; live heap 175695230)
snapshot:328 (412 bytes; live heap 175495887)
snapshot:329 (455 bytes; live heap 175414135)
snapshot:330 (320 bytes; live heap 175340518)
snapshot:331 (320 bytes; live heap 175077814)
snapshot:332 (924 bytes; live heap 175027223)
snapshot:333 (890 bytes; live heap 174974898)
snapshot:334 (412 bytes; live heap 173012259)
snapshot:335 (24412 bytes; live heap 172985219)
snapshot:336 (326 bytes; live heap 172865883)
snapshot:337 (32890 bytes; live heap 172793092)
snapshot:338 (643 bytes; live heap 172491607)
snapshot:339 (343 bytes; live heap 172463005)
certificate:seed3 (102786 bytes)
snapshot:340 (200489 bytes; live heap 172295308)
snapshot:341 (16412 bytes; live heap 172346980)
snapshot:342 (320 bytes; live heap 172243559)
snapshot:343 (10412 bytes; live heap 172232832)
snapshot:344 (162 bytes; live heap 172214098)
snapshot:345 (418 bytes; live heap 172202619)
snapshot:346 (412 bytes; live heap 172192716)
snapshot:347 (890 bytes; live heap 172009078)
snapshot:348 (15320 bytes; live heap 171996201)
snapshot:349 (890 bytes; live heap 177450674)
snapshot:350 (320 bytes; live heap 177238706)
snapshot:351 (357 bytes; live heap 177112166)
snapshot:352 (913 bytes; live heap 177069864)
snapshot:353 (446 bytes; live heap 176957102)
snapshot:354 (12412 bytes; live heap 176543892)
snapshot:355 (321 bytes; live heap 176440825)
snapshot:356 (320 bytes; live heap 176397896)
snapshot:357 (436 bytes; live heap 176362582)
snapshot:358 (320 bytes; live heap 176299544)
snapshot:359 (412 bytes; live heap 176242803)
snapshot:360 (344 bytes; live heap 172473391)
snapshot:361 (412 bytes; live heap 172480436)
snapshot:362 (5730 bytes; live heap 166843733)
snapshot:363 (890 bytes; live heap 172422541)
snapshot:364 (891 bytes; live heap 172423344)
snapshot:365 (574 bytes; live heap 172399231)
snapshot:366 (4890 bytes; live heap 172391157)
snapshot:367 (361 bytes; live heap 172367155)
snapshot:368 (1150 bytes; live heap 172366359)
snapshot:369 (364 bytes; live heap 172354407)
snapshot:370 (107 bytes; live heap 172307906)
snapshot:371 (320 bytes; live heap 172273929)
snapshot:372 (173 bytes; live heap 172148593)
snapshot:373 (412 bytes; live heap 172098720)
snapshot:374 (890 bytes; live heap 172065381)
snapshot:375 (951 bytes; live heap 172022518)
snapshot:376 (891 bytes; live heap 171906444)
snapshot:377 (145 bytes; live heap 171438958)
snapshot:378 (887 bytes; live heap 171348934)
snapshot:379 (890 bytes; live heap 171226564)
snapshot:380 (891 bytes; live heap 171165136)
snapshot:381 (508 bytes; live heap 171069310)
snapshot:382 (412 bytes; live heap 171034025)
snapshot:383 (358 bytes; live heap 171041809)
snapshot:384 (320 bytes; live heap 171024702)
snapshot:385 (146917 bytes; live heap 170979786)
snapshot:386 (435 bytes; live heap 170800875)
snapshot:387 (412 bytes; live heap 170738619)
snapshot:388 (621 bytes; live heap 170630928)
snapshot:389 (890 bytes; live heap 170616780)
snapshot:390 (516 bytes; live heap 170588760)
snapshot:391 (320 bytes; live heap 170572229)
snapshot:392 (320 bytes; live heap 170549233)
snapshot:393 (609 bytes; live heap 170540730)
snapshot:394 (686 bytes; live heap 170511703)
snapshot:395 (913 bytes; live heap 164860825)
snapshot:396 (320 bytes; live heap 164810594)
snapshot:397 (890 bytes; live heap 170444260)
snapshot:398 (110320 bytes; live heap 170349340)
test regression_parser_bounds_unparenthesised_and_postfix_chains ... ok
snapshot:399 (893 bytes; live heap 168404206)
snapshot:400 (890 bytes; live heap 168361529)
snapshot:401 (320 bytes; live heap 162632246)
snapshot:402 (320 bytes; live heap 168201379)
snapshot:403 (412 bytes; live heap 175346781)
snapshot:404 (320 bytes; live heap 174584400)
snapshot:405 (382 bytes; live heap 174408780)
snapshot:406 (412 bytes; live heap 174322251)
snapshot:407 (412 bytes; live heap 174190974)
snapshot:408 (742 bytes; live heap 174161637)
snapshot:409 (400 bytes; live heap 174141219)
snapshot:410 (320 bytes; live heap 174052216)
snapshot:411 (890 bytes; live heap 173963176)
snapshot:412 (320 bytes; live heap 173915277)
snapshot:413 (1158 bytes; live heap 168186810)
snapshot:414 (412 bytes; live heap 173564205)
snapshot:415 (797 bytes; live heap 173445187)
snapshot:416 (412 bytes; live heap 173439823)
snapshot:417 (1068 bytes; live heap 173242929)
snapshot:418 (314 bytes; live heap 177563094)
snapshot:419 (890 bytes; live heap 177490023)
snapshot:420 (409 bytes; live heap 182995228)
snapshot:421 (536 bytes; live heap 182881915)
snapshot:422 (174362 bytes; live heap 180905444)
snapshot:423 (976 bytes; live heap 181998659)
snapshot:424 (412 bytes; live heap 176479341)
snapshot:425 (891 bytes; live heap 182258241)
snapshot:426 (890 bytes; live heap 182327496)
snapshot:427 (412 bytes; live heap 182454164)
snapshot:428 (148412 bytes; live heap 183916157)
snapshot:429 (412 bytes; live heap 184822228)
snapshot:430 (1066 bytes; live heap 185027343)
snapshot:431 (320 bytes; live heap 185120853)
snapshot:432 (320 bytes; live heap 185170002)
snapshot:433 (831 bytes; live heap 185252967)
snapshot:434 (412 bytes; live heap 185497506)
snapshot:435 (424 bytes; live heap 179903270)
snapshot:436 (10570 bytes; live heap 182184087)
snapshot:437 (308 bytes; live heap 181838473)
snapshot:438 (890 bytes; live heap 181825310)
snapshot:439 (386 bytes; live heap 176235954)
snapshot:440 (449 bytes; live heap 176171892)
snapshot:441 (482 bytes; live heap 181718150)
snapshot:442 (117890 bytes; live heap 180789615)
snapshot:443 (412 bytes; live heap 180627312)
snapshot:444 (890 bytes; live heap 180625497)
snapshot:445 (321 bytes; live heap 180625359)
snapshot:446 (193 bytes; live heap 180634466)
snapshot:447 (412 bytes; live heap 180614882)
snapshot:448 (412 bytes; live heap 180711941)
snapshot:449 (890 bytes; live heap 180719748)
certificate:seed4 (96430 bytes)
snapshot:450 (104707 bytes; live heap 181286798)
snapshot:451 (10890 bytes; live heap 181056110)
snapshot:452 (306 bytes; live heap 181068646)
snapshot:453 (111320 bytes; live heap 181133856)
test regression_snapshot_int_size_is_bounded ... ok
snapshot:454 (890 bytes; live heap 173934584)
snapshot:455 (305 bytes; live heap 168340562)
snapshot:456 (10353 bytes; live heap 168342068)
snapshot:457 (412 bytes; live heap 173917949)
snapshot:458 (21913 bytes; live heap 174015707)
snapshot:459 (200358 bytes; live heap 174244842)
snapshot:460 (320 bytes; live heap 174168502)
snapshot:461 (316 bytes; live heap 174180133)
snapshot:462 (857 bytes; live heap 174233494)
snapshot:463 (382 bytes; live heap 174231645)
snapshot:464 (654 bytes; live heap 168636638)
snapshot:465 (60 bytes; live heap 174249972)
snapshot:466 (344 bytes; live heap 174259042)
snapshot:467 (494 bytes; live heap 174272708)
snapshot:468 (320 bytes; live heap 174267798)
snapshot:469 (146890 bytes; live heap 174496785)
snapshot:470 (78320 bytes; live heap 174575139)
snapshot:471 (412 bytes; live heap 174501852)
snapshot:472 (412 bytes; live heap 168910102)
snapshot:473 (10548 bytes; live heap 174512599)
snapshot:474 (412 bytes; live heap 174482985)
snapshot:475 (356 bytes; live heap 168883166)
snapshot:476 (320 bytes; live heap 174523543)
snapshot:477 (1402 bytes; live heap 174530880)
snapshot:478 (427 bytes; live heap 174543158)
snapshot:479 (580 bytes; live heap 174547022)
snapshot:480 (201124 bytes; live heap 175159606)
snapshot:481 (412 bytes; live heap 174876958)
snapshot:482 (306 bytes; live heap 174879411)
snapshot:483 (413 bytes; live heap 174863098)
snapshot:484 (129255 bytes; live heap 176119991)
snapshot:485 (11070 bytes; live heap 176155743)
snapshot:486 (412 bytes; live heap 176148505)
snapshot:487 (199495 bytes; live heap 170090088)
snapshot:488 (412 bytes; live heap 176063753)
snapshot:489 (447 bytes; live heap 176058649)
snapshot:490 (320 bytes; live heap 176797962)
snapshot:491 (966 bytes; live heap 176743697)
snapshot:492 (512 bytes; live heap 176743745)
snapshot:493 (30481 bytes; live heap 176775692)
snapshot:494 (320 bytes; live heap 176737874)
snapshot:495 (928 bytes; live heap 176706088)
snapshot:496 (10311 bytes; live heap 170298061)
snapshot:497 (15 bytes; live heap 176693517)
snapshot:498 (498 bytes; live heap 176698409)
snapshot:499 (1402 bytes; live heap 176674856)
snapshot:500 (320 bytes; live heap 176642385)
snapshot:501 (594 bytes; live heap 176625470)
snapshot:502 (320 bytes; live heap 176612450)
snapshot:503 (964 bytes; live heap 176624877)
snapshot:504 (237 bytes; live heap 170982679)
snapshot:505 (412 bytes; live heap 176582006)
snapshot:506 (42326 bytes; live heap 176550743)
snapshot:507 (320 bytes; live heap 170843501)
snapshot:508 (545 bytes; live heap 176465365)
snapshot:509 (94320 bytes; live heap 176584031)
snapshot:510 (488 bytes; live heap 176537121)
snapshot:511 (95320 bytes; live heap 177219066)
snapshot:512 (320 bytes; live heap 177375960)
snapshot:513 (180320 bytes; live heap 171977462)
snapshot:514 (412 bytes; live heap 177442980)
snapshot:515 (412 bytes; live heap 177451668)
snapshot:516 (883 bytes; live heap 177456432)
snapshot:517 (412 bytes; live heap 177455900)
snapshot:518 (413 bytes; live heap 177465869)
snapshot:519 (1336 bytes; live heap 177504406)
snapshot:520 (179 bytes; live heap 177527724)
snapshot:521 (890 bytes; live heap 177611194)
snapshot:522 (337 bytes; live heap 177889959)
snapshot:523 (325 bytes; live heap 178305370)
snapshot:524 (913 bytes; live heap 178358221)
snapshot:525 (10435 bytes; live heap 178582393)
snapshot:526 (514 bytes; live heap 178986549)
snapshot:527 (398 bytes; live heap 179045253)
snapshot:528 (412 bytes; live heap 179104039)
snapshot:529 (890 bytes; live heap 179142178)
snapshot:530 (320 bytes; live heap 179271143)
snapshot:531 (890 bytes; live heap 179374448)
snapshot:532 (412 bytes; live heap 179475370)
snapshot:533 (944 bytes; live heap 179597867)
snapshot:534 (437 bytes; live heap 178957287)
snapshot:535 (320 bytes; live heap 178966182)
snapshot:536 (107287 bytes; live heap 178819294)
certificate:seed5 (448 bytes)
snapshot:537 (412 bytes; live heap 179202763)
snapshot:538 (195 bytes; live heap 179220245)
snapshot:539 (412 bytes; live heap 179354402)
snapshot:540 (890 bytes; live heap 179461663)
snapshot:541 (412 bytes; live heap 179578637)
certificate:0 (149135 bytes; live heap 179561091)
snapshot:542 (10890 bytes; live heap 179351801)
snapshot:543 (312 bytes; live heap 174232896)
snapshot:544 (475 bytes; live heap 179880052)
snapshot:545 (10890 bytes; live heap 180107443)
snapshot:546 (320 bytes; live heap 180214950)
snapshot:547 (907 bytes; live heap 180257580)
snapshot:548 (408 bytes; live heap 180275225)
certificate:1 (98497 bytes; live heap 174775172)
snapshot:549 (200320 bytes; live heap 180563558)
snapshot:550 (891 bytes; live heap 180468921)
certificate:2 (93462 bytes; live heap 180472003)
snapshot:551 (320 bytes; live heap 175114234)
snapshot:552 (320 bytes; live heap 180779231)
snapshot:553 (412 bytes; live heap 180814337)
snapshot:554 (10890 bytes; live heap 180859252)
snapshot:555 (412 bytes; live heap 180861492)
snapshot:556 (120890 bytes; live heap 181195586)
snapshot:557 (890 bytes; live heap 175409939)
snapshot:558 (890 bytes; live heap 181011128)
snapshot:559 (526 bytes; live heap 181061300)
snapshot:560 (1030 bytes; live heap 181042928)
snapshot:561 (666 bytes; live heap 181043323)
snapshot:562 (406 bytes; live heap 181035576)
snapshot:563 (651 bytes; live heap 180060071)
snapshot:564 (941 bytes; live heap 180057498)
snapshot:565 (320 bytes; live heap 180059084)
snapshot:566 (628 bytes; live heap 182686943)
snapshot:567 (130412 bytes; live heap 178887759)
snapshot:568 (407 bytes; live heap 184381501)
snapshot:569 (343 bytes; live heap 184391665)
snapshot:570 (319 bytes; live heap 186493555)
lockfile:14 (2146937 bytes; live heap 182294913)
snapshot:571 (412 bytes; live heap 182294787)
snapshot:572 (890 bytes; live heap 182617157)
snapshot:573 (116 bytes; live heap 182944358)
snapshot:574 (45402 bytes; live heap 184990128)
snapshot:575 (492 bytes; live heap 184609187)
snapshot:576 (580 bytes; live heap 184626712)
snapshot:577 (914 bytes; live heap 179075274)
snapshot:578 (320 bytes; live heap 184693523)
snapshot:579 (91320 bytes; live heap 186658685)
snapshot:580 (135412 bytes; live heap 176452091)
snapshot:581 (412 bytes; live heap 166595741)
lockfile:15 (5671 bytes; live heap 172202827)
snapshot:582 (343 bytes; live heap 172227264)
snapshot:583 (97890 bytes; live heap 173504588)
snapshot:584 (890 bytes; live heap 173599970)
snapshot:585 (412 bytes; live heap 168423607)
lockfile:16 (2371 bytes; live heap 175410058)
snapshot:586 (732 bytes; live heap 175464590)
snapshot:587 (435 bytes; live heap 175587909)
snapshot:588 (412 bytes; live heap 175698515)
snapshot:589 (310 bytes; live heap 175897320)
snapshot:590 (413 bytes; live heap 170394791)
snapshot:591 (890 bytes; live heap 176063455)
lockfile:17 (2379 bytes; live heap 176790658)
snapshot:592 (223580 bytes; live heap 175789023)
snapshot:593 (320 bytes; live heap 170371501)
lockfile:18 (25520 bytes; live heap 176282059)
snapshot:594 (20 bytes; live heap 176409238)
snapshot:595 (320 bytes; live heap 176419134)
snapshot:596 (19096 bytes; live heap 178780403)
lockfile:19 (3170 bytes; live heap 178935116)
snapshot:597 (594 bytes; live heap 178902378)
snapshot:598 (321 bytes; live heap 177332703)
snapshot:599 (890 bytes; live heap 177380516)
snapshot:600 (200890 bytes; live heap 178504800)
lockfile:20 (5736 bytes; live heap 179285089)
snapshot:601 (130412 bytes; live heap 179846506)
snapshot:602 (320 bytes; live heap 174321157)
snapshot:603 (127830 bytes; live heap 180795276)
lockfile:21 (5672 bytes; live heap 180993249)
snapshot:604 (10412 bytes; live heap 181140089)
snapshot:605 (413 bytes; live heap 181391436)
snapshot:606 (890 bytes; live heap 181652567)
snapshot:607 (320 bytes; live heap 181946129)
snapshot:608 (315 bytes; live heap 182174784)
lockfile:22 (25986 bytes; live heap 182191678)
snapshot:609 (360 bytes; live heap 182101208)
certificate:3 (155954 bytes; live heap 182398396)
snapshot:610 (916 bytes; live heap 182403931)
snapshot:611 (780 bytes; live heap 177566506)
certificate:4 (154468 bytes; live heap 183419960)
snapshot:612 (331 bytes; live heap 183513184)
snapshot:613 (1096 bytes; live heap 183669001)
certificate:5 (97912 bytes; live heap 183562770)
snapshot:614 (320 bytes; live heap 178018696)
snapshot:615 (412 bytes; live heap 183868975)
snapshot:616 (580 bytes; live heap 178371284)
snapshot:617 (232 bytes; live heap 184112639)
certificate:6 (154490 bytes; live heap 184091767)
snapshot:618 (1105 bytes; live heap 184141749)
lockfile:23 (13031 bytes; live heap 184280133)
snapshot:619 (914 bytes; live heap 184434087)
snapshot:620 (20407 bytes; live heap 185000308)
snapshot:621 (778 bytes; live heap 185125050)
snapshot:622 (244 bytes; live heap 172497502)
snapshot:623 (200320 bytes; live heap 167880168)
snapshot:624 (45 bytes; live heap 167839650)
lockfile:24 (2534 bytes; live heap 168275361)
snapshot:625 (200890 bytes; live heap 174502556)
lockfile:25 (2937 bytes; live heap 174769642)
snapshot:626 (337 bytes; live heap 175694873)
snapshot:627 (412 bytes; live heap 175720751)
snapshot:628 (890 bytes; live heap 175736486)
snapshot:629 (530 bytes; live heap 175743152)
snapshot:630 (320 bytes; live heap 175750318)
snapshot:631 (883 bytes; live heap 175757615)
snapshot:632 (672 bytes; live heap 175773237)
snapshot:633 (890 bytes; live heap 175788861)
snapshot:634 (320 bytes; live heap 175934264)
snapshot:635 (453 bytes; live heap 176424293)
lockfile:26 (13033 bytes; live heap 176417557)
snapshot:636 (336 bytes; live heap 176498901)
snapshot:637 (396 bytes; live heap 176566315)
snapshot:638 (659 bytes; live heap 177125939)
snapshot:639 (5412 bytes; live heap 171779134)
lockfile:27 (5683 bytes; live heap 179410843)
snapshot:640 (343 bytes; live heap 179766443)
snapshot:641 (320 bytes; live heap 179987223)
snapshot:642 (890 bytes; live heap 180270501)
snapshot:643 (890 bytes; live heap 180775094)
lockfile:28 (13111 bytes; live heap 176369679)
snapshot:644 (320 bytes; live heap 181971414)
snapshot:645 (924 bytes; live heap 181869725)
snapshot:646 (442 bytes; live heap 182767104)
snapshot:647 (320 bytes; live heap 177353927)
snapshot:648 (643 bytes; live heap 183141371)
snapshot:649 (412 bytes; live heap 183342505)
snapshot:650 (1111 bytes; live heap 183668776)
snapshot:651 (412 bytes; live heap 184826630)
snapshot:652 (320 bytes; live heap 186961496)
lockfile:29 (25421 bytes; live heap 187406005)
snapshot:653 (890 bytes; live heap 182655367)
snapshot:654 (890 bytes; live heap 188708907)
snapshot:655 (891 bytes; live heap 190411553)
snapshot:656 (320 bytes; live heap 190450183)
snapshot:657 (1330 bytes; live heap 190470606)
snapshot:658 (320 bytes; live heap 190538228)
snapshot:659 (320 bytes; live heap 190575422)
snapshot:660 (320 bytes; live heap 190627008)
snapshot:661 (320 bytes; live heap 185118583)
snapshot:662 (508 bytes; live heap 190797079)
snapshot:663 (890 bytes; live heap 192182589)
snapshot:664 (4 bytes; live heap 192412989)
lockfile:30 (25534 bytes; live heap 192603830)
snapshot:665 (378 bytes; live heap 192653251)
snapshot:666 (1890 bytes; live heap 187447174)
snapshot:667 (320 bytes; live heap 193968876)
snapshot:668 (320 bytes; live heap 194193147)
snapshot:669 (412 bytes; live heap 194393327)
snapshot:670 (409 bytes; live heap 194449586)
snapshot:671 (412 bytes; live heap 188977978)
snapshot:672 (412 bytes; live heap 194649487)
snapshot:673 (343 bytes; live heap 194748561)
snapshot:674 (224890 bytes; live heap 195571909)
snapshot:675 (412 bytes; live heap 190882536)
snapshot:676 (433 bytes; live heap 190941042)
snapshot:677 (412 bytes; live heap 191027802)
snapshot:678 (412 bytes; live heap 191148448)
snapshot:679 (890 bytes; live heap 191309390)
snapshot:680 (448 bytes; live heap 191431713)
snapshot:681 (11435 bytes; live heap 191761974)
snapshot:682 (320 bytes; live heap 191787998)
lockfile:31 (2394 bytes; live heap 191864892)
snapshot:683 (412 bytes; live heap 191927112)
snapshot:684 (84320 bytes; live heap 192323987)
snapshot:685 (890 bytes; live heap 193059811)
snapshot:686 (320 bytes; live heap 193239761)
snapshot:687 (782 bytes; live heap 193302704)
snapshot:688 (590 bytes; live heap 193312629)
lockfile:32 (2925 bytes; live heap 193315961)
snapshot:689 (3412 bytes; live heap 193357842)
snapshot:690 (320 bytes; live heap 193384377)
snapshot:691 (890 bytes; live heap 193510765)
snapshot:692 (200320 bytes; live heap 194190021)
lockfile:33 (25570 bytes; live heap 194159062)
snapshot:693 (176999 bytes; live heap 196077388)
snapshot:694 (890 bytes; live heap 198331303)
snapshot:695 (428 bytes; live heap 198420928)
snapshot:696 (13412 bytes; live heap 198232951)
certificate:7 (449 bytes; live heap 198330608)
snapshot:697 (412 bytes; live heap 198450320)
snapshot:698 (435 bytes; live heap 198606924)
snapshot:699 (320 bytes; live heap 198876678)
snapshot:700 (890 bytes; live heap 199544755)
snapshot:701 (864 bytes; live heap 199418900)
snapshot:702 (833 bytes; live heap 199386682)
snapshot:703 (413 bytes; live heap 199457608)
snapshot:704 (1068 bytes; live heap 199345893)
snapshot:705 (320 bytes; live heap 199471285)
snapshot:706 (439 bytes; live heap 199388897)
certificate:8 (97910 bytes; live heap 199306107)
snapshot:707 (138266 bytes; live heap 199436075)
snapshot:708 (379 bytes; live heap 199289243)
snapshot:709 (412 bytes; live heap 199281287)
snapshot:710 (385 bytes; live heap 199239918)
snapshot:711 (24412 bytes; live heap 199285365)
snapshot:712 (413 bytes; live heap 199301964)
snapshot:713 (311 bytes; live heap 199198971)
snapshot:714 (412 bytes; live heap 199074281)
certificate:9 (448 bytes; live heap 199072133)
snapshot:715 (68304 bytes; live heap 199324171)
snapshot:716 (931 bytes; live heap 199320682)
snapshot:717 (890 bytes; live heap 199223683)
snapshot:718 (320 bytes; live heap 198869562)
snapshot:719 (320 bytes; live heap 198735468)
snapshot:720 (490 bytes; live heap 198617194)
snapshot:721 (320 bytes; live heap 198364031)
snapshot:722 (412 bytes; live heap 198320713)
certificate:10 (148535 bytes; live heap 198253714)
snapshot:723 (552 bytes; live heap 198240290)
snapshot:724 (986 bytes; live heap 198036927)
snapshot:725 (412 bytes; live heap 197912210)
snapshot:726 (173412 bytes; live heap 197653601)
certificate:11 (97899 bytes; live heap 197393150)
snapshot:727 (627 bytes; live heap 197163213)
snapshot:728 (278 bytes; live heap 197418986)
snapshot:729 (10890 bytes; live heap 197368564)
snapshot:730 (64412 bytes; live heap 197388544)
snapshot:731 (412 bytes; live heap 197191357)
snapshot:732 (412 bytes; live heap 197137967)
snapshot:733 (320 bytes; live heap 196973057)
snapshot:734 (412 bytes; live heap 196975630)
snapshot:735 (320 bytes; live heap 196807975)
snapshot:736 (320 bytes; live heap 196762255)
snapshot:737 (320 bytes; live heap 196733605)
snapshot:738 (483 bytes; live heap 196723374)
snapshot:739 (320 bytes; live heap 192499298)
snapshot:740 (316 bytes; live heap 193460057)
snapshot:741 (412 bytes; live heap 193478277)
snapshot:742 (890 bytes; live heap 193450205)
snapshot:743 (412 bytes; live heap 193433742)
snapshot:744 (382 bytes; live heap 193405052)
snapshot:745 (412 bytes; live heap 193389518)
snapshot:746 (12320 bytes; live heap 193366819)
snapshot:747 (523 bytes; live heap 193347877)
snapshot:748 (320 bytes; live heap 193309908)
snapshot:749 (891 bytes; live heap 193216585)
snapshot:750 (412 bytes; live heap 193255666)
snapshot:751 (29954 bytes; live heap 193311606)
snapshot:752 (906 bytes; live heap 193352396)
snapshot:753 (890 bytes; live heap 193230056)
snapshot:754 (311 bytes; live heap 192948432)
lockfile:34 (122363 bytes; live heap 192150696)
snapshot:755 (200320 bytes; live heap 192189814)
snapshot:756 (311 bytes; live heap 191979338)
snapshot:757 (200412 bytes; live heap 192006655)
lockfile:35 (2383 bytes; live heap 191817288)
snapshot:758 (47890 bytes; live heap 191820280)
snapshot:759 (320 bytes; live heap 191908762)
snapshot:760 (200901 bytes; live heap 192291435)
snapshot:761 (320 bytes; live heap 192114848)
lockfile:36 (25054 bytes; live heap 192093749)
snapshot:762 (191412 bytes; live heap 191997643)
snapshot:763 (890 bytes; live heap 191587538)
snapshot:764 (890 bytes; live heap 191506179)
snapshot:765 (11000 bytes; live heap 191392562)
snapshot:766 (496 bytes; live heap 191325489)
snapshot:767 (200890 bytes; live heap 191474362)
snapshot:768 (890 bytes; live heap 191234646)
snapshot:769 (304 bytes; live heap 191189757)
snapshot:770 (1048 bytes; live heap 191153950)
snapshot:771 (435 bytes; live heap 192077508)
snapshot:772 (795 bytes; live heap 191148631)
snapshot:773 (634 bytes; live heap 190998008)
snapshot:774 (412 bytes; live heap 190989086)
snapshot:775 (913 bytes; live heap 190896260)
lockfile:37 (2383 bytes; live heap 190632288)
snapshot:776 (320 bytes; live heap 190605436)
snapshot:777 (320 bytes; live heap 190451084)
snapshot:778 (10320 bytes; live heap 190211890)
snapshot:779 (261 bytes; live heap 190179389)
snapshot:780 (320 bytes; live heap 190190781)
snapshot:781 (412 bytes; live heap 190179397)
snapshot:782 (565 bytes; live heap 190163003)
snapshot:783 (320 bytes; live heap 190115426)
snapshot:784 (1398 bytes; live heap 190096906)
snapshot:785 (476 bytes; live heap 190099249)
snapshot:786 (890 bytes; live heap 190090685)
lockfile:38 (5690 bytes; live heap 190081655)
snapshot:787 (1374 bytes; live heap 190077191)
snapshot:788 (412 bytes; live heap 190054548)
snapshot:789 (86 bytes; live heap 190019525)
snapshot:790 (246435 bytes; live heap 190405323)
snapshot:791 (66 bytes; live heap 189354386)
lockfile:39 (2934 bytes; live heap 189339087)
snapshot:792 (320 bytes; live heap 189336028)
snapshot:793 (890 bytes; live heap 189325815)
lockfile:40 (2911 bytes; live heap 189201800)
snapshot:794 (321 bytes; live heap 189134941)
snapshot:795 (348 bytes; live heap 194683504)
snapshot:796 (96435 bytes; live heap 194732045)
snapshot:797 (890 bytes; live heap 194845704)
snapshot:798 (368 bytes; live heap 189308508)
snapshot:799 (320 bytes; live heap 194969253)
snapshot:800 (891 bytes; live heap 195175645)
snapshot:801 (79320 bytes; live heap 195494662)
snapshot:802 (412 bytes; live heap 194945933)
snapshot:803 (200926 bytes; live heap 194967238)
snapshot:804 (2412 bytes; live heap 195016478)
snapshot:805 (320 bytes; live heap 189399834)
snapshot:806 (890 bytes; live heap 195046256)
snapshot:807 (416 bytes; live heap 195101685)
snapshot:808 (534 bytes; live heap 195104197)
snapshot:809 (320 bytes; live heap 195095899)
snapshot:810 (10530 bytes; live heap 195054630)
snapshot:811 (320 bytes; live heap 194960349)
snapshot:812 (2415 bytes; live heap 195507011)
lockfile:41 (18340 bytes; live heap 196170068)
snapshot:813 (468 bytes; live heap 196021630)
snapshot:814 (5320 bytes; live heap 196017334)
snapshot:815 (506 bytes; live heap 196006852)
snapshot:816 (412 bytes; live heap 190447934)
snapshot:817 (320 bytes; live heap 196152814)
snapshot:818 (890 bytes; live heap 195865046)
lockfile:42 (2824 bytes; live heap 195686254)
snapshot:819 (890 bytes; live heap 195742645)
snapshot:820 (320 bytes; live heap 195949792)
snapshot:821 (119890 bytes; live heap 193111083)
snapshot:822 (264 bytes; live heap 199478158)
snapshot:823 (890 bytes; live heap 204419953)
snapshot:824 (500 bytes; live heap 198361480)
snapshot:825 (412 bytes; live heap 205312853)
snapshot:826 (320 bytes; live heap 205482452)
snapshot:827 (160412 bytes; live heap 206462323)
snapshot:828 (101412 bytes; live heap 207979285)
certificate:12 (149084 bytes; live heap 208241821)
snapshot:829 (320 bytes; live heap 203234740)
snapshot:830 (1248 bytes; live heap 203450425)
snapshot:831 (580 bytes; live heap 203702316)
snapshot:832 (891 bytes; live heap 203790427)
snapshot:833 (435 bytes; live heap 204074073)
certificate:13 (98484 bytes; live heap 204952924)
snapshot:834 (413 bytes; live heap 204996967)
snapshot:835 (304 bytes; live heap 205956043)
snapshot:836 (890 bytes; live heap 205963152)
snapshot:837 (412 bytes; live heap 205975422)
snapshot:838 (87702 bytes; live heap 206199009)
snapshot:839 (320 bytes; live heap 206402327)
snapshot:840 (412 bytes; live heap 206489150)
snapshot:841 (89320 bytes; live heap 206883183)
snapshot:842 (411 bytes; live heap 207083905)
snapshot:843 (884 bytes; live heap 207161291)
snapshot:844 (412 bytes; live heap 207343294)
snapshot:845 (320 bytes; live heap 207349843)
snapshot:846 (146913 bytes; live heap 207875060)
snapshot:847 (1027 bytes; live heap 210280920)
snapshot:848 (890 bytes; live heap 210326502)
snapshot:849 (890 bytes; live heap 210356174)
snapshot:850 (5321 bytes; live heap 210904232)
snapshot:851 (95 bytes; live heap 211028696)
snapshot:852 (358 bytes; live heap 211080678)
snapshot:853 (304 bytes; live heap 211117123)
snapshot:854 (92320 bytes; live heap 211605383)
snapshot:855 (320 bytes; live heap 212466255)
snapshot:856 (1206 bytes; live heap 212507079)
snapshot:857 (412 bytes; live heap 212623268)
snapshot:858 (589 bytes; live heap 212692943)
snapshot:859 (890 bytes; live heap 212714928)
snapshot:860 (413 bytes; live heap 212792402)
snapshot:861 (320 bytes; live heap 218326814)
snapshot:862 (320 bytes; live heap 218323935)
snapshot:863 (320 bytes; live heap 218377581)
snapshot:864 (26 bytes; live heap 218433226)
snapshot:865 (412 bytes; live heap 218484273)
snapshot:866 (890 bytes; live heap 218616412)
snapshot:867 (315 bytes; live heap 219390731)
snapshot:868 (656 bytes; live heap 213898651)
snapshot:869 (343 bytes; live heap 219638446)
snapshot:870 (313 bytes; live heap 219727648)
snapshot:871 (189580 bytes; live heap 220004441)
snapshot:872 (1173 bytes; live heap 214777066)
snapshot:873 (225412 bytes; live heap 221504815)
snapshot:874 (438 bytes; live heap 226100218)
snapshot:875 (256 bytes; live heap 226164901)
snapshot:876 (400 bytes; live heap 226049110)
snapshot:877 (275 bytes; live heap 220253142)
snapshot:878 (320 bytes; live heap 225858190)
snapshot:879 (320 bytes; live heap 225895532)
snapshot:880 (2320 bytes; live heap 225913748)
snapshot:881 (913 bytes; live heap 225941494)
snapshot:882 (412 bytes; live heap 225971284)
snapshot:883 (320 bytes; live heap 225952405)
snapshot:884 (890 bytes; live heap 226081897)
snapshot:885 (320 bytes; live heap 226106074)
snapshot:886 (320 bytes; live heap 220547525)
snapshot:887 (9343 bytes; live heap 226306575)
snapshot:888 (146412 bytes; live heap 226704990)
snapshot:889 (1348 bytes; live heap 226839295)
snapshot:890 (452 bytes; live heap 226851239)
snapshot:891 (135412 bytes; live heap 227090126)
eval:37 (338001 bytes; live heap 227161600)
snapshot:892 (118908 bytes; live heap 228064151)
snapshot:893 (400 bytes; live heap 228595818)
snapshot:894 (320 bytes; live heap 228712286)
snapshot:895 (202004 bytes; live heap 230040491)
snapshot:896 (25 bytes; live heap 230449082)
snapshot:897 (412 bytes; live heap 230486763)
snapshot:898 (981 bytes; live heap 224950445)
snapshot:899 (413 bytes; live heap 230744175)
snapshot:900 (313 bytes; live heap 231024078)
snapshot:901 (890 bytes; live heap 231088448)
snapshot:902 (43412 bytes; live heap 231478549)
snapshot:903 (890 bytes; live heap 231574257)
snapshot:904 (320 bytes; live heap 231948966)
snapshot:905 (320 bytes; live heap 232514740)
snapshot:906 (890 bytes; live heap 232566947)
snapshot:907 (619 bytes; live heap 232926299)
snapshot:908 (4412 bytes; live heap 233108956)
snapshot:909 (320 bytes; live heap 233098701)
snapshot:910 (574 bytes; live heap 233238625)
snapshot:911 (128435 bytes; live heap 233807793)
snapshot:912 (191320 bytes; live heap 229755568)
snapshot:913 (423 bytes; live heap 232225842)
snapshot:914 (378 bytes; live heap 232933433)
snapshot:915 (968 bytes; live heap 233373561)
snapshot:916 (622 bytes; live heap 233466575)
snapshot:917 (890 bytes; live heap 233508209)
snapshot:918 (320 bytes; live heap 233531467)
snapshot:919 (412 bytes; live heap 233551157)
snapshot:920 (629 bytes; live heap 233578453)
snapshot:921 (973 bytes; live heap 233618085)
snapshot:922 (320 bytes; live heap 233715389)
snapshot:923 (416 bytes; live heap 233746517)
snapshot:924 (913 bytes; live heap 233772385)
snapshot:925 (580 bytes; live heap 233808951)
snapshot:926 (200890 bytes; live heap 234028860)
snapshot:927 (396 bytes; live heap 234266553)
snapshot:928 (412 bytes; live heap 240054390)
snapshot:929 (399 bytes; live heap 240032184)
snapshot:930 (412 bytes; live heap 240218532)
snapshot:931 (412 bytes; live heap 240418402)
certificate:14 (92776 bytes; live heap 240926608)
snapshot:932 (178412 bytes; live heap 241871299)
snapshot:933 (412 bytes; live heap 241773891)
snapshot:934 (891 bytes; live heap 241814057)
snapshot:935 (890 bytes; live heap 241911387)
snapshot:936 (433 bytes; live heap 241905326)
snapshot:937 (890 bytes; live heap 241865796)
snapshot:938 (306 bytes; live heap 241944947)
snapshot:939 (412 bytes; live heap 242070743)
certificate:15 (149128 bytes; live heap 242083560)
row-model:seed1 (155047 bytes)
snapshot:940 (554 bytes; live heap 242088502)
eval:38 (31 bytes; live heap 242068776)
snapshot:941 (320 bytes; live heap 242124107)
snapshot:942 (890 bytes; live heap 242263927)
eval:39 (27 bytes; live heap 242314820)
snapshot:943 (1214 bytes; live heap 242577053)
eval:40 (38 bytes; live heap 242604591)
eval:41 (26 bytes; live heap 242691036)
snapshot:944 (11180 bytes; live heap 243575865)
snapshot:945 (412 bytes; live heap 243914432)
snapshot:946 (947 bytes; live heap 245290192)
snapshot:947 (443 bytes; live heap 245760186)
snapshot:948 (1214 bytes; live heap 245833225)
snapshot:949 (890 bytes; live heap 246915272)
eval:42 (22 bytes; live heap 248194756)
snapshot:950 (320 bytes; live heap 249542061)
snapshot:951 (890 bytes; live heap 250610514)
snapshot:952 (470 bytes; live heap 251901443)
snapshot:953 (890 bytes; live heap 253692670)
snapshot:954 (534 bytes; live heap 253738871)
snapshot:955 (412 bytes; live heap 253793710)
snapshot:956 (410 bytes; live heap 253843221)
snapshot:957 (239890 bytes; live heap 254251379)
snapshot:958 (594 bytes; live heap 254009359)
snapshot:959 (705 bytes; live heap 254018693)
snapshot:960 (514 bytes; live heap 254013641)
snapshot:961 (320 bytes; live heap 254063788)
snapshot:962 (890 bytes; live heap 254080410)
snapshot:963 (412 bytes; live heap 254939487)
snapshot:964 (200890 bytes; live heap 255895177)
snapshot:965 (130 bytes; live heap 256197143)
snapshot:966 (366 bytes; live heap 255124100)
eval:43 (60008 bytes; live heap 254741246)
snapshot:967 (412 bytes; live heap 255805752)
snapshot:968 (890 bytes; live heap 255892107)
snapshot:969 (320 bytes; live heap 256566082)
snapshot:970 (890 bytes; live heap 256750809)
eval:44 (2 bytes; live heap 255606530)
snapshot:971 (930 bytes; live heap 255690281)
snapshot:972 (890 bytes; live heap 255773811)
snapshot:973 (913 bytes; live heap 255921669)
eval:45 (29 bytes; live heap 255949875)
snapshot:974 (890 bytes; live heap 256071588)
eval:46 (24 bytes; live heap 256068553)
snapshot:975 (200913 bytes; live heap 257957497)
snapshot:976 (890 bytes; live heap 258739529)
snapshot:977 (412 bytes; live heap 259084157)
snapshot:978 (320 bytes; live heap 259236555)
snapshot:979 (320 bytes; live heap 259312525)
snapshot:980 (320 bytes; live heap 259469789)
snapshot:981 (890 bytes; live heap 259878444)
snapshot:982 (320 bytes; live heap 260658099)
snapshot:983 (384 bytes; live heap 260782402)
snapshot:984 (412 bytes; live heap 261365374)
snapshot:985 (890 bytes; live heap 261629013)
snapshot:986 (167498 bytes; live heap 262145994)
snapshot:987 (1132 bytes; live heap 266284543)
snapshot:988 (412 bytes; live heap 266642933)
snapshot:989 (200320 bytes; live heap 268505627)
snapshot:990 (890 bytes; live heap 269407030)
snapshot:991 (200412 bytes; live heap 271152480)
snapshot:992 (890 bytes; live heap 272490881)
snapshot:993 (412 bytes; live heap 272629434)
snapshot:994 (924 bytes; live heap 272688971)
snapshot:995 (412 bytes; live heap 272750745)
snapshot:996 (239890 bytes; live heap 274125960)
eval:47 (60004 bytes; live heap 273939109)
eval:48 (1 bytes; live heap 274105043)
eval:49 (2 bytes; live heap 274129425)
eval:50 (7 bytes; live heap 274139427)
eval:51 (7 bytes; live heap 274136944)
snapshot:997 (890 bytes; live heap 273843435)
snapshot:998 (412 bytes; live heap 273824248)
eval:52 (2 bytes; live heap 273843407)
snapshot:999 (890 bytes; live heap 273805265)
eval:53 (25 bytes; live heap 273791242)
eval:54 (27 bytes; live heap 273751138)
snapshot: 1000 cases in 532.157709ms; 81 mutants accepted; slowest seed 2.476208ms; slowest case 873 3.100791ms; largest heap case 999 64194 bytes
     296 truncated snapshot
     115 snapshot program or schema identity mismatch
      93 snapshot value limit exceeded
      85 snapshot payload length mismatch
      65 snapshot integrity check failed
      49 invalid enum tag
      37 noncanonical signed integer
      34 duplicate or unordered snapshot key
      31 unknown snapshot event channel
      17 snapshot byte length invalid
      16 invalid UTF-8
      15 invalid Result tag
      15 snapshot format or semantics version mismatch
      15 trailing snapshot payload
      14 invalid snapshot event sequence
      13 invalid Option tag
       6 invalid Bool tag
       2 snapshot Int exceeds size limit
       1 snapshot length overflow
eval:55 (4 bytes; live heap 273715211)
test fuzz_snapshots ... ok
eval:56 (21 bytes; live heap 273638924)
eval:57 (19 bytes; live heap 273624343)
eval:58 (59 bytes; live heap 273534667)
eval:59 (7 bytes; live heap 273518396)
eval:60 (50 bytes; live heap 273504685)
eval:61 (41 bytes; live heap 273524179)
eval:62 (3 bytes; live heap 273409980)
eval:63 (22 bytes; live heap 273387053)
eval:64 (396 bytes; live heap 273290500)
eval:65 (522 bytes; live heap 273207706)
eval:66 (10 bytes; live heap 273130989)
eval:67 (4 bytes; live heap 273067940)
eval:68 (10 bytes; live heap 273017920)
eval:69 (4088 bytes; live heap 267388866)
eval:70 (23 bytes; live heap 272833178)
eval:71 (3 bytes; live heap 272782244)
eval:72 (2 bytes; live heap 272831044)
eval:73 (27 bytes; live heap 272859854)
eval:74 (19 bytes; live heap 272911679)
eval:75 (40 bytes; live heap 272954459)
eval:76 (31 bytes; live heap 272974355)
eval:77 (4 bytes; live heap 273017128)
eval:78 (22 bytes; live heap 267446700)
eval:79 (19 bytes; live heap 273051613)
eval:80 (20 bytes; live heap 273953556)
eval:81 (381 bytes; live heap 273968379)
eval:82 (599991 bytes; live heap 275308147)
eval:83 (288 bytes; live heap 274316328)
eval:84 (3661 bytes; live heap 274640438)
eval:85 (3 bytes; live heap 269487135)
eval:86 (348 bytes; live heap 275656544)
eval:87 (23 bytes; live heap 275774467)
eval:88 (62 bytes; live heap 275798951)
bitproof:seed0 (132 bytes)
eval:89 (388 bytes; live heap 275789350)
eval:90 (2546 bytes; live heap 276193496)
eval:91 (2 bytes; live heap 276117020)
eval:92 (19 bytes; live heap 276021225)
eval:93 (2 bytes; live heap 276015005)
certificate:16 (89158 bytes; live heap 276009192)
eval:94 (657 bytes; live heap 276225647)
eval:95 (22 bytes; live heap 276282522)
eval:96 (18 bytes; live heap 276322547)
bitproof:seed1 (74998 bytes)
eval:97 (18 bytes; live heap 276322265)
certificate:17 (93469 bytes; live heap 276536322)
certificate:18 (154619 bytes; live heap 276610435)
eval:98 (48 bytes; live heap 277204065)
bitproof:seed2 (136712 bytes)
certificate:19 (148874 bytes; live heap 285718242)
eval:99 (156 bytes; live heap 285741582)
eval:100 (6 bytes; live heap 286080744)
eval:101 (12 bytes; live heap 285967077)
eval:102 (728 bytes; live heap 285946033)
eval:103 (59 bytes; live heap 285967845)
eval:104 (661 bytes; live heap 286026084)
eval:105 (6 bytes; live heap 286029536)
eval:106 (200057 bytes; live heap 286628505)
eval:107 (7 bytes; live heap 286190918)
eval:108 (5 bytes; live heap 284163020)
eval:109 (27 bytes; live heap 284192032)
eval:110 (23 bytes; live heap 284311510)
eval:111 (43 bytes; live heap 284337880)
eval:112 (27 bytes; live heap 284347719)
eval:113 (43 bytes; live heap 284374985)
eval:114 (7 bytes; live heap 284367549)
eval:115 (200071 bytes; live heap 284800410)
eval:116 (54 bytes; live heap 284868773)
eval:117 (40 bytes; live heap 284896418)
eval:118 (4 bytes; live heap 284879833)
certificate:20 (97530 bytes; live heap 284870702)
certificate:21 (93474 bytes; live heap 285745508)
eval:119 (814 bytes; live heap 285616654)
bitproof:seed3 (3090 bytes)
eval:120 (2 bytes; live heap 280188525)
eval:121 (4 bytes; live heap 285754659)
eval:122 (45 bytes; live heap 285820202)
certificate:22 (148488 bytes; live heap 285872807)
eval:123 (18 bytes; live heap 285898670)
eval:124 (24 bytes; live heap 285993036)
eval:125 (17 bytes; live heap 280526442)
eval:126 (293 bytes; live heap 286172186)
eval:127 (19 bytes; live heap 286233991)
eval:128 (37 bytes; live heap 286274560)
eval:129 (120007 bytes; live heap 281158861)
bitproof:seed4 (134 bytes)
eval:130 (6 bytes; live heap 286677318)
eval:131 (36 bytes; live heap 286696300)
eval:132 (37 bytes; live heap 286992358)
bitproof:seed5 (132920 bytes)
eval:133 (27 bytes; live heap 281390795)
eval:134 (48 bytes; live heap 288546757)
eval:135 (15 bytes; live heap 284287412)
bitproof:seed6 (132 bytes)
bitproof:seed7 (134 bytes)
bitproof:seed8 (1109 bytes)
bitproof:seed9 (143280 bytes)
eval:136 (587 bytes; live heap 287377551)
eval:137 (6 bytes; live heap 287485638)
eval:138 (6 bytes; live heap 287673214)
eval:139 (19 bytes; live heap 287747058)
eval:140 (21 bytes; live heap 287892736)
eval:141 (25 bytes; live heap 288010056)
eval:142 (18 bytes; live heap 287684950)
bitproof:seed10 (8829 bytes)
eval:143 (53 bytes; live heap 287722500)
eval:144 (933 bytes; live heap 287754310)
bitproof:seed11 (759455 bytes)
eval:145 (39 bytes; live heap 287802592)
eval:146 (21 bytes; live heap 287875852)
eval:147 (30 bytes; live heap 287981956)
eval:148 (33 bytes; live heap 288025444)
eval:149 (23 bytes; live heap 288146867)
eval:150 (24 bytes; live heap 288220366)
eval:151 (1 bytes; live heap 288602118)
eval:152 (41 bytes; live heap 288657708)
eval:153 (4 bytes; live heap 288798000)
eval:154 (775 bytes; live heap 288916407)
eval:155 (7 bytes; live heap 288955607)
eval:156 (525 bytes; live heap 289023865)
eval:157 (5 bytes; live heap 289127022)
eval:158 (31 bytes; live heap 289166976)
eval:159 (19 bytes; live heap 289225627)
bitproof:seed12 (594334 bytes)
bitproof:0 (794705 bytes; live heap 291269238)
bitproof:1 (8843 bytes; live heap 292549488)
bitproof:2 (8829 bytes; live heap 292586569)
core:17 (261220 bytes; live heap 291971024)
certificate:23 (472 bytes; live heap 303653287)
certificate:24 (448 bytes; live heap 303929374)
core:18 (597 bytes; live heap 305531343)
core:19 (5247 bytes; live heap 314555270)
core:20 (385 bytes; live heap 315413937)
core:21 (1150 bytes; live heap 315041131)
core:22 (2105 bytes; live heap 268404056)
core:23 (11445 bytes; live heap 280673320)
core:24 (2389 bytes; live heap 257611669)
core:25 (12324 bytes; live heap 268920000)
core:26 (2534 bytes; live heap 280990851)
core:27 (1447 bytes; live heap 279696367)
core:28 (1212 bytes; live heap 279675462)
certificate:25 (2154983 bytes; live heap 279955212)
certificate:26 (147585 bytes; live heap 269711525)
certificate:27 (475 bytes; live heap 275032610)
certificate:28 (98502 bytes; live heap 274005966)
bitproof:3 (743906 bytes; live heap 273218340)
certificate:29 (155977 bytes; live heap 273201827)
equality:19 (500501 bytes; live heap 269894117)
core:29 (30891 bytes; live heap 269570226)
equality:20 (1242 bytes; live heap 268853291)
equality:21 (3666 bytes; live heap 268382819)
equality:22 (191 bytes; live heap 268134717)
equality:23 (589 bytes; live heap 267942358)
equality:24 (203 bytes; live heap 267894721)
equality:25 (953 bytes; live heap 267826212)
equality:26 (475 bytes; live heap 267767213)
equality:27 (13 bytes; live heap 267603663)
equality:28 (1153 bytes; live heap 268256449)
equality:29 (456 bytes; live heap 268210967)
equality:30 (466 bytes; live heap 268070393)
core:30 (620 bytes; live heap 267722093)
equality:31 (242 bytes; live heap 267931984)
equality:32 (22 bytes; live heap 267776981)
equality:33 (200231 bytes; live heap 267856110)
equality:34 (193 bytes; live heap 261947121)
core:31 (1148 bytes; live heap 267351269)
equality:35 (1152 bytes; live heap 267224877)
equality:36 (473 bytes; live heap 265055532)
equality:37 (623 bytes; live heap 270903628)
equality:38 (507 bytes; live heap 270988630)
equality:39 (1165 bytes; live heap 271424649)
equality:40 (752 bytes; live heap 271622668)
equality:41 (1136 bytes; live heap 266176476)
equality:42 (476 bytes; live heap 271712207)
equality:43 (1208 bytes; live heap 271744377)
equality:44 (4000 bytes; live heap 272261218)
equality:45 (1122 bytes; live heap 272289450)
equality:46 (14 bytes; live heap 273374223)
equality:47 (11175 bytes; live heap 273488423)
equality:48 (443 bytes; live heap 267264699)
equality:49 (754 bytes; live heap 273697804)
equality:50 (486 bytes; live heap 273700015)
equality:51 (914 bytes; live heap 273683000)
equality:52 (526 bytes; live heap 273814375)
equality:53 (197 bytes; live heap 273906271)
equality:54 (233 bytes; live heap 273925244)
equality:55 (909 bytes; live heap 273856671)
equality:56 (196 bytes; live heap 273771311)
equality:57 (561 bytes; live heap 273493951)
equality:58 (1175 bytes; live heap 273436533)
equality:59 (935 bytes; live heap 273421754)
equality:60 (1163 bytes; live heap 273777529)
equality:61 (474 bytes; live heap 268129376)
bitproof:4 (96 bytes; live heap 271292686)
bitproof:5 (120 bytes; live heap 271331739)
equality:62 (472 bytes; live heap 271324392)
bitproof:6 (10130 bytes; live heap 271360877)
bitproof:7 (96 bytes; live heap 271400986)
equality:63 (446 bytes; live heap 271390243)
equality:64 (10118 bytes; live heap 271777880)
equality:65 (1151 bytes; live heap 272337206)
bitproof:8 (143276 bytes; live heap 271854673)
equality:66 (1119 bytes; live heap 272150131)
equality:67 (473 bytes; live heap 266900360)
bitproof:9 (132 bytes; live heap 271925070)
equality:68 (1174 bytes; live heap 271931097)
equality:69 (221 bytes; live heap 266453606)
equality:70 (3 bytes; live heap 272086441)
equality:71 (10883 bytes; live heap 272131846)
bitproof:10 (1570 bytes; live heap 272222915)
bitproof:11 (74998 bytes; live heap 272645293)
bitproof:12 (1195365 bytes; live heap 278483159)
certificate:30 (92622 bytes; live heap 326277722)
certificate:31 (149126 bytes; live heap 293892402)
bitproof:13 (2629832 bytes; live heap 288353313)
certificate:32 (93462 bytes; live heap 288672787)
certificate:33 (98079 bytes; live heap 295074089)
certificate:34 (149126 bytes; live heap 298400473)
bitproof:14 (96 bytes; live heap 281867121)
bitproof:15 (1110 bytes; live heap 277915400)
certificate:35 (96453 bytes; live heap 279501733)
certificate:36 (102787 bytes; live heap 279783679)
certificate:37 (152881 bytes; live heap 280583495)
certificate:38 (148549 bytes; live heap 280571598)
eval:160 (363003 bytes; live heap 273951901)
row-model:0 (153307 bytes; live heap 280074557)
row-model:1 (153300 bytes; live heap 286408484)
row-model:2 (153238 bytes; live heap 290381071)
row-model:3 (153313 bytes; live heap 290728174)
row-model:4 (155047 bytes; live heap 290119863)
test regression_snapshot_schema_expansion_is_bounded ... ok
eval:161 (46 bytes; live heap 273777801)
eval:162 (20 bytes; live heap 267946323)
eval:163 (25 bytes; live heap 273352607)
eval:164 (2 bytes; live heap 273267299)
eval:165 (395 bytes; live heap 273108368)
eval:166 (12 bytes; live heap 272746416)
eval:167 (29 bytes; live heap 272615381)
eval:168 (20 bytes; live heap 272399473)
eval:169 (3 bytes; live heap 272021095)
eval:170 (200002 bytes; live heap 271952567)
eval:171 (55 bytes; live heap 271073936)
eval:172 (1 bytes; live heap 270969529)
eval:173 (11 bytes; live heap 270815614)
eval:174 (41 bytes; live heap 270752974)
eval:175 (13 bytes; live heap 270605989)
eval:176 (1 bytes; live heap 270539606)
eval:177 (21 bytes; live heap 270439819)
eval:178 (26 bytes; live heap 264729346)
eval:179 (4 bytes; live heap 264582453)
eval:180 (4 bytes; live heap 264436231)
eval:181 (36 bytes; live heap 264347181)
eval:182 (41 bytes; live heap 269823341)
eval:183 (1 bytes; live heap 269646921)
eval:184 (18 bytes; live heap 269550609)
eval:185 (7 bytes; live heap 269462918)
eval:186 (7 bytes; live heap 269340021)
eval:187 (311 bytes; live heap 263385788)
eval:188 (4 bytes; live heap 263278946)
eval:189 (25 bytes; live heap 268772587)
eval:190 (37 bytes; live heap 268448623)
eval:191 (27 bytes; live heap 268367952)
eval:192 (540 bytes; live heap 268305637)
eval:193 (17 bytes; live heap 268163246)
eval:194 (279 bytes; live heap 268048913)
eval:195 (25 bytes; live heap 267778490)
eval:196 (6 bytes; live heap 261963975)
eval:197 (4 bytes; live heap 267361980)
eval:198 (296 bytes; live heap 267261596)
eval:199 (25 bytes; live heap 267043734)
eval:200 (90 bytes; live heap 266661887)
eval:201 (34 bytes; live heap 266564684)
eval:202 (3 bytes; live heap 266510990)
eval:203 (23 bytes; live heap 266459872)
eval:204 (2 bytes; live heap 266348917)
eval:205 (6 bytes; live heap 260663507)
eval:206 (3 bytes; live heap 260580986)
eval:207 (10 bytes; live heap 266080553)
eval:208 (34 bytes; live heap 265997087)
eval:209 (16539 bytes; live heap 265704264)
eval:210 (404 bytes; live heap 265155627)
eval:211 (8 bytes; live heap 259422900)
eval:212 (29 bytes; live heap 259323815)
eval:213 (10 bytes; live heap 264853366)
eval:214 (23 bytes; live heap 264772179)
eval:215 (28 bytes; live heap 264707712)
eval:216 (30 bytes; live heap 264454887)
eval:217 (30 bytes; live heap 264025066)
eval:218 (31 bytes; live heap 263919294)
eval:219 (34 bytes; live heap 263809627)
eval:220 (921 bytes; live heap 257993955)
eval:221 (17 bytes; live heap 263279349)
eval:222 (19 bytes; live heap 263184487)
eval:223 (38 bytes; live heap 263028178)
eval:224 (7 bytes; live heap 262855450)
eval:225 (29 bytes; live heap 262767526)
eval:226 (4 bytes; live heap 262684520)
eval:227 (22 bytes; live heap 262629228)
eval:228 (6 bytes; live heap 262482088)
eval:229 (15 bytes; live heap 262351909)
eval:230 (13 bytes; live heap 256231263)
eval:231 (37 bytes; live heap 256145899)
eval:232 (18 bytes; live heap 261575976)
eval:233 (4011 bytes; live heap 260977981)
eval:234 (331 bytes; live heap 260554120)
eval:235 (28 bytes; live heap 254725578)
eval:236 (282 bytes; live heap 260037078)
eval:237 (23 bytes; live heap 259852575)
eval:238 (24 bytes; live heap 259733391)
eval:239 (36 bytes; live heap 259604424)
eval:240 (28 bytes; live heap 259397193)
eval:241 (49 bytes; live heap 253689332)
eval:242 (7 bytes; live heap 259024028)
eval:243 (286 bytes; live heap 258980291)
eval:244 (33 bytes; live heap 258954480)
eval:245 (62 bytes; live heap 258904350)
eval:246 (33 bytes; live heap 258773076)
eval:247 (11038 bytes; live heap 255858118)
eval:248 (10285 bytes; live heap 249014418)
eval:249 (19 bytes; live heap 254336379)
equality:72 (240456 bytes; live heap 236939970)
eval:250 (120038 bytes; live heap 235283876)
equality:73 (946 bytes; live heap 236046247)
equality:74 (527 bytes; live heap 236339238)
equality:75 (452 bytes; live heap 242177697)
bitproof:16 (780173 bytes; live heap 240773379)
equality:76 (920 bytes; live heap 240849625)
equality:77 (401 bytes; live heap 243786443)
equality:78 (465 bytes; live heap 241031441)
equality:79 (452 bytes; live heap 238390286)
eval:251 (4 bytes; live heap 234920065)
equality:80 (525 bytes; live heap 234914041)
eval:252 (23 bytes; live heap 235322392)
eval:253 (2 bytes; live heap 236702359)
eval:254 (26 bytes; live heap 236827703)
eval:255 (46 bytes; live heap 237365176)
eval:256 (45 bytes; live heap 235676473)
eval:257 (19 bytes; live heap 234539184)
eval:258 (56 bytes; live heap 234344057)
eval:259 (300004 bytes; live heap 234042203)
eval:260 (3 bytes; live heap 226824256)
eval:261 (33 bytes; live heap 231779068)
certificate:39 (205877 bytes; live heap 231740329)
eval:262 (30 bytes; live heap 231488331)
certificate:40 (154464 bytes; live heap 231364759)
eval:263 (4 bytes; live heap 231354700)
eval:264 (18 bytes; live heap 229769481)
bitproof:17 (1131 bytes; live heap 228310679)
equality:81 (32975 bytes; live heap 227985453)
equality:82 (242 bytes; live heap 228119680)
bitproof:18 (75308 bytes; live heap 227260330)
equality:83 (473 bytes; live heap 226998069)
eval:265 (26 bytes; live heap 226667866)
equality:84 (471 bytes; live heap 226212231)
eval:266 (7 bytes; live heap 226226492)
bitproof:19 (2123 bytes; live heap 226015897)
eval:267 (4 bytes; live heap 226722755)
bitproof:20 (132 bytes; live heap 226726036)
equality:85 (1118 bytes; live heap 226605881)
eval:268 (30 bytes; live heap 226577680)
bitproof:21 (1039 bytes; live heap 226473550)
eval:269 (41 bytes; live heap 226418049)
equality:86 (1175 bytes; live heap 228463168)
eval:270 (30 bytes; live heap 235140252)
equality:87 (4567 bytes; live heap 235149118)
eval:271 (29 bytes; live heap 250530010)
eval:272 (12 bytes; live heap 263011414)
equality:88 (2533 bytes; live heap 261917115)
eval:273 (24 bytes; live heap 267277562)
equality:89 (449 bytes; live heap 276667710)
eval:274 (4 bytes; live heap 284673770)
lockfile:43 (1702369 bytes; live heap 286165478)
equality:90 (447 bytes; live heap 288010942)
eval:275 (53 bytes; live heap 293257700)
equality:91 (221 bytes; live heap 297873800)
eval:276 (39 bytes; live heap 297889428)
eval:277 (19 bytes; live heap 300533861)
equality:92 (10079 bytes; live heap 300565609)
eval:278 (4 bytes; live heap 305503663)
equality:93 (1152 bytes; live heap 305493076)
eval:279 (2 bytes; live heap 305739426)
eval:280 (2 bytes; live heap 289992404)
equality:94 (11724 bytes; live heap 268592859)
eval:281 (12 bytes; live heap 265126411)
eval:282 (19 bytes; live heap 254294063)
bitproof:22 (11821526 bytes; live heap 251465655)
equality:95 (534 bytes; live heap 251488307)
equality:96 (1166 bytes; live heap 261120093)
eval:283 (75352 bytes; live heap 265397444)
equality:97 (237 bytes; live heap 265529512)
eval:284 (19 bytes; live heap 275236995)
equality:98 (285 bytes; live heap 282182411)
eval:285 (29 bytes; live heap 286711821)
equality:99 (3492 bytes; live heap 292388350)
eval:286 (19 bytes; live heap 295965301)
certificate:41 (98387 bytes; live heap 298518071)
eval:287 (41 bytes; live heap 298665251)
row-model:5 (152291 bytes; live heap 300024069)
eval:288 (22 bytes; live heap 296532494)
row-model:6 (155077 bytes; live heap 303127647)
row-model:7 (153974 bytes; live heap 296593562)
eval:289 (300004 bytes; live heap 290283190)
row-model:8 (153299 bytes; live heap 291790225)
certificate:42 (150691 bytes; live heap 275280391)
eval:290 (3 bytes; live heap 274901385)
bitproof:23 (3832 bytes; live heap 275317701)
eval:291 (15 bytes; live heap 275365448)
eval:292 (28 bytes; live heap 277034008)
eval:293 (7 bytes; live heap 271912714)
eval:294 (19 bytes; live heap 278541979)
eval:295 (27 bytes; live heap 278596204)
eval:296 (27 bytes; live heap 273136197)
eval:297 (20 bytes; live heap 278868711)
eval:298 (16 bytes; live heap 278900299)
eval:299 (24 bytes; live heap 278966703)
eval:300 (7 bytes; live heap 278985847)
eval:301 (4272 bytes; live heap 278953885)
eval:302 (23 bytes; live heap 278902847)
eval:303 (19 bytes; live heap 278877231)
eval:304 (60004 bytes; live heap 278588514)
eval:305 (12 bytes; live heap 272019397)
eval:306 (30 bytes; live heap 277624178)
eval:307 (1 bytes; live heap 277717131)
eval:308 (13 bytes; live heap 277778152)
eval:309 (2 bytes; live heap 277800662)
eval:310 (22 bytes; live heap 277817066)
eval:311 (45 bytes; live heap 277836037)
eval:312 (38 bytes; live heap 277827899)
eval:313 (2 bytes; live heap 277856842)
eval:314 (652 bytes; live heap 278129027)
eval:315 (34 bytes; live heap 278459152)
eval:316 (19 bytes; live heap 278542754)
eval:317 (20 bytes; live heap 278636796)
eval:318 (43 bytes; live heap 273225858)
eval:319 (7 bytes; live heap 278887731)
eval:320 (58 bytes; live heap 278960372)
eval:321 (34 bytes; live heap 279045871)
eval:322 (8 bytes; live heap 279107572)
eval:323 (107 bytes; live heap 279212006)
eval:324 (4 bytes; live heap 281406463)
eval:325 (238 bytes; live heap 276642705)
eval:326 (27 bytes; live heap 282451508)
eval:327 (11 bytes; live heap 282559882)
eval:328 (2 bytes; live heap 282635384)
eval:329 (19 bytes; live heap 282694709)
eval:330 (25 bytes; live heap 282788789)
eval:331 (26 bytes; live heap 283412231)
eval:332 (6 bytes; live heap 283351113)
eval:333 (13 bytes; live heap 283333483)
eval:334 (21 bytes; live heap 283834149)
eval:335 (4 bytes; live heap 283774273)
eval:336 (2 bytes; live heap 283692601)
eval:337 (4 bytes; live heap 283641575)
eval:338 (2 bytes; live heap 283596377)
eval:339 (6 bytes; live heap 283518973)
eval:340 (12 bytes; live heap 283423228)
eval:341 (8 bytes; live heap 283269774)
eval:342 (46 bytes; live heap 283188321)
eval:343 (10022 bytes; live heap 283080120)
eval:344 (33 bytes; live heap 282880150)
eval:345 (18 bytes; live heap 282709649)
eval:346 (33 bytes; live heap 282545658)
eval:347 (0 bytes; live heap 282371897)
eval:348 (7 bytes; live heap 276552732)
eval:349 (4 bytes; live heap 282088419)
eval:350 (85 bytes; live heap 281969835)
eval:351 (2308 bytes; live heap 275072920)
eval:352 (10045 bytes; live heap 280265194)
eval:353 (74 bytes; live heap 280186830)
eval:354 (5 bytes; live heap 278635730)
eval:355 (6 bytes; live heap 278543191)
eval:356 (27 bytes; live heap 278467479)
eval:357 (11 bytes; live heap 278414716)
eval:358 (7 bytes; live heap 278318896)
eval:359 (2 bytes; live heap 278266156)
eval:360 (18 bytes; live heap 278233983)
eval:361 (17 bytes; live heap 277822766)
eval:362 (37 bytes; live heap 277742054)
eval:363 (23 bytes; live heap 276181475)
eval:364 (27 bytes; live heap 276133413)
eval:365 (12292 bytes; live heap 276003370)
eval:366 (55 bytes; live heap 275491354)
eval:367 (71 bytes; live heap 275437055)
bitproof:24 (759992 bytes; live heap 275267169)
eval:368 (10076 bytes; live heap 275235591)
eval:369 (3 bytes; live heap 275029096)
eval:370 (6 bytes; live heap 274981108)
eval:371 (34 bytes; live heap 269353567)
eval:372 (2 bytes; live heap 274918640)
eval:373 (29 bytes; live heap 274897780)
eval:374 (45 bytes; live heap 274869891)
eval:375 (29 bytes; live heap 274864208)
eval:376 (2 bytes; live heap 274847609)
eval:377 (20 bytes; live heap 274743101)
eval:378 (3 bytes; live heap 274740335)
eval:379 (10 bytes; live heap 269107078)
eval:380 (15971 bytes; live heap 274637926)
eval:381 (33 bytes; live heap 274607489)
eval:382 (10004 bytes; live heap 269136300)
eval:383 (7 bytes; live heap 274729765)
eval:384 (46 bytes; live heap 274728865)
eval:385 (3001 bytes; live heap 274917847)
eval:386 (300009 bytes; live heap 269866656)
bitproof:25 (146 bytes; live heap 288379792)
bitproof:26 (96 bytes; live heap 293662627)
bitproof:27 (146 bytes; live heap 293523043)
equality:100 (203 bytes; live heap 281258625)
lockfile:44 (2927 bytes; live heap 271707387)
bitproof:28 (136722 bytes; live heap 271813349)
bitproof:29 (3108 bytes; live heap 269640385)
lockfile:45 (13196 bytes; live heap 269606763)
bitproof:30 (28829 bytes; live heap 269596783)
bitproof:31 (9331 bytes; live heap 269603783)
bitproof:32 (3125 bytes; live heap 269443285)
bitproof:33 (3128 bytes; live heap 263830398)
bitproof:34 (3125 bytes; live heap 263829085)
bitproof:35 (155 bytes; live heap 263699739)
bitproof:36 (394 bytes; live heap 263586159)
lockfile:46 (13093 bytes; live heap 263703643)
bitproof:37 (75446 bytes; live heap 263128307)
lockfile:47 (25547 bytes; live heap 269959274)
bitproof:38 (594334 bytes; live heap 263216732)
lockfile:48 (2375 bytes; live heap 263459801)
certificate:43 (97780 bytes; live heap 262702201)
certificate:44 (96430 bytes; live heap 262090527)
lockfile:49 (3909 bytes; live heap 262010945)
lockfile:50 (2966 bytes; live heap 261271258)
certificate:45 (102786 bytes; live heap 257463231)
lockfile:51 (11911 bytes; live heap 256507192)
lockfile:52 (24485 bytes; live heap 249057375)
bitproof:39 (230912 bytes; live heap 253702934)
lockfile:53 (25392 bytes; live heap 252299875)
bitproof:40 (1598 bytes; live heap 252057939)
bitproof:41 (3137 bytes; live heap 251903980)
bitproof:42 (121 bytes; live heap 251736314)
bitproof:43 (132 bytes; live heap 251611702)
lockfile:54 (5673 bytes; live heap 251503246)
bitproof:44 (7793 bytes; live heap 250675815)
bitproof:45 (142 bytes; live heap 250606716)
lockfile:55 (25307 bytes; live heap 251064919)
lockfile:56 (295033 bytes; live heap 277162916)
lockfile:57 (13132 bytes; live heap 255776457)
eval:387 (50 bytes; live heap 245370287)
eval:388 (10 bytes; live heap 251491166)
eval:389 (45 bytes; live heap 252193666)
eval:390 (163 bytes; live heap 246906127)
eval:391 (20 bytes; live heap 253055525)
lockfile:58 (2973 bytes; live heap 246953160)
eval:392 (388 bytes; live heap 247725224)
eval:393 (19 bytes; live heap 247914341)
eval:394 (19 bytes; live heap 254154885)
certificate:46 (155955 bytes; live heap 254299076)
eval:395 (269 bytes; live heap 254566505)
eval:396 (21 bytes; live heap 254749041)
eval:397 (21 bytes; live heap 254930733)
eval:398 (22 bytes; live heap 255634628)
eval:399 (2732 bytes; live heap 247926656)
eval:400 (4 bytes; live heap 255225853)
eval:401 (4 bytes; live heap 255177551)
lockfile:59 (25629 bytes; live heap 255351633)
certificate:47 (149130 bytes; live heap 255205159)
eval:402 (38 bytes; live heap 255960213)
eval:403 (11 bytes; live heap 258313538)
eval:404 (41 bytes; live heap 259026946)
eval:405 (36 bytes; live heap 259939117)
lockfile:60 (2926 bytes; live heap 262259934)
eval:406 (187 bytes; live heap 263142710)
eval:407 (10 bytes; live heap 265808230)
row-model:9 (153122 bytes; live heap 266197759)
eval:408 (17 bytes; live heap 266517681)
lockfile:61 (24553 bytes; live heap 267220071)
eval:409 (28 bytes; live heap 267126103)
lockfile:62 (2928 bytes; live heap 271454768)
equality:101 (700914 bytes; live heap 248711233)
lockfile:63 (5680 bytes; live heap 235583699)
test regression_eval_scope_is_not_copied_per_element ... ok
lockfile:64 (2801 bytes; live heap 236634382)
equality:102 (488 bytes; live heap 244257109)
lockfile:65 (12825 bytes; live heap 241947337)
equality:103 (461 bytes; live heap 239186476)
equality:104 (927 bytes; live heap 236308173)
lockfile:66 (25537 bytes; live heap 235864600)
lockfile:67 (5644 bytes; live heap 219498019)
lockfile:68 (5671 bytes; live heap 225071367)
lockfile:69 (2370 bytes; live heap 220334014)
lockfile:70 (2358 bytes; live heap 225309824)
lockfile:71 (2390 bytes; live heap 227837538)
lockfile:72 (25413 bytes; live heap 228292927)
lockfile:73 (2421 bytes; live heap 225310288)
lockfile:74 (25526 bytes; live heap 223165330)
certificate:48 (150854 bytes; live heap 222232521)
lockfile:75 (2338 bytes; live heap 215584657)
lockfile:76 (2926 bytes; live heap 208394021)
lockfile:77 (5671 bytes; live heap 206899130)
lockfile:78 (3002 bytes; live heap 209046292)
lockfile:79 (13090 bytes; live heap 199474859)
bitproof:46 (10813504 bytes; live heap 200226771)
lockfile:80 (2888 bytes; live heap 202501186)
lockfile:81 (2201 bytes; live heap 204228930)
lockfile:82 (25587 bytes; live heap 205620198)
lockfile:83 (5583 bytes; live heap 210703144)
lockfile:84 (2325 bytes; live heap 212798845)
lockfile:85 (5742 bytes; live heap 214510361)
lockfile:86 (2325 bytes; live heap 220974051)
lockfile:87 (25389 bytes; live heap 224378158)
lockfile:88 (2960 bytes; live heap 226901009)
lockfile:89 (202381 bytes; live heap 231573418)
row-model:10 (153370 bytes; live heap 225877057)
row-model:11 (153560 bytes; live heap 232477428)
lockfile:90 (5673 bytes; live heap 232469526)
lockfile:91 (26528 bytes; live heap 233187476)
lockfile:92 (25536 bytes; live heap 230373391)
certificate:49 (97909 bytes; live heap 235829934)
lockfile:93 (12872 bytes; live heap 235284859)
lockfile:94 (2895 bytes; live heap 234492136)
eval:410 (380020 bytes; live heap 234102382)
lockfile:95 (2869 bytes; live heap 234143094)
lockfile:96 (2931 bytes; live heap 238534581)
lockfile:97 (25528 bytes; live heap 234356511)
lockfile:98 (25606 bytes; live heap 229459603)
eval:411 (29 bytes; live heap 226805489)
eval:412 (668 bytes; live heap 225953336)
eval:413 (23 bytes; live heap 222376071)
eval:414 (32 bytes; live heap 222319421)
core:32 (2201868 bytes; live heap 212890281)
eval:415 (1 bytes; live heap 218276563)
lockfile:99 (2893 bytes; live heap 218258530)
eval:416 (28 bytes; live heap 216140180)
eval:417 (284 bytes; live heap 216158795)
eval:418 (2 bytes; live heap 217311664)
lockfile:100 (2357 bytes; live heap 216209594)
eval:419 (519 bytes; live heap 209562660)
eval:420 (39 bytes; live heap 215202666)
eval:421 (100 bytes; live heap 200023098)
lockfile:101 (13157 bytes; live heap 199550454)
eval:422 (2 bytes; live heap 199516301)
bitproof:47 (75000 bytes; live heap 199479171)
eval:423 (32 bytes; live heap 194357662)
eval:424 (26 bytes; live heap 200690790)
eval:425 (16 bytes; live heap 201075425)
eval:426 (6 bytes; live heap 201292613)
eval:427 (7 bytes; live heap 202222242)
core:33 (534 bytes; live heap 198109818)
eval:428 (2 bytes; live heap 199062427)
lockfile:102 (5727 bytes; live heap 200240057)
eval:429 (4 bytes; live heap 200442642)
core:34 (1446 bytes; live heap 201681730)
eval:430 (28 bytes; live heap 201903367)
eval:431 (26 bytes; live heap 205991238)
lockfile:103 (2379 bytes; live heap 206209173)
core:35 (1894 bytes; live heap 206470879)
lockfile:104 (13409 bytes; live heap 208484689)
lockfile:105 (2928 bytes; live heap 211381652)
eval:432 (60004 bytes; live heap 210731778)
eval:433 (5 bytes; live heap 212298731)
eval:434 (20 bytes; live heap 212566458)
lockfile:106 (25559 bytes; live heap 206942506)
eval:435 (8 bytes; live heap 208484803)
eval:436 (22 bytes; live heap 216498701)
eval:437 (10 bytes; live heap 217315963)
eval:438 (31 bytes; live heap 216791098)
core:36 (182244 bytes; live heap 215702215)
eval:439 (17 bytes; live heap 215668706)
core:37 (1408 bytes; live heap 209725274)
eval:440 (5 bytes; live heap 215748778)
eval:441 (10 bytes; live heap 215479765)
lockfile:107 (5584 bytes; live heap 215623138)
core:38 (5232 bytes; live heap 215706636)
eval:442 (9 bytes; live heap 215554054)
eval:443 (9 bytes; live heap 214257228)
lockfile:108 (5679 bytes; live heap 213589899)
eval:444 (7 bytes; live heap 213538155)
core:39 (2558 bytes; live heap 213159762)
eval:445 (387 bytes; live heap 212996790)
eval:446 (5 bytes; live heap 212877202)
lockfile:109 (25544 bytes; live heap 212594416)
eval:447 (21 bytes; live heap 206768469)
core:40 (2836 bytes; live heap 206711860)
eval:448 (28 bytes; live heap 212705242)
core:41 (552 bytes; live heap 212797975)
eval:449 (13 bytes; live heap 212883443)
lockfile:110 (2837 bytes; live heap 224936029)
lockfile:111 (13030 bytes; live heap 220186473)
eval:450 (60004 bytes; live heap 228888492)
lockfile:112 (25448 bytes; live heap 228867351)
eval:451 (24 bytes; live heap 226437602)
lockfile:113 (2910 bytes; live heap 226169750)
row-model:12 (155048 bytes; live heap 226963354)
eval:452 (10000 bytes; live heap 232558502)
eval:453 (30 bytes; live heap 232410071)
eval:454 (40 bytes; live heap 232493066)
eval:455 (20 bytes; live heap 231306233)
lockfile:114 (5649 bytes; live heap 230534881)
eval:456 (2 bytes; live heap 229937468)
eval:457 (4 bytes; live heap 224089697)
eval:458 (13 bytes; live heap 224000084)
eval:459 (40 bytes; live heap 223855890)
eval:460 (3 bytes; live heap 229064909)
eval:461 (22 bytes; live heap 228761012)
eval:462 (200028 bytes; live heap 228479598)
lockfile:115 (2964 bytes; live heap 228353432)
eval:463 (8023 bytes; live heap 227663933)
lockfile:116 (2942 bytes; live heap 227408564)
eval:464 (19 bytes; live heap 226075715)
eval:465 (264 bytes; live heap 225776196)
eval:466 (40 bytes; live heap 225591688)
eval:467 (65 bytes; live heap 226239290)
eval:468 (35 bytes; live heap 219153085)
lockfile:117 (2926 bytes; live heap 225379946)
eval:469 (390 bytes; live heap 225846727)
eval:470 (1 bytes; live heap 219685425)
lockfile:118 (2936 bytes; live heap 225080213)
eval:471 (20 bytes; live heap 219435931)
core:42 (147366 bytes; live heap 224509119)
eval:472 (7 bytes; live heap 224336968)
lockfile:119 (13030 bytes; live heap 224085877)
eval:473 (18 bytes; live heap 223683632)
bitproof:48 (740169 bytes; live heap 221633510)
core:43 (2263 bytes; live heap 215983546)
lockfile:120 (5660 bytes; live heap 221387528)
eval:474 (26 bytes; live heap 216166206)
core:44 (1442 bytes; live heap 222019588)
lockfile:121 (2362 bytes; live heap 216440508)
eval:475 (33 bytes; live heap 221969699)
eval:476 (31 bytes; live heap 222050710)
eval:477 (5 bytes; live heap 223057441)
lockfile:122 (2756 bytes; live heap 223057119)
core:45 (4005 bytes; live heap 220545568)
lockfile:123 (13113 bytes; live heap 226336517)
lockfile:124 (5664 bytes; live heap 227729581)
lockfile:125 (36271 bytes; live heap 244143875)
bitproof:49 (1195292 bytes; live heap 238918902)
lockfile:126 (13337 bytes; live heap 239729702)
bitproof:50 (74998 bytes; live heap 238200501)
bitproof:51 (256680 bytes; live heap 236710084)
core:46 (1476 bytes; live heap 237196691)
bitproof:52 (75005 bytes; live heap 244501406)
bitproof:53 (212855 bytes; live heap 245740189)
bitproof:54 (164 bytes; live heap 245581550)
bitproof:55 (3090 bytes; live heap 245704615)
core:47 (13453 bytes; live heap 255987460)
bitproof:56 (594333 bytes; live heap 253499297)
core:48 (4130 bytes; live heap 252501465)
core:49 (7061 bytes; live heap 252380011)
core:50 (1921 bytes; live heap 251741540)
core:51 (1969 bytes; live heap 246680422)
bitproof:57 (8827 bytes; live heap 246545405)
core:52 (397 bytes; live heap 246619436)
bitproof:58 (96 bytes; live heap 246573853)
core:53 (1206 bytes; live heap 240936026)
core:54 (160 bytes; live heap 247797359)
core:55 (5242 bytes; live heap 247938670)
core:56 (2084 bytes; live heap 249446651)
bitproof:59 (594492 bytes; live heap 238150959)
core:57 (4014 bytes; live heap 238146050)
core:58 (1856 bytes; live heap 243993832)
core:59 (1468 bytes; live heap 244407525)
certificate:50 (439030 bytes; live heap 237806221)
core:60 (2651 bytes; live heap 245002973)
core:61 (1929 bytes; live heap 242414415)
bitproof:60 (78159 bytes; live heap 242396253)
core:62 (2445 bytes; live heap 236386857)
bitproof:61 (12683 bytes; live heap 241063800)
core:63 (2535 bytes; live heap 246729079)
certificate:51 (148983 bytes; live heap 250519738)
core:64 (4038 bytes; live heap 254253037)
lockfile:127 (1392409 bytes; live heap 250104002)
bitproof:62 (998984 bytes; live heap 240985376)
core:65 (1166 bytes; live heap 236048424)
core:66 (1206 bytes; live heap 243432047)
bitproof:63 (8838 bytes; live heap 236725635)
lockfile:128 (25529 bytes; live heap 236686899)
core:67 (4032 bytes; live heap 236663150)
core:68 (1608 bytes; live heap 237617453)
lockfile:129 (26763 bytes; live heap 236930912)
core:69 (1876 bytes; live heap 217737109)
test regression_eval_list_copies_cost_fuel ... ok
lockfile:130 (9746 bytes; live heap 217130399)
lockfile:131 (5657 bytes; live heap 216237939)
core:70 (1792 bytes; live heap 214351687)
bitproof:64 (759964 bytes; live heap 212864382)
lockfile:132 (126245 bytes; live heap 213172850)
row-model:13 (153298 bytes; live heap 213348498)
core:71 (1942 bytes; live heap 213479201)
lockfile:133 (4033 bytes; live heap 214043847)
core:72 (2590 bytes; live heap 214214587)
lockfile:134 (2373 bytes; live heap 214351099)
lockfile:135 (12418 bytes; live heap 214877610)
core:73 (6866 bytes; live heap 217300114)
lockfile:136 (30821 bytes; live heap 219936087)
core:74 (7231 bytes; live heap 220853817)
core:75 (1485 bytes; live heap 220980960)
core:76 (2276 bytes; live heap 223152734)
lockfile:137 (5531 bytes; live heap 223561156)
core:77 (1402 bytes; live heap 223453061)
bitproof:65 (758579 bytes; live heap 220048370)
core:78 (4015 bytes; live heap 220085158)
core:79 (2928 bytes; live heap 220238636)
core:80 (147 bytes; live heap 220353320)
core:81 (381 bytes; live heap 221581691)
core:82 (1693 bytes; live heap 221608974)
core:83 (581 bytes; live heap 221591494)
test regression_logic_substitution_copies_are_charged ... ok
bitproof:66 (1135 bytes; live heap 218803913)
core:84 (2625 bytes; live heap 218982163)
bitproof:67 (74997 bytes; live heap 218957631)
eval:478 (1800019 bytes; live heap 216320309)
certificate:52 (478 bytes; live heap 218971364)
bitproof:68 (144475 bytes; live heap 218463215)
certificate:53 (98498 bytes; live heap 220846977)
bitproof:69 (162198 bytes; live heap 220597326)
certificate:54 (10509 bytes; live heap 221954375)
bitproof:70 (4040 bytes; live heap 221618473)
core:85 (39721 bytes; live heap 222879233)
bitproof:71 (169 bytes; live heap 224901149)
certificate:55 (148607 bytes; live heap 222878117)
bitproof:72 (143 bytes; live heap 225250285)
core:86 (1207 bytes; live heap 225620482)
core:87 (5246 bytes; live heap 243935672)
bitproof:73 (1542563 bytes; live heap 231980043)
bitproof:74 (135514 bytes; live heap 237819460)
bitproof:75 (142 bytes; live heap 238675928)
bitproof:76 (26169 bytes; live heap 238458707)
core:88 (4055 bytes; live heap 238860746)
core:89 (387 bytes; live heap 239418910)
core:90 (4148 bytes; live heap 238924127)
core:91 (529 bytes; live heap 239537142)
core:92 (1903 bytes; live heap 239086342)
core:93 (3442 bytes; live heap 236442477)
bitproof:77 (594430 bytes; live heap 236106128)
core:94 (1202 bytes; live heap 235653116)
certificate:56 (140472 bytes; live heap 236973331)
eval:479 (70 bytes; live heap 236633581)
certificate:57 (149008 bytes; live heap 236561593)
eval:480 (72 bytes; live heap 236559649)
bitproof:78 (594355 bytes; live heap 236521349)
eval:481 (109 bytes; live heap 237571572)
eval:482 (3 bytes; live heap 238031763)
eval:483 (40 bytes; live heap 239911695)
eval:484 (2 bytes; live heap 239965090)
eval:485 (3001 bytes; live heap 242218938)
eval:486 (38 bytes; live heap 245779553)
eval:487 (200036 bytes; live heap 246637544)
eval:488 (388 bytes; live heap 249628909)
eval:489 (25 bytes; live heap 250013952)
eval:490 (32 bytes; live heap 251833638)
eval:491 (28 bytes; live heap 252315458)
eval:492 (27 bytes; live heap 252674543)
eval:493 (1565 bytes; live heap 253813262)
bitproof:79 (277112 bytes; live heap 252929150)
eval:494 (24 bytes; live heap 252996709)
eval:495 (7112 bytes; live heap 253550085)
eval:496 (25 bytes; live heap 255494560)
eval:497 (164 bytes; live heap 255844855)
eval:498 (40 bytes; live heap 256086897)
eval:499 (0 bytes; live heap 256422101)
eval:500 (24 bytes; live heap 256615330)
eval:501 (22 bytes; live heap 256817198)
eval:502 (1 bytes; live heap 256932894)
eval:503 (30 bytes; live heap 256933549)
eval:504 (15 bytes; live heap 256839112)
eval:505 (6 bytes; live heap 256728813)
bitproof:80 (135 bytes; live heap 255760208)
eval:506 (47 bytes; live heap 255766413)
eval:507 (7 bytes; live heap 255840315)
eval:508 (30 bytes; live heap 255919669)
eval:509 (2 bytes; live heap 255992305)
eval:510 (4 bytes; live heap 256092184)
eval:511 (2 bytes; live heap 256084956)
bitproof:81 (8825 bytes; live heap 256108575)
eval:512 (29 bytes; live heap 256123367)
eval:513 (50 bytes; live heap 256188311)
eval:514 (23 bytes; live heap 256314364)
eval:515 (13 bytes; live heap 256924206)
bitproof:82 (96 bytes; live heap 256909408)
eval:516 (4 bytes; live heap 256939697)
bitproof:83 (8846 bytes; live heap 257538223)
bitproof:84 (143280 bytes; live heap 260927381)
bitproof:85 (8826 bytes; live heap 262120849)
bitproof:86 (680 bytes; live heap 262288508)
bitproof:87 (96 bytes; live heap 262374100)
bitproof:88 (144 bytes; live heap 262415697)
eval:517 (24580 bytes; live heap 267559757)
eval:518 (17 bytes; live heap 267708898)
eval:519 (20 bytes; live heap 267816515)
eval:520 (1 bytes; live heap 267905218)
row-model:14 (153309 bytes; live heap 284780719)
row-model:15 (153237 bytes; live heap 285094598)
row-model:16 (181094 bytes; live heap 292694621)
row-model:17 (153830 bytes; live heap 298053327)
row-model:18 (155037 bytes; live heap 299068044)
row-model:19 (153299 bytes; live heap 303675202)
bitproof:89 (45555 bytes; live heap 303311775)
bitproof:90 (75447 bytes; live heap 310082708)
bitproof:91 (19090 bytes; live heap 316914794)
certificate:58 (102780 bytes; live heap 333871053)
eval:521 (100111 bytes; live heap 335095984)
eval:522 (22 bytes; live heap 336184044)
eval:523 (25 bytes; live heap 337565894)
eval:524 (16 bytes; live heap 337937647)
eval:525 (0 bytes; live heap 338193045)
eval:526 (28 bytes; live heap 338720739)
eval:527 (17 bytes; live heap 340129932)
eval:528 (46 bytes; live heap 340889106)
eval:529 (45 bytes; live heap 341533019)
eval:530 (22 bytes; live heap 343739993)
eval:531 (41 bytes; live heap 343961782)
eval:532 (35 bytes; live heap 344234319)
eval:533 (25 bytes; live heap 344436516)
eval:534 (264 bytes; live heap 347001530)
eval:535 (87 bytes; live heap 347227800)
eval:536 (4 bytes; live heap 347548790)
eval:537 (33 bytes; live heap 347740540)
eval:538 (61 bytes; live heap 349138450)
eval:539 (15 bytes; live heap 349579069)
eval:540 (20 bytes; live heap 349861343)
eval:541 (4 bytes; live heap 350085480)
eval:542 (2 bytes; live heap 350350242)
eval:543 (10 bytes; live heap 350525968)
eval:544 (5025 bytes; live heap 352561864)
eval:545 (3 bytes; live heap 353826753)
eval:546 (50 bytes; live heap 354271359)
eval:547 (13 bytes; live heap 354364713)
eval:548 (0 bytes; live heap 354530057)
eval:549 (23 bytes; live heap 354777105)
eval:550 (16 bytes; live heap 355110417)
eval:551 (10067 bytes; live heap 355411481)
eval:552 (2 bytes; live heap 355882941)
eval:553 (24 bytes; live heap 356022287)
eval:554 (69 bytes; live heap 357455856)
certificate:59 (97847 bytes; live heap 360484446)
eval:555 (3 bytes; live heap 360845329)
certificate:60 (104259 bytes; live heap 360937633)
eval:556 (32 bytes; live heap 362024718)
eval:557 (60004 bytes; live heap 366805148)
eval:558 (5 bytes; live heap 367390209)
eval:559 (50 bytes; live heap 368206458)
bitproof:92 (45435 bytes; live heap 371856483)
eval:560 (44 bytes; live heap 378340402)
eval:561 (5 bytes; live heap 380854308)
eval:562 (28 bytes; live heap 383723070)
eval:563 (221 bytes; live heap 390202087)
eval:564 (26 bytes; live heap 394563290)
eval:565 (200055 bytes; live heap 399708604)
eval:566 (108 bytes; live heap 399827892)
eval:567 (27 bytes; live heap 399887716)
eval:568 (338 bytes; live heap 399996247)
eval:569 (22 bytes; live heap 401038599)
eval:570 (0 bytes; live heap 401156971)
eval:571 (5 bytes; live heap 401243925)
eval:572 (30 bytes; live heap 401281806)
eval:573 (36 bytes; live heap 401359070)
eval:574 (0 bytes; live heap 401433072)
eval:575 (200012 bytes; live heap 401507255)
eval:576 (2124 bytes; live heap 401552866)
eval:577 (46 bytes; live heap 401700569)
eval:578 (20 bytes; live heap 401765318)
bitproof:93 (759450 bytes; live heap 402887774)
eval:579 (5 bytes; live heap 408509654)
eval:580 (10339 bytes; live heap 408752885)
eval:581 (10007 bytes; live heap 409056036)
eval:582 (49 bytes; live heap 409365956)
eval:583 (26 bytes; live heap 409515836)
eval:584 (46 bytes; live heap 410150000)
eval:585 (5 bytes; live heap 410462278)
eval:586 (13 bytes; live heap 410828894)
eval:587 (151833 bytes; live heap 415254005)
logic:seed0 (501 bytes)
logic:seed1 (690 bytes)
eval:588 (22 bytes; live heap 418260394)
eval:589 (262 bytes; live heap 418420974)
logic:seed2 (424 bytes)
eval:590 (12 bytes; live heap 418531067)
logic:seed3 (2370 bytes)
eval:591 (2 bytes; live heap 418678345)
eval:592 (2 bytes; live heap 419565738)
logic:seed4 (8555 bytes)
eval:593 (9 bytes; live heap 419314672)
certificate:61 (214073 bytes; live heap 422582138)
certificate:62 (98484 bytes; live heap 421572290)
logic:seed5 (2385 bytes)
bitproof:94 (74086 bytes; live heap 419273697)
logic:seed6 (1305 bytes)
logic:seed7 (19946 bytes)
logic:seed8 (964 bytes)
logic:seed9 (4068 bytes)
logic:seed10 (4296 bytes)
bitproof:95 (759455 bytes; live heap 413821213)
logic:seed11 (2305 bytes)
logic:seed12 (2500 bytes)
logic:seed13 (1102 bytes)
logic:seed14 (1376 bytes)
logic:seed15 (2258 bytes)
logic:seed16 (1128 bytes)
logic:seed17 (1947 bytes)
logic:seed18 (2014 bytes)
logic:seed19 (3160 bytes)
logic:seed20 (2405 bytes)
logic:seed21 (219 bytes)
logic:seed22 (1467 bytes)
logic:seed23 (1625 bytes)
logic:seed24 (891 bytes)
logic:seed25 (1250 bytes)
bitproof:96 (1012460 bytes; live heap 412532972)
logic:seed26 (1735 bytes)
logic:seed27 (890 bytes)
certificate:63 (149141 bytes; live heap 407341369)
logic:seed28 (331 bytes)
logic:seed29 (2604 bytes)
logic:seed30 (2220 bytes)
bitproof:97 (224580 bytes; live heap 403589930)
certificate:64 (98481 bytes; live heap 403228250)
logic:seed31 (2494 bytes)
bitproof:98 (12311 bytes; live heap 402016957)
logic:seed32 (422 bytes)
logic:seed33 (2253 bytes)
certificate:65 (1102 bytes; live heap 401953226)
bitproof:99 (3832 bytes; live heap 401781303)
certificate:66 (91871 bytes; live heap 401492841)
bitproof:100 (3090 bytes; live heap 400900559)
certificate:67 (93461 bytes; live heap 399158700)
logic:seed34 (3637 bytes)
bitproof:101 (136709 bytes; live heap 397858577)
row-model:20 (155065 bytes; live heap 396151874)
logic:seed35 (2013 bytes)
row-model:21 (155047 bytes; live heap 395773343)
logic:seed36 (3927 bytes)
bitproof:102 (136525 bytes; live heap 396135515)
logic:seed37 (1803 bytes)
bitproof:103 (130 bytes; live heap 397116091)
logic:seed38 (3734 bytes)
bitproof:104 (133 bytes; live heap 396255189)
logic:seed39 (1727 bytes)
logic:seed40 (615 bytes)
logic:seed41 (1382 bytes)
logic:seed42 (19644 bytes)
eval:594 (300015 bytes; live heap 391032070)
logic:seed43 (260 bytes)
logic:seed44 (1237 bytes)
logic:seed45 (2511 bytes)
logic:seed46 (8354 bytes)
bitproof:105 (759652 bytes; live heap 410117342)
logic:seed47 (2513 bytes)
logic:seed48 (1764 bytes)
logic:seed49 (6003 bytes)
certificate:68 (148520 bytes; live heap 410740384)
certificate:69 (98484 bytes; live heap 409302533)
logic:seed50 (1058 bytes)
logic:seed51 (4345 bytes)
bitproof:106 (759461 bytes; live heap 406227319)
logic:seed52 (597 bytes)
logic:seed53 (989 bytes)
logic:seed54 (1706 bytes)
logic:seed55 (1552 bytes)
logic:seed56 (4106 bytes)
logic:seed57 (1810 bytes)
logic:seed58 (75448 bytes)
bitproof:107 (285108 bytes; live heap 404379520)
logic:seed59 (5134 bytes)
bitproof:108 (95015 bytes; live heap 406392727)
logic:seed60 (2310 bytes)
logic:seed61 (1451 bytes)
logic:seed62 (625 bytes)
logic:seed63 (4744 bytes)
logic:seed64 (419 bytes)
logic:seed65 (2011 bytes)
logic:seed66 (1703 bytes)
logic:seed67 (1435 bytes)
logic:seed68 (3905 bytes)
logic:seed69 (8708 bytes)
logic:seed70 (11328 bytes)
logic:seed71 (944 bytes)
logic:seed72 (3332 bytes)
logic:seed73 (7053 bytes)
certificate:70 (148546 bytes; live heap 445170303)
logic:seed74 (3861 bytes)
logic:seed75 (10078 bytes)
logic:seed76 (5079 bytes)
logic:seed77 (4497 bytes)
logic:seed78 (315 bytes)
logic:seed79 (5881 bytes)
lockfile:138 (2418494 bytes; live heap 451405517)
logic:seed80 (2325 bytes)
logic:seed81 (2804 bytes)
logic:seed82 (1973 bytes)
logic:seed83 (2964 bytes)
logic:seed84 (10279 bytes)
logic:seed85 (356 bytes)
logic:seed86 (613 bytes)
logic:seed87 (191 bytes)
logic:seed88 (5534 bytes)
certificate:71 (97876 bytes; live heap 420355028)
logic:seed89 (1904 bytes)
certificate:72 (148550 bytes; live heap 417232898)
logic:seed90 (2046 bytes)
certificate:73 (293469 bytes; live heap 413435877)
logic:seed91 (18549 bytes)
logic:seed92 (2469 bytes)
logic:seed93 (6249 bytes)
logic:seed94 (2702 bytes)
row-model:22 (153299 bytes; live heap 389440729)
logic:seed95 (420 bytes)
logic:seed96 (5534 bytes)
lockfile:139 (13137 bytes; live heap 376916214)
logic:seed97 (242 bytes)
lockfile:140 (25561 bytes; live heap 374488471)
logic:seed98 (2148 bytes)
logic:seed99 (1080 bytes)
bitproof:109 (8396362 bytes; live heap 372746186)
lockfile:141 (2952 bytes; live heap 374172362)
lockfile:142 (2756 bytes; live heap 375392859)
logic:seed100 (1895 bytes)
logic:seed101 (137158 bytes)
lockfile:143 (5672 bytes; live heap 377296345)
logic:seed102 (3500 bytes)
lockfile:144 (13030 bytes; live heap 381871577)
logic:seed103 (2526 bytes)
logic:seed104 (891 bytes)
logic:seed105 (7302 bytes)
lockfile:145 (2933 bytes; live heap 385801660)
logic:seed106 (4812 bytes)
certificate:74 (148549 bytes; live heap 385980201)
lockfile:146 (2394 bytes; live heap 385720077)
logic:seed107 (2059 bytes)
lockfile:147 (2369 bytes; live heap 384875250)
logic:seed108 (449 bytes)
logic:seed109 (2459 bytes)
lockfile:148 (2372 bytes; live heap 384613574)
logic:seed110 (1783 bytes)
logic:seed111 (2204 bytes)
lockfile:149 (2852 bytes; live heap 384313799)
logic:seed112 (2209 bytes)
logic:seed113 (1454 bytes)
lockfile:150 (13030 bytes; live heap 384199340)
logic:seed114 (777 bytes)
logic:seed115 (4669 bytes)
logic:seed116 (1371 bytes)
logic:seed117 (4040 bytes)
equality:105 (840213 bytes; live heap 392190493)
logic:seed118 (2223 bytes)
logic:seed119 (888 bytes)
logic:seed120 (2395 bytes)
logic:seed121 (1062 bytes)
logic:seed122 (1474 bytes)
logic:seed123 (749 bytes)
logic:seed124 (2629 bytes)
logic:seed125 (1067 bytes)
logic:seed126 (2261 bytes)
lockfile:151 (306625 bytes; live heap 395967607)
logic:seed127 (1946 bytes)
logic:seed128 (520 bytes)
lockfile:152 (25381 bytes; live heap 398409352)
logic:seed129 (1322 bytes)
logic:seed130 (2561 bytes)
logic:seed131 (2358 bytes)
logic:seed132 (354 bytes)
logic:seed133 (1488 bytes)
lockfile:153 (25517 bytes; live heap 409445878)
logic:seed134 (2352 bytes)
logic:seed135 (2608 bytes)
lockfile:154 (2514 bytes; live heap 411693486)
logic:seed136 (1304 bytes)
logic:seed137 (539 bytes)
logic:seed138 (2459 bytes)
lockfile:155 (2371 bytes; live heap 415634865)
logic:seed139 (1661 bytes)
lockfile:156 (13097 bytes; live heap 416847136)
certificate:75 (155954 bytes; live heap 417807688)
logic:seed140 (692 bytes)
certificate:76 (104273 bytes; live heap 414387709)
lockfile:157 (35502 bytes; live heap 414452483)
logic:seed141 (133309 bytes)
lockfile:158 (2904 bytes; live heap 389954602)
bitproof:110 (1592 bytes; live heap 389958433)
lockfile:159 (6097 bytes; live heap 400941415)
bitproof:111 (1195328 bytes; live heap 390244017)
bitproof:112 (169 bytes; live heap 387121062)
bitproof:113 (134 bytes; live heap 386966736)
bitproof:114 (1109 bytes; live heap 386878635)
bitproof:115 (135 bytes; live heap 386748866)
bitproof:116 (8832 bytes; live heap 386579076)
lockfile:160 (5660 bytes; live heap 386690381)
row-model:23 (153299 bytes; live heap 389430489)
certificate:77 (148560 bytes; live heap 391049020)
certificate:78 (93470 bytes; live heap 390743220)
certificate:79 (148553 bytes; live heap 390937576)
certificate:80 (155947 bytes; live heap 392239394)
certificate:81 (302786 bytes; live heap 393408357)
equality:106 (163 bytes; live heap 397804179)
equality:107 (209 bytes; live heap 399181725)
equality:108 (698 bytes; live heap 406306150)
equality:109 (906 bytes; live heap 407734905)
equality:110 (217 bytes; live heap 408894323)
equality:111 (456 bytes; live heap 408878544)
equality:112 (475 bytes; live heap 409116947)
equality:113 (11 bytes; live heap 409226067)
equality:114 (529 bytes; live heap 409327346)
equality:115 (70 bytes; live heap 409405521)
certificate:82 (98106 bytes; live heap 426642398)
certificate:83 (98744 bytes; live heap 428110985)
certificate:84 (103307 bytes; live heap 467506673)
logic:seed142 (351 bytes)
logic:seed143 (2385 bytes)
logic:seed144 (223 bytes)
logic:seed145 (4152 bytes)
logic:seed146 (1086 bytes)
logic:seed147 (623 bytes)
logic:seed148 (3680 bytes)
row-model:24 (219629 bytes; live heap 482439742)
logic:seed149 (2827 bytes)
logic:seed150 (2516 bytes)
certificate:85 (93103 bytes; live heap 482805295)
logic:seed151 (4246 bytes)
logic:seed152 (2270 bytes)
logic:seed153 (809 bytes)
logic:seed154 (1978 bytes)
logic:seed155 (2293 bytes)
logic:seed156 (801 bytes)
logic:seed157 (4343 bytes)
logic:seed158 (969 bytes)
logic:seed159 (748 bytes)
logic:seed160 (1001 bytes)
logic:seed161 (2067 bytes)
logic:seed162 (2233 bytes)
logic:seed163 (1543 bytes)
logic:seed164 (354 bytes)
logic:seed165 (2258 bytes)
logic:seed166 (2211 bytes)
logic:seed167 (3499 bytes)
logic:seed168 (2019 bytes)
logic:seed169 (1312 bytes)
logic:seed170 (6188 bytes)
logic:seed171 (152005 bytes)
certificate:86 (493 bytes; live heap 480456013)
logic:seed172 (1474 bytes)
logic:seed173 (541 bytes)
logic:seed174 (391390 bytes)
logic:seed175 (1777 bytes)
logic:seed176 (355 bytes)
logic:seed177 (5447 bytes)
logic:seed178 (2892 bytes)
logic:seed179 (1919 bytes)
logic:seed180 (2003 bytes)
logic:seed181 (8354 bytes)
logic:seed182 (2586 bytes)
logic:seed183 (7101 bytes)
logic:seed184 (7588 bytes)
logic:seed185 (890 bytes)
logic:seed186 (8086 bytes)
logic:seed187 (8555 bytes)
row-model:25 (155047 bytes; live heap 491047181)
logic:seed188 (627309 bytes)
certificate:87 (268553 bytes; live heap 478332629)
certificate:88 (485 bytes; live heap 472190964)
lockfile:161 (702995 bytes; live heap 472486699)
certificate:89 (93477 bytes; live heap 472042333)
certificate:90 (154467 bytes; live heap 471141252)
logic:seed189 (417 bytes)
logic:seed190 (2253 bytes)
logic:seed191 (8610 bytes)
lockfile:162 (5673 bytes; live heap 459417230)
logic:seed192 (889 bytes)
logic:seed193 (3302 bytes)
logic:seed194 (3361 bytes)
lockfile:163 (13034 bytes; live heap 453469451)
logic:seed195 (3275 bytes)
lockfile:164 (12178 bytes; live heap 450590502)
logic:seed196 (6149 bytes)
lockfile:165 (13152 bytes; live heap 446353256)
lockfile:166 (5785 bytes; live heap 440611881)
logic:seed197 (2878 bytes)
logic:seed198 (2185 bytes)
lockfile:167 (2937 bytes; live heap 438880709)
logic:seed199 (19443 bytes)
lockfile:168 (5671 bytes; live heap 435996225)
lockfile:169 (5686 bytes; live heap 432276973)
logic:seed200 (3726 bytes)
bitproof:117 (5326091 bytes; live heap 428728827)
bitproof:118 (1113 bytes; live heap 419343532)
lockfile:170 (12115 bytes; live heap 419265456)
logic:seed201 (4343 bytes)
lockfile:171 (2196 bytes; live heap 420475018)
logic:seed202 (8299 bytes)
lockfile:172 (2603 bytes; live heap 420960197)
logic:seed203 (18158 bytes)
bitproof:119 (1513455 bytes; live heap 409928237)
lockfile:173 (2759 bytes; live heap 406967829)
logic:seed204 (551 bytes)
lockfile:174 (5668 bytes; live heap 402642949)
logic:seed205 (5225 bytes)
lockfile:175 (25529 bytes; live heap 399672038)
logic:seed206 (6003 bytes)
lockfile:176 (12650 bytes; live heap 397378142)
lockfile:177 (5568 bytes; live heap 396758752)
logic:seed207 (347 bytes)
logic:seed208 (1310 bytes)
logic:seed209 (2024 bytes)
logic:seed210 (2149 bytes)
logic:seed211 (1065 bytes)
logic:seed212 (2454 bytes)
logic:seed213 (617 bytes)
logic:seed214 (4447 bytes)
lockfile:178 (3147 bytes; live heap 387939975)
lockfile:179 (13138 bytes; live heap 389887581)
logic:seed215 (2529 bytes)
logic:seed216 (1923 bytes)
logic:seed217 (6048 bytes)
bitproof:120 (990730 bytes; live heap 379428483)
lockfile:180 (2686 bytes; live heap 379198923)
lockfile:181 (2389 bytes; live heap 379696262)
logic:seed218 (1123 bytes)
logic:seed219 (1815 bytes)
logic:seed220 (1123 bytes)
lockfile:182 (2498 bytes; live heap 375866627)
logic:seed221 (2606 bytes)
logic:seed222 (2260 bytes)
lockfile:183 (5706 bytes; live heap 390603731)
logic:seed223 (3467 bytes)
logic:seed224 (744 bytes)
logic:seed225 (2677 bytes)
lockfile:184 (25594 bytes; live heap 415270409)
logic:seed226 (1943 bytes)
logic:seed227 (3447 bytes)
lockfile:185 (202374 bytes; live heap 432858831)
logic:seed228 (2537 bytes)
logic:seed229 (3321 bytes)
lockfile:186 (2374 bytes; live heap 433647340)
logic:seed230 (3492 bytes)
logic:seed231 (912 bytes)
logic:seed232 (1451 bytes)
lockfile:187 (5672 bytes; live heap 438876519)
logic:seed233 (542 bytes)
logic:seed234 (690 bytes)
logic:seed235 (3533 bytes)
lockfile:188 (5662 bytes; live heap 437324078)
logic:seed236 (747 bytes)
row-model:26 (153369 bytes; live heap 433345490)
logic:seed237 (451 bytes)
logic:seed238 (2284 bytes)
logic:seed239 (695 bytes)
logic:seed240 (4774 bytes)
bitproof:121 (11821698 bytes; live heap 367242102)
logic:seed241 (588 bytes)
logic:seed242 (427 bytes)
logic:seed243 (2135 bytes)
logic:seed244 (542 bytes)
logic:seed245 (359 bytes)
logic:seed246 (2022 bytes)
logic:seed247 (3476 bytes)
row-model:27 (152560 bytes; live heap 370056392)
logic:seed248 (152206 bytes)
bitproof:122 (132 bytes; live heap 336662589)
logic:seed249 (3067 bytes)
logic:seed250 (353 bytes)
logic:seed251 (10845 bytes)
logic:seed252 (11127 bytes)
bitproof:123 (768355 bytes; live heap 325452754)
logic:seed253 (4692 bytes)
logic:seed254 (471 bytes)
logic:seed255 (4275 bytes)
logic:seed256 (3415 bytes)
logic:seed257 (2347 bytes)
logic:seed258 (2696 bytes)
bitproof:124 (146 bytes; live heap 313281726)
logic:seed259 (173 bytes)
logic:seed260 (5069 bytes)
logic:seed261 (332 bytes)
logic:seed262 (4812 bytes)
logic:seed263 (2577 bytes)
logic:seed264 (2524 bytes)
equality:116 (600864 bytes; live heap 310579052)
logic:seed265 (1787 bytes)
logic:seed266 (4241 bytes)
equality:117 (194 bytes; live heap 310895801)
logic:seed267 (1509 bytes)
equality:118 (347 bytes; live heap 311126685)
logic:seed268 (2456 bytes)
equality:119 (550 bytes; live heap 311381599)
equality:120 (1118 bytes; live heap 312065696)
logic:seed269 (16585 bytes)
test regression_eval_compute_values_charge_copies_and_preserve_context ... ok
equality:121 (438 bytes; live heap 310604659)
equality:122 (339 bytes; live heap 311611552)
equality:123 (1019 bytes; live heap 311532935)
equality:124 (13145 bytes; live heap 311362332)
equality:125 (180 bytes; live heap 311470437)
logic:seed270 (892 bytes)
equality:126 (475 bytes; live heap 311693689)
logic:seed271 (3981 bytes)
equality:127 (479 bytes; live heap 311687738)
logic:seed272 (2563 bytes)
equality:128 (475 bytes; live heap 311660331)
logic:seed273 (1679 bytes)
equality:129 (215 bytes; live heap 310744037)
logic:seed274 (690 bytes)
equality:130 (199 bytes; live heap 314140547)
lockfile:189 (2125816 bytes; live heap 313456558)
equality:131 (184 bytes; live heap 314496475)
logic:seed275 (1696 bytes)
logic:seed276 (536 bytes)
logic:seed277 (539 bytes)
logic:seed278 (2350 bytes)
lockfile:190 (12907 bytes; live heap 310756343)
equality:132 (6117 bytes; live heap 310781940)
logic:seed279 (4056 bytes)
equality:133 (526 bytes; live heap 311167112)
equality:134 (921 bytes; live heap 312036897)
equality:135 (392 bytes; live heap 312000600)
equality:136 (465 bytes; live heap 312661774)
logic:seed280 (1128 bytes)
logic:seed281 (4811 bytes)
equality:137 (221 bytes; live heap 312533338)
equality:138 (867 bytes; live heap 313177218)
equality:139 (2 bytes; live heap 313112672)
equality:140 (540 bytes; live heap 312851976)
logic:seed282 (2269 bytes)
equality:141 (471 bytes; live heap 312157828)
equality:142 (201175 bytes; live heap 311969054)
logic:seed283 (3165 bytes)
equality:143 (212 bytes; live heap 310369216)
logic:seed284 (2471 bytes)
equality:144 (497 bytes; live heap 310330686)
equality:145 (683 bytes; live heap 310303356)
logic:seed285 (186 bytes)
equality:146 (3697 bytes; live heap 309960390)
logic:seed286 (1602 bytes)
equality:147 (464 bytes; live heap 309050143)
logic:seed287 (2470 bytes)
equality:148 (2118 bytes; live heap 308464837)
logic:seed288 (2687 bytes)
logic:seed289 (1883 bytes)
logic:seed290 (4546 bytes)
logic:seed291 (1930 bytes)
logic:seed292 (2358 bytes)
logic:seed293 (2603 bytes)
logic:seed294 (368 bytes)
logic:seed295 (757 bytes)
equality:149 (37634 bytes; live heap 306303737)
logic:seed296 (863 bytes)
logic:seed297 (1598 bytes)
equality:150 (1115 bytes; live heap 305747203)
logic:seed298 (2872 bytes)
logic:seed299 (2084 bytes)
equality:151 (882 bytes; live heap 305108473)
logic:seed300 (2827 bytes)
equality:152 (529 bytes; live heap 304613845)
equality:153 (893 bytes; live heap 303157718)
logic:seed301 (757 bytes)
equality:154 (914 bytes; live heap 303468878)
logic:seed302 (8909 bytes)
equality:155 (200717 bytes; live heap 304045596)
equality:156 (529 bytes; live heap 304239698)
row-model:28 (215408 bytes; live heap 304078565)
equality:157 (483 bytes; live heap 304151122)
equality:158 (529 bytes; live heap 304221790)
logic:seed303 (806 bytes)
logic:seed304 (7574 bytes)
equality:159 (1015 bytes; live heap 302185822)
equality:160 (0 bytes; live heap 303930075)
logic:seed305 (5802 bytes)
equality:161 (531 bytes; live heap 304403840)
equality:162 (594 bytes; live heap 303939101)
lockfile:191 (2125261 bytes; live heap 301791714)
equality:163 (275 bytes; live heap 302249881)
equality:164 (545 bytes; live heap 303061300)
logic:seed306 (4744 bytes)
equality:165 (616 bytes; live heap 301026677)
lockfile:192 (25539 bytes; live heap 293107861)
logic:seed307 (627108 bytes)
equality:166 (221 bytes; live heap 292300072)
equality:167 (224 bytes; live heap 290769435)
equality:168 (140 bytes; live heap 290520466)
bitproof:125 (763136 bytes; live heap 289517928)
equality:169 (558 bytes; live heap 289568433)
equality:170 (13492 bytes; live heap 289638154)
lockfile:193 (13396 bytes; live heap 289664211)
equality:171 (545 bytes; live heap 289806991)
equality:172 (192 bytes; live heap 287242595)
equality:173 (1181 bytes; live heap 287017794)
logic:seed308 (2160 bytes)
lockfile:194 (2830 bytes; live heap 285284228)
logic:seed309 (450 bytes)
logic:seed310 (1904 bytes)
logic:seed311 (358 bytes)
equality:174 (7211 bytes; live heap 284466983)
logic:seed312 (152481 bytes)
lockfile:195 (5661 bytes; live heap 284156107)
equality:175 (456 bytes; live heap 284152764)
equality:176 (188 bytes; live heap 284049634)
equality:177 (473 bytes; live heap 283899006)
lockfile:196 (2897 bytes; live heap 283501617)
equality:178 (1159 bytes; live heap 283335807)
equality:179 (502 bytes; live heap 283135885)
equality:180 (195 bytes; live heap 282916231)
lockfile:197 (13305 bytes; live heap 281407152)
logic:seed313 (1541 bytes)
equality:181 (2433 bytes; live heap 280554642)
equality:182 (190 bytes; live heap 280160442)
logic:seed314 (1453 bytes)
equality:183 (872 bytes; live heap 279947844)
logic:seed315 (464 bytes)
lockfile:198 (2929 bytes; live heap 279265207)
logic:seed316 (2626 bytes)
equality:184 (1103 bytes; live heap 278542306)
logic:seed317 (1905 bytes)
equality:185 (190 bytes; live heap 278367619)
logic:seed318 (2403 bytes)
lockfile:199 (5646 bytes; live heap 277940606)
logic:seed319 (2626 bytes)
equality:186 (5365 bytes; live heap 277057719)
logic:seed320 (2830 bytes)
equality:187 (6279 bytes; live heap 275671023)
lockfile:200 (2862 bytes; live heap 275410983)
logic:seed321 (2151 bytes)
logic:seed322 (212 bytes)
logic:seed323 (534 bytes)
equality:188 (3940 bytes; live heap 271782852)
logic:seed324 (3131 bytes)
lockfile:201 (5645 bytes; live heap 271969725)
equality:189 (893 bytes; live heap 272400480)
equality:190 (526 bytes; live heap 272538181)
equality:191 (812 bytes; live heap 272823726)
logic:seed325 (839 bytes)
logic:seed326 (840 bytes)
logic:seed327 (4182 bytes)
certificate:91 (420398 bytes; live heap 274622002)
logic:seed328 (2454 bytes)
lockfile:202 (27574 bytes; live heap 274472417)
equality:192 (7451 bytes; live heap 274500461)
logic:seed329 (2591 bytes)
equality:193 (487 bytes; live heap 275377439)
equality:194 (500 bytes; live heap 276190303)
logic:seed330 (2301 bytes)
certificate:92 (149128 bytes; live heap 276852357)
equality:195 (473 bytes; live heap 276849014)
logic:seed331 (2174 bytes)
equality:196 (468 bytes; live heap 278134991)
logic:seed332 (3191 bytes)
equality:197 (622 bytes; live heap 278685449)
equality:198 (934 bytes; live heap 278830145)
equality:199 (524 bytes; live heap 279117595)
logic:seed333 (2654 bytes)
logic:seed334 (2548 bytes)
lockfile:203 (13030 bytes; live heap 281044381)
logic:seed335 (427 bytes)
logic:seed336 (245 bytes)
logic:seed337 (1334 bytes)
logic:seed338 (598 bytes)
equality:200 (15442 bytes; live heap 281328409)
logic:seed339 (3298 bytes)
equality:201 (518 bytes; live heap 281336807)
logic:seed340 (2299 bytes)
logic:seed341 (1977 bytes)
logic:seed342 (7152 bytes)
eval:595 (26 bytes; live heap 266496500)
eval:596 (7 bytes; live heap 266860348)
eval:597 (13 bytes; live heap 267082168)
eval:598 (19 bytes; live heap 267212772)
eval:599 (7 bytes; live heap 267358601)
eval:600 (2 bytes; live heap 267752597)
eval:601 (7 bytes; live heap 268281476)
lockfile:204 (85538 bytes; live heap 268151083)
eval:602 (20 bytes; live heap 268289039)
eval:603 (29 bytes; live heap 268529337)
eval:604 (3 bytes; live heap 268745543)
eval:605 (7 bytes; live heap 268898489)
eval:606 (73 bytes; live heap 268973953)
eval:607 (22 bytes; live heap 269071770)
eval:608 (18 bytes; live heap 269194596)
eval:609 (37 bytes; live heap 269292060)
eval:610 (28 bytes; live heap 269363521)
eval:611 (10030 bytes; live heap 269446450)
logic:seed343 (197 bytes)
logic:seed344 (989 bytes)
logic:seed345 (427 bytes)
logic:seed346 (3772 bytes)
eval:612 (58 bytes; live heap 270207119)
lockfile:205 (2371 bytes; live heap 270270912)
eval:613 (17 bytes; live heap 270318649)
logic:seed347 (1988 bytes)
eval:614 (22 bytes; live heap 270378529)
eval:615 (42 bytes; live heap 270500783)
eval:616 (37 bytes; live heap 270555084)
eval:617 (19 bytes; live heap 270666383)
eval:618 (301 bytes; live heap 270803102)
eval:619 (17 bytes; live heap 270867668)
logic:seed348 (534 bytes)
logic:seed349 (2730 bytes)
logic:seed350 (545 bytes)
logic:seed351 (2390 bytes)
lockfile:206 (2376 bytes; live heap 272949988)
logic:seed352 (1995 bytes)
logic:seed353 (1424 bytes)
logic:seed354 (2169 bytes)
eval:620 (50 bytes; live heap 274081735)
eval:621 (13 bytes; live heap 274233499)
logic:seed355 (1866 bytes)
eval:622 (908 bytes; live heap 275604332)
lockfile:207 (413137 bytes; live heap 275680418)
eval:623 (3 bytes; live heap 275718265)
eval:624 (142 bytes; live heap 276233692)
logic:seed356 (2809 bytes)
logic:seed357 (19745 bytes)
lockfile:208 (2932 bytes; live heap 278771155)
lockfile:209 (13045 bytes; live heap 281943608)
lockfile:210 (25354 bytes; live heap 284658942)
eval:625 (13461 bytes; live heap 289124418)
logic:seed358 (1287 bytes)
lockfile:211 (25528 bytes; live heap 292128964)
logic:seed359 (2909 bytes)
eval:626 (1405 bytes; live heap 292195782)
eval:627 (25 bytes; live heap 292237087)
eval:628 (2 bytes; live heap 292255766)
eval:629 (47 bytes; live heap 292279313)
eval:630 (5 bytes; live heap 292296867)
logic:seed360 (1602 bytes)
logic:seed361 (2032 bytes)
logic:seed362 (452 bytes)
logic:seed363 (1505 bytes)
logic:seed364 (4870 bytes)
lockfile:212 (13122 bytes; live heap 288555806)
logic:seed365 (1326 bytes)
lockfile:213 (5605 bytes; live heap 286497042)
logic:seed366 (1508 bytes)
logic:seed367 (6852 bytes)
eval:631 (80007 bytes; live heap 285332204)
lockfile:214 (2393 bytes; live heap 285443273)
logic:seed368 (3101 bytes)
certificate:93 (486 bytes; live heap 289926188)
logic:seed369 (912 bytes)
lockfile:215 (13030 bytes; live heap 288093225)
logic:seed370 (2604 bytes)
logic:seed371 (751 bytes)
row-model:29 (151146 bytes; live heap 285084491)
logic:seed372 (1013 bytes)
logic:seed373 (2764 bytes)
lockfile:216 (2975 bytes; live heap 284656561)
certificate:94 (98459 bytes; live heap 284668529)
logic:seed374 (2135 bytes)
logic:seed375 (2218 bytes)
lockfile:217 (13030 bytes; live heap 285246992)
logic:seed376 (1889 bytes)
row-model:30 (153304 bytes; live heap 285359949)
logic:seed377 (8086 bytes)
lockfile:218 (25816 bytes; live heap 284885328)
logic:seed378 (330 bytes)
logic:seed379 (3682 bytes)
logic:seed380 (5339 bytes)
lockfile:219 (2926 bytes; live heap 279582903)
logic:seed381 (7387 bytes)
logic:seed382 (113182 bytes)
lockfile:220 (2280 bytes; live heap 281162992)
eval:632 (80004 bytes; live heap 279810341)
eval:633 (10 bytes; live heap 279632557)
eval:634 (25 bytes; live heap 279785000)
eval:635 (27 bytes; live heap 280080820)
lockfile:221 (5695 bytes; live heap 280192525)
eval:636 (2 bytes; live heap 280231277)
eval:637 (10 bytes; live heap 280400061)
eval:638 (37 bytes; live heap 280243328)
logic:seed383 (2133 bytes)
lockfile:222 (13659 bytes; live heap 280547899)
logic:seed384 (1897 bytes)
logic:seed385 (2866 bytes)
lockfile:223 (2358 bytes; live heap 280816011)
logic:seed386 (3165 bytes)
lockfile:224 (2372 bytes; live heap 281610543)
logic:seed387 (902 bytes)
logic:seed388 (6350 bytes)
lockfile:225 (2268 bytes; live heap 281894125)
lockfile:226 (2374 bytes; live heap 282257115)
lockfile:227 (13209 bytes; live heap 281374403)
bitproof:126 (3700139 bytes; live heap 279643706)
certificate:95 (492 bytes; live heap 279651533)
logic:seed389 (542 bytes)
logic:seed390 (460 bytes)
logic:seed391 (2234 bytes)
lockfile:228 (5680 bytes; live heap 279798343)
logic:seed392 (1433 bytes)
certificate:96 (96453 bytes; live heap 280747886)
logic:seed393 (2696 bytes)
logic:seed394 (890 bytes)
lockfile:229 (25528 bytes; live heap 282135954)
logic:seed395 (11109 bytes)
logic:seed396 (1742 bytes)
logic:seed397 (1549 bytes)
lockfile:230 (13103 bytes; live heap 287026906)
logic:seed398 (143670 bytes)
eval:639 (100027 bytes; live heap 289647107)
lockfile:231 (21111 bytes; live heap 291201244)
logic:seed399 (1922 bytes)
logic:seed400 (2486 bytes)
logic:seed401 (1428 bytes)
logic:seed402 (4353 bytes)
eval:640 (3 bytes; live heap 291659490)
eval:641 (200011 bytes; live heap 292220282)
lockfile:232 (74591 bytes; live heap 292360521)
eval:642 (13 bytes; live heap 292255187)
eval:643 (2839 bytes; live heap 292282228)
logic:seed403 (2094 bytes)
eval:644 (200282 bytes; live heap 292702934)
logic:seed404 (6772 bytes)
eval:645 (17 bytes; live heap 292495952)
eval:646 (29 bytes; live heap 292559085)
lockfile:233 (2912 bytes; live heap 292883485)
eval:647 (22 bytes; live heap 292886852)
certificate:97 (460 bytes; live heap 292806359)
eval:648 (200013 bytes; live heap 293381849)
eval:649 (29 bytes; live heap 293218626)
eval:650 (4 bytes; live heap 293455580)
eval:651 (14 bytes; live heap 293507379)
eval:652 (2 bytes; live heap 293526139)
lockfile:234 (2270 bytes; live heap 293570016)
eval:653 (30 bytes; live heap 293621553)
eval:654 (6006 bytes; live heap 293648717)
logic:seed405 (1866 bytes)
certificate:98 (98484 bytes; live heap 293573834)
eval:655 (12 bytes; live heap 293574924)
logic:seed406 (2247 bytes)
lockfile:235 (5691 bytes; live heap 295181211)
logic:seed407 (2513 bytes)
eval:656 (4074 bytes; live heap 294195337)
lockfile:236 (2901 bytes; live heap 294006063)
logic:seed408 (718 bytes)
eval:657 (26 bytes; live heap 293180271)
logic:seed409 (2647 bytes)
lockfile:237 (2939 bytes; live heap 292301932)
logic:seed410 (629 bytes)
logic:seed411 (2299 bytes)
lockfile:238 (2384 bytes; live heap 291592528)
logic:seed412 (420 bytes)
logic:seed413 (1102 bytes)
logic:seed414 (536 bytes)
eval:658 (12300 bytes; live heap 290296174)
logic:seed415 (3616 bytes)
eval:659 (23 bytes; live heap 289776519)
eval:660 (2 bytes; live heap 289754130)
lockfile:239 (25990 bytes; live heap 289674577)
eval:661 (38 bytes; live heap 289672461)
eval:662 (1 bytes; live heap 289607339)
eval:663 (36 bytes; live heap 289497827)
eval:664 (15 bytes; live heap 289431843)
eval:665 (6 bytes; live heap 289374655)
logic:seed416 (5426 bytes)
eval:666 (528 bytes; live heap 289174120)
eval:667 (25 bytes; live heap 288879090)
eval:668 (45 bytes; live heap 288769784)
eval:669 (45 bytes; live heap 288570589)
eval:670 (16 bytes; live heap 288497357)
logic:seed417 (4062 bytes)
eval:671 (7 bytes; live heap 288458496)
eval:672 (67 bytes; live heap 288445503)
eval:673 (7 bytes; live heap 288400665)
logic:seed418 (2466 bytes)
logic:seed419 (4543 bytes)
lockfile:240 (5604 bytes; live heap 288144414)
logic:seed420 (3331 bytes)
lockfile:241 (2927 bytes; live heap 287113657)
logic:seed421 (17957 bytes)
eval:674 (24001 bytes; live heap 286497699)
lockfile:242 (5690 bytes; live heap 286160003)
eval:675 (2 bytes; live heap 285989459)
eval:676 (7 bytes; live heap 285870468)
lockfile:243 (2917 bytes; live heap 285582126)
lockfile:244 (11497 bytes; live heap 284580318)
logic:seed422 (5802 bytes)
lockfile:245 (3323 bytes; live heap 282914342)
logic:seed423 (749 bytes)
logic:seed424 (422 bytes)
logic:seed425 (3895 bytes)
logic:seed426 (2778 bytes)
eval:677 (220012 bytes; live heap 278441008)
logic:seed427 (3291 bytes)
certificate:99 (474 bytes; live heap 277457888)
certificate:100 (462 bytes; live heap 276511800)
logic:seed428 (7909 bytes)
certificate:101 (103883 bytes; live heap 276526099)
certificate:102 (476 bytes; live heap 274625494)
logic:seed429 (2562 bytes)
certificate:103 (149246 bytes; live heap 272636236)
logic:seed430 (5179 bytes)
certificate:104 (102786 bytes; live heap 271295763)
bitproof:127 (96 bytes; live heap 264559883)
bitproof:128 (142466 bytes; live heap 264558239)
logic:seed431 (113383 bytes)
bitproof:129 (121 bytes; live heap 262684571)
eval:678 (1 bytes; live heap 262309751)
eval:679 (24 bytes; live heap 262254959)
eval:680 (1067 bytes; live heap 262521235)
eval:681 (179 bytes; live heap 262958344)
eval:682 (15 bytes; live heap 262545217)
eval:683 (11 bytes; live heap 261954959)
bitproof:130 (136404 bytes; live heap 261907102)
eval:684 (3 bytes; live heap 261841988)
eval:685 (19 bytes; live heap 261784190)
eval:686 (72 bytes; live heap 261704238)
eval:687 (19 bytes; live heap 261614657)
eval:688 (33 bytes; live heap 261492002)
row-model:31 (355047 bytes; live heap 261099923)
bitproof:131 (23097 bytes; live heap 261105955)
bitproof:132 (4034 bytes; live heap 261281330)
bitproof:133 (120 bytes; live heap 261053208)
logic:seed432 (2526 bytes)
logic:seed433 (2738 bytes)
logic:seed434 (391591 bytes)
bitproof:134 (603320 bytes; live heap 256986175)
lockfile:246 (107465 bytes; live heap 255432435)
bitproof:135 (143 bytes; live heap 250990530)
logic:seed435 (6611 bytes)
bitproof:136 (144434 bytes; live heap 249999380)
lockfile:247 (13119 bytes; live heap 249912395)
bitproof:137 (1120 bytes; live heap 249047859)
bitproof:138 (23073 bytes; live heap 248690441)
logic:seed436 (4136 bytes)
lockfile:248 (12961 bytes; live heap 247777949)
logic:seed437 (6410 bytes)
bitproof:139 (74998 bytes; live heap 247303533)
lockfile:249 (2927 bytes; live heap 247034010)
bitproof:140 (3843 bytes; live heap 246905672)
logic:seed438 (2334 bytes)
logic:seed439 (1354 bytes)
logic:seed440 (2670 bytes)
lockfile:250 (5686 bytes; live heap 247953876)
logic:seed441 (3224 bytes)
logic:seed442 (18348 bytes)
lockfile:251 (25381 bytes; live heap 248380182)
certificate:105 (93477 bytes; live heap 249030822)
certificate:106 (444 bytes; live heap 248203794)
certificate:107 (349124 bytes; live heap 247978077)
lockfile:252 (2909 bytes; live heap 248403984)
logic:seed443 (2839 bytes)
lockfile:253 (25528 bytes; live heap 248316525)
logic:seed444 (358 bytes)
logic:seed445 (211 bytes)
logic:seed446 (3120 bytes)
logic:seed447 (589 bytes)
logic:seed448 (1093 bytes)
logic:seed449 (843 bytes)
logic:seed450 (520 bytes)
logic:seed451 (5982 bytes)
eval:689 (73767 bytes; live heap 248787569)
logic:seed452 (757 bytes)
logic:seed453 (1123 bytes)
logic:seed454 (213 bytes)
logic:seed455 (2265 bytes)
logic:seed456 (619 bytes)
logic:seed457 (9224 bytes)
logic:seed458 (558 bytes)
logic:seed459 (867 bytes)
logic:seed460 (1126 bytes)
logic:seed461 (184 bytes)
logic:seed462 (1842 bytes)
logic:seed463 (1776 bytes)
eval:690 (21 bytes; live heap 255673694)
eval:691 (37 bytes; live heap 255974154)
logic:seed464 (7178 bytes)
eval:692 (48 bytes; live heap 257606812)
eval:693 (112 bytes; live heap 258138798)
eval:694 (37 bytes; live heap 258100499)
eval:695 (119 bytes; live heap 258120100)
logic:seed465 (547 bytes)
eval:696 (18 bytes; live heap 257412627)
logic:seed466 (2083 bytes)
eval:697 (25 bytes; live heap 257356933)
eval:698 (25 bytes; live heap 257461432)
logic:seed467 (2131 bytes)
eval:699 (27 bytes; live heap 257547691)
eval:700 (25 bytes; live heap 257507554)
eval:701 (43 bytes; live heap 257466132)
logic:seed468 (627 bytes)
eval:702 (6 bytes; live heap 257444741)
eval:703 (7 bytes; live heap 257449982)
logic:seed469 (1665 bytes)
eval:704 (31 bytes; live heap 257424411)
eval:705 (27 bytes; live heap 257422579)
eval:706 (365 bytes; live heap 257334500)
logic:seed470 (1893 bytes)
logic:seed471 (1803 bytes)
eval:707 (8 bytes; live heap 257093041)
logic:seed472 (2100 bytes)
eval:708 (102 bytes; live heap 256884638)
eval:709 (86 bytes; live heap 256735853)
logic:seed473 (1555 bytes)
eval:710 (13 bytes; live heap 256706863)
eval:711 (20 bytes; live heap 256688909)
logic:seed474 (356 bytes)
logic:seed475 (152682 bytes)
eval:712 (1211 bytes; live heap 256498736)
eval:713 (11 bytes; live heap 256536189)
eval:714 (31 bytes; live heap 256488054)
eval:715 (4 bytes; live heap 256486360)
eval:716 (22 bytes; live heap 256479102)
eval:717 (11 bytes; live heap 256471017)
eval:718 (500029 bytes; live heap 256755706)
eval:719 (23 bytes; live heap 255956934)
eval:720 (22 bytes; live heap 255915911)
eval:721 (3 bytes; live heap 255852971)
eval:722 (1 bytes; live heap 255830909)
eval:723 (4 bytes; live heap 255826077)
eval:724 (288 bytes; live heap 255815841)
eval:725 (27 bytes; live heap 255756057)
logic:seed476 (15604 bytes)
eval:726 (20506 bytes; live heap 255323621)
equality:202 (1200888 bytes; live heap 252322315)
eval:727 (21 bytes; live heap 251497334)
eval:728 (7 bytes; live heap 251606865)
eval:729 (15 bytes; live heap 251661288)
eval:730 (13 bytes; live heap 251715958)
eval:731 (11 bytes; live heap 251753257)
eval:732 (21 bytes; live heap 251767155)
eval:733 (4 bytes; live heap 251806057)
logic:seed477 (229 bytes)
logic:seed478 (3073 bytes)
logic:seed479 (748 bytes)
eval:734 (300004 bytes; live heap 252414889)
logic:seed480 (8098 bytes)
logic:seed481 (266 bytes)
logic:seed482 (888 bytes)
eval:735 (19 bytes; live heap 251913596)
logic:seed483 (3425 bytes)
eval:736 (1 bytes; live heap 251923287)
eval:737 (10 bytes; live heap 251940957)
eval:738 (22 bytes; live heap 251949997)
eval:739 (10 bytes; live heap 251963288)
eval:740 (22 bytes; live heap 252029758)
eval:741 (517 bytes; live heap 252079277)
eval:742 (10 bytes; live heap 252112421)
eval:743 (23 bytes; live heap 252146094)
eval:744 (21 bytes; live heap 252169544)
eval:745 (18 bytes; live heap 252329451)
eval:746 (14 bytes; live heap 252376572)
eval:747 (4003 bytes; live heap 252402141)
logic:seed484 (3694 bytes)
logic:seed485 (520 bytes)
logic:seed486 (4275 bytes)
certificate:108 (93462 bytes; live heap 253016902)
logic:seed487 (10824 bytes)
certificate:109 (148559 bytes; live heap 254738414)
certificate:110 (475 bytes; live heap 254884444)
certificate:111 (495 bytes; live heap 255079702)
logic:seed488 (543 bytes)
logic:seed489 (235 bytes)
logic:seed490 (5280 bytes)
certificate:112 (98024 bytes; live heap 257356833)
logic:seed491 (450 bytes)
certificate:113 (148549 bytes; live heap 257257257)
logic:seed492 (2403 bytes)
logic:seed493 (1893 bytes)
bitproof:141 (763139 bytes; live heap 257341023)
logic:seed494 (2892 bytes)
eval:748 (10 bytes; live heap 257461873)
eval:749 (164 bytes; live heap 257597240)
bitproof:142 (136708 bytes; live heap 256976028)
logic:seed495 (4257 bytes)
eval:750 (5087 bytes; live heap 257608660)
eval:751 (4 bytes; live heap 257658703)
eval:752 (15 bytes; live heap 257958629)
bitproof:143 (1119 bytes; live heap 257764399)
bitproof:144 (8019 bytes; live heap 241190045)
eval:753 (11 bytes; live heap 241605526)
logic:seed496 (151670 bytes)
eval:754 (12292 bytes; live heap 248412527)
bitproof:145 (182299 bytes; live heap 248170919)
eval:755 (4 bytes; live heap 248698373)
eval:756 (285 bytes; live heap 248835680)
eval:757 (40 bytes; live heap 248934808)
eval:758 (20003 bytes; live heap 249500122)
eval:759 (3 bytes; live heap 249822323)
eval:760 (22 bytes; live heap 250933242)
eval:761 (23 bytes; live heap 253130680)
eval:762 (38 bytes; live heap 253188589)
eval:763 (3 bytes; live heap 257607455)
logic:seed497 (751 bytes)
eval:764 (11 bytes; live heap 257414573)
logic:seed498 (4868 bytes)
eval:765 (28 bytes; live heap 263966760)
eval:766 (22 bytes; live heap 264385278)
logic:seed499 (2194 bytes)
logic:seed500 (4611 bytes)
eval:767 (400007 bytes; live heap 267597431)
bitproof:146 (1542563 bytes; live heap 263804317)
logic:seed501 (15805 bytes)
bitproof:147 (145 bytes; live heap 290464142)
bitproof:148 (3091 bytes; live heap 290705270)
bitproof:149 (130 bytes; live heap 290986172)
bitproof:150 (239 bytes; live heap 291003046)
logic:seed502 (529 bytes)
logic:seed503 (1634 bytes)
logic:seed504 (2325 bytes)
logic:seed505 (2332 bytes)
logic:seed506 (2147 bytes)
logic:seed507 (2270 bytes)
bitproof:151 (8018 bytes; live heap 291805177)
bitproof:152 (134 bytes; live heap 291844201)
logic:seed508 (2392 bytes)
logic:seed509 (540 bytes)
logic:seed510 (967 bytes)
logic:seed511 (1615 bytes)
bitproof:153 (398522 bytes; live heap 292648833)
logic:seed512 (981 bytes)
logic:seed513 (10623 bytes)
bitproof:154 (96 bytes; live heap 292575347)
row-model:32 (153299 bytes; live heap 292782559)
bitproof:155 (3050 bytes; live heap 292850313)
logic:seed514 (3668 bytes)
logic:seed515 (2964 bytes)
bitproof:156 (132920 bytes; live heap 293229679)
logic:seed516 (2196 bytes)
logic:seed517 (2453 bytes)
bitproof:157 (134 bytes; live heap 293630013)
bitproof:158 (143 bytes; live heap 293702826)
logic:seed518 (3361 bytes)
logic:seed519 (486 bytes)
logic:seed520 (1640 bytes)
logic:seed521 (3867 bytes)
bitproof:159 (1004230 bytes; live heap 296414289)
logic:seed522 (356 bytes)
logic:seed523 (587 bytes)
logic:seed524 (2725 bytes)
bitproof:160 (3090 bytes; live heap 296107538)
logic:seed525 (2104 bytes)
logic:seed526 (4543 bytes)
bitproof:161 (74998 bytes; live heap 296347687)
logic:seed527 (1098 bytes)
logic:seed528 (587 bytes)
logic:seed529 (1694 bytes)
logic:seed530 (6951 bytes)
bitproof:162 (8076 bytes; live heap 296427357)
bitproof:163 (173 bytes; live heap 296198528)
logic:seed531 (2708 bytes)
certificate:114 (2475 bytes; live heap 296909975)
logic:seed532 (1694 bytes)
certificate:115 (485 bytes; live heap 297222998)
logic:seed533 (869 bytes)
logic:seed534 (2586 bytes)
logic:seed535 (4611 bytes)
certificate:116 (71454 bytes; live heap 298951233)
certificate:117 (93469 bytes; live heap 297776535)
logic:seed536 (1493 bytes)
logic:seed537 (1775 bytes)
logic:seed538 (2014 bytes)
equality:203 (546 bytes; live heap 283311899)
equality:204 (455 bytes; live heap 282882411)
logic:seed539 (587 bytes)
logic:seed540 (10908 bytes)
bitproof:164 (761706 bytes; live heap 280464332)
certificate:118 (149126 bytes; live heap 280455977)
logic:seed541 (751 bytes)
logic:seed542 (3010 bytes)
logic:seed543 (1675 bytes)
logic:seed544 (16384 bytes)
logic:seed545 (5648 bytes)
logic:seed546 (759966 bytes)
bitproof:165 (759460 bytes; live heap 274558093)
logic:seed547 (2191 bytes)
logic:seed548 (3935 bytes)
logic:seed549 (594846 bytes)
logic:seed550 (2361 bytes)
logic:seed551 (8811 bytes)
logic:seed552 (890 bytes)
logic:seed553 (2376 bytes)
logic:seed554 (1123 bytes)
logic:seed555 (353 bytes)
logic:seed556 (8110 bytes)
logic:seed557 (5138 bytes)
certificate:119 (93461 bytes; live heap 272088350)
logic:seed558 (2608 bytes)
logic:seed559 (3160 bytes)
logic:0 (2598 bytes; live heap 270793115)
logic:1 (1918 bytes; live heap 270652635)
logic:2 (8832 bytes; live heap 269258369)
logic:3 (5154 bytes; live heap 268248299)
logic:4 (2625 bytes; live heap 268217636)
logic:5 (2871 bytes; live heap 268066704)
row-model:33 (153304 bytes; live heap 268134380)
logic:6 (1458 bytes; live heap 267480185)
row-model:34 (153307 bytes; live heap 260890138)
eval:768 (4 bytes; live heap 241320666)
eval:769 (36 bytes; live heap 241574260)
eval:770 (10028 bytes; live heap 241467985)
row-model:35 (153299 bytes; live heap 241455628)
eval:771 (4 bytes; live heap 241421278)
eval:772 (22 bytes; live heap 241416465)
eval:773 (2 bytes; live heap 241430431)
eval:774 (11 bytes; live heap 241484888)
eval:775 (6 bytes; live heap 241545947)
eval:776 (4 bytes; live heap 241545239)
eval:777 (21 bytes; live heap 241611296)
eval:778 (5 bytes; live heap 241653702)
eval:779 (2 bytes; live heap 241660524)
eval:780 (300004 bytes; live heap 243088708)
eval:781 (21 bytes; live heap 243471096)
eval:782 (35 bytes; live heap 243319773)
eval:783 (19 bytes; live heap 243188780)
eval:784 (696 bytes; live heap 243037692)
eval:785 (21 bytes; live heap 242972851)
eval:786 (10 bytes; live heap 242930994)
eval:787 (4 bytes; live heap 242332709)
certificate:120 (104306 bytes; live heap 217311462)
certificate:121 (98545 bytes; live heap 202882838)
certificate:122 (104266 bytes; live heap 200332221)
certificate:123 (67361 bytes; live heap 190626021)
certificate:124 (149126 bytes; live heap 186953652)
equality:205 (240458 bytes; live heap 186258768)
equality:206 (463 bytes; live heap 183161372)
equality:207 (2 bytes; live heap 183145905)
equality:208 (540 bytes; live heap 183015385)
equality:209 (188 bytes; live heap 182966104)
equality:210 (473 bytes; live heap 182792306)
equality:211 (566 bytes; live heap 182039036)
equality:212 (470 bytes; live heap 181662727)
equality:213 (1136 bytes; live heap 180801297)
equality:214 (882 bytes; live heap 180446489)
equality:215 (514 bytes; live heap 180185523)
equality:216 (555 bytes; live heap 179906932)
bitproof:166 (3714490 bytes; live heap 180116515)
lockfile:254 (1605655 bytes; live heap 178488179)
row-model:36 (153369 bytes; live heap 254734604)
eval:788 (300004 bytes; live heap 246302465)
eval:789 (55 bytes; live heap 243376760)
eval:790 (2 bytes; live heap 243327628)
eval:791 (105 bytes; live heap 243259199)
eval:792 (0 bytes; live heap 243212951)
eval:793 (338 bytes; live heap 243134953)
eval:794 (27 bytes; live heap 243531087)
eval:795 (22 bytes; live heap 245520863)
eval:796 (14 bytes; live heap 245419926)
eval:797 (29 bytes; live heap 245349704)
eval:798 (4 bytes; live heap 245242575)
eval:799 (30 bytes; live heap 245125275)
eval:800 (2 bytes; live heap 244885372)
eval:801 (32 bytes; live heap 244785041)
eval:802 (7 bytes; live heap 244718720)
eval:803 (8 bytes; live heap 244729574)
eval:804 (3 bytes; live heap 244666758)
eval:805 (20 bytes; live heap 243975479)
eval:806 (200006 bytes; live heap 243866838)
eval:807 (6 bytes; live heap 243426400)
eval:808 (327 bytes; live heap 243337960)
eval:809 (4 bytes; live heap 242661549)
eval:810 (5 bytes; live heap 242659984)
eval:811 (97 bytes; live heap 241370365)
eval:812 (43 bytes; live heap 240665172)
eval:813 (3 bytes; live heap 240547066)
eval:814 (25 bytes; live heap 240307248)
eval:815 (300005 bytes; live heap 239946960)
eval:816 (2 bytes; live heap 238503091)
eval:817 (26 bytes; live heap 238427823)
eval:818 (13 bytes; live heap 239067033)
eval:819 (46 bytes; live heap 238804904)
eval:820 (3 bytes; live heap 238691328)
eval:821 (37 bytes; live heap 238926878)
eval:822 (37 bytes; live heap 240972583)
eval:823 (27 bytes; live heap 240773240)
eval:824 (335 bytes; live heap 240626733)
eval:825 (37 bytes; live heap 240447736)
eval:826 (16 bytes; live heap 240169203)
eval:827 (362 bytes; live heap 240120982)
eval:828 (2 bytes; live heap 242367555)
eval:829 (21 bytes; live heap 242318737)
eval:830 (25 bytes; live heap 242526350)
eval:831 (21 bytes; live heap 242513116)
eval:832 (19 bytes; live heap 242510476)
eval:833 (32 bytes; live heap 237581387)
eval:834 (18 bytes; live heap 237826280)
eval:835 (33 bytes; live heap 237921869)
eval:836 (100025 bytes; live heap 238356947)
eval:837 (25 bytes; live heap 238268453)
eval:838 (29 bytes; live heap 238512391)
eval:839 (38 bytes; live heap 238571838)
eval:840 (22 bytes; live heap 238645179)
core:95 (2975821 bytes; live heap 237490134)
eval:841 (22 bytes; live heap 236821126)
eval:842 (7 bytes; live heap 237053496)
eval:843 (16 bytes; live heap 237240434)
eval:844 (22 bytes; live heap 237765058)
eval:845 (44 bytes; live heap 239197282)
eval:846 (47 bytes; live heap 239281656)
eval:847 (3 bytes; live heap 239366928)
eval:848 (181 bytes; live heap 239486957)
eval:849 (24 bytes; live heap 239480055)
eval:850 (29 bytes; live heap 239463993)
core:96 (5949 bytes; live heap 239708041)
eval:851 (200025 bytes; live heap 239728064)
eval:852 (13 bytes; live heap 239566806)
eval:853 (6 bytes; live heap 239593102)
eval:854 (21 bytes; live heap 239584570)
eval:855 (4 bytes; live heap 239569852)
eval:856 (21 bytes; live heap 239651244)
eval:857 (35 bytes; live heap 239663002)
eval:858 (4 bytes; live heap 239702056)
eval:859 (39 bytes; live heap 239755850)
eval:860 (200046 bytes; live heap 240003727)
eval:861 (6017 bytes; live heap 240273666)
eval:862 (33 bytes; live heap 240240748)
eval:863 (300012 bytes; live heap 243217082)
core:97 (92129 bytes; live heap 282324968)
core:98 (2931 bytes; live heap 283340754)
core:99 (400 bytes; live heap 281999494)
core:100 (12936 bytes; live heap 281946220)
bitproof:167 (1380302 bytes; live heap 240735738)
row-model:37 (427128 bytes; live heap 218879129)
lockfile:255 (45279 bytes; live heap 219881064)
lockfile:256 (11120 bytes; live heap 215745493)
lockfile:257 (2338 bytes; live heap 215417862)
lockfile:258 (2151 bytes; live heap 213788729)
lockfile:259 (13255 bytes; live heap 214764726)
core:101 (358047 bytes; live heap 211600635)
core:102 (1922 bytes; live heap 209493817)
lockfile:260 (2269 bytes; live heap 206274577)
lockfile:261 (13800 bytes; live heap 206228586)
lockfile:262 (14233 bytes; live heap 204501586)
bitproof:168 (8869 bytes; live heap 202284966)
bitproof:169 (175 bytes; live heap 202086023)
bitproof:170 (1113 bytes; live heap 202608856)
bitproof:171 (120 bytes; live heap 202689639)
lockfile:263 (13119 bytes; live heap 202677306)
bitproof:172 (8829 bytes; live heap 202516063)
bitproof:173 (164 bytes; live heap 202435299)
bitproof:174 (136450 bytes; live heap 202419023)
lockfile:264 (2916 bytes; live heap 204017254)
certificate:125 (280328 bytes; live heap 207419427)
certificate:126 (98218 bytes; live heap 209051464)
lockfile:265 (25530 bytes; live heap 210558749)
certificate:127 (148989 bytes; live heap 211392412)
certificate:128 (97877 bytes; live heap 214198893)
lockfile:266 (2902 bytes; live heap 217108056)
lockfile:267 (5588 bytes; live heap 218373903)
lockfile:268 (23933 bytes; live heap 219576011)
lockfile:269 (25511 bytes; live heap 220257174)
eval:864 (31 bytes; live heap 188234464)
eval:865 (2 bytes; live heap 188408407)
eval:866 (20 bytes; live heap 188496841)
eval:867 (2781 bytes; live heap 188677433)
eval:868 (59 bytes; live heap 188816973)
eval:869 (23 bytes; live heap 189120617)
eval:870 (4 bytes; live heap 189187091)
eval:871 (19 bytes; live heap 189244468)
eval:872 (44 bytes; live heap 189370266)
eval:873 (4 bytes; live heap 189480843)
eval:874 (36 bytes; live heap 189646859)
eval:875 (3 bytes; live heap 189737140)
eval:876 (400010 bytes; live heap 192308192)
lockfile:270 (2955 bytes; live heap 210959789)
logic:7 (2801585 bytes; live heap 228091787)
lockfile:271 (4066 bytes; live heap 228806544)
logic:8 (4914 bytes; live heap 225838161)
lockfile:272 (13111 bytes; live heap 227329480)
logic:9 (450 bytes; live heap 227403769)
logic:10 (1950 bytes; live heap 227363202)
logic:11 (431 bytes; live heap 227287830)
logic:12 (1351 bytes; live heap 227241359)
logic:13 (484 bytes; live heap 227269460)
logic:14 (3314 bytes; live heap 227235399)
lockfile:273 (13373 bytes; live heap 229156145)
lockfile:274 (23999 bytes; live heap 231374052)
lockfile:275 (25536 bytes; live heap 233655892)
certificate:129 (155954 bytes; live heap 233907242)
certificate:130 (364468 bytes; live heap 234861883)
certificate:131 (483 bytes; live heap 238613028)
lockfile:276 (13122 bytes; live heap 246912765)
lockfile:277 (25803 bytes; live heap 250712547)
lockfile:278 (3084 bytes; live heap 254172978)
lockfile:279 (2371 bytes; live heap 255054628)
lockfile:280 (2894 bytes; live heap 255111741)
lockfile:281 (12852 bytes; live heap 256374399)
lockfile:282 (25537 bytes; live heap 256712264)
bitproof:175 (748866 bytes; live heap 253765983)
lockfile:283 (24533 bytes; live heap 255766700)
row-model:38 (155559 bytes; live heap 255705886)
logic:15 (2117886 bytes; live heap 253694551)
lockfile:284 (12547 bytes; live heap 253466911)
lockfile:285 (30241 bytes; live heap 251790978)
row-model:39 (161272 bytes; live heap 250412484)
certificate:132 (413443 bytes; live heap 248072355)
certificate:133 (98498 bytes; live heap 252078927)
certificate:134 (98494 bytes; live heap 252536981)
certificate:135 (93461 bytes; live heap 253552968)
certificate:136 (93417 bytes; live heap 254322173)
bitproof:176 (3014 bytes; live heap 245484149)
bitproof:177 (3102 bytes; live heap 245637542)
bitproof:178 (75008 bytes; live heap 246407541)
bitproof:179 (75002 bytes; live heap 247210606)
bitproof:180 (136 bytes; live heap 246850358)
equality:217 (1180434 bytes; live heap 249791964)
equality:218 (522 bytes; live heap 252602038)
equality:219 (216 bytes; live heap 252494106)
equality:220 (536 bytes; live heap 252227963)
equality:221 (751 bytes; live heap 251810933)
equality:222 (597 bytes; live heap 251576411)
equality:223 (256 bytes; live heap 251429053)
equality:224 (528 bytes; live heap 252417510)
equality:225 (521 bytes; live heap 252307609)
equality:226 (527 bytes; live heap 252070382)
bitproof:181 (594345 bytes; live heap 251736178)
equality:227 (486 bytes; live heap 251836062)
equality:228 (95 bytes; live heap 251929955)
equality:229 (200060 bytes; live heap 253133060)
equality:230 (591 bytes; live heap 253387643)
equality:231 (407 bytes; live heap 253706130)
bitproof:182 (136707 bytes; live heap 254051438)
logic:16 (1548 bytes; live heap 252478828)
logic:17 (2215 bytes; live heap 255186546)
logic:18 (204 bytes; live heap 255308135)
bitproof:183 (607584 bytes; live heap 266433987)
equality:232 (1340465 bytes; live heap 265501027)
certificate:137 (476 bytes; live heap 267433533)
certificate:138 (98533 bytes; live heap 269308382)
certificate:139 (149068 bytes; live heap 273652987)
certificate:140 (431 bytes; live heap 273054956)
bitproof:184 (132 bytes; live heap 271799445)
bitproof:185 (75000 bytes; live heap 272486766)
certificate:141 (98061 bytes; live heap 272940465)
bitproof:186 (134 bytes; live heap 272737430)
certificate:142 (475 bytes; live heap 275470917)
certificate:143 (448 bytes; live heap 272604347)
bitproof:187 (260780 bytes; live heap 272513364)
equality:233 (523 bytes; live heap 270868800)
equality:234 (433 bytes; live heap 271732751)
certificate:144 (154467 bytes; live heap 271742296)
equality:235 (1153 bytes; live heap 272991015)
certificate:145 (97908 bytes; live heap 272548259)
equality:236 (891 bytes; live heap 272721102)
equality:237 (457 bytes; live heap 273434737)
equality:238 (184 bytes; live heap 274048830)
equality:239 (146 bytes; live heap 274148286)
equality:240 (326 bytes; live heap 275188181)
equality:241 (1317 bytes; live heap 276063860)
equality:242 (10491 bytes; live heap 276716914)
equality:243 (1824 bytes; live heap 282839400)
equality:244 (473 bytes; live heap 287168685)
equality:245 (526 bytes; live heap 288709414)
equality:246 (461 bytes; live heap 288612833)
equality:247 (374 bytes; live heap 288617413)
equality:248 (561 bytes; live heap 288294741)
equality:249 (221 bytes; live heap 288183726)
equality:250 (231 bytes; live heap 287788769)
bitproof:188 (594237 bytes; live heap 287835590)
equality:251 (200376 bytes; live heap 288046459)
equality:252 (474 bytes; live heap 288883828)
equality:253 (526 bytes; live heap 289216440)
equality:254 (527 bytes; live heap 289410273)
bitproof:189 (594351 bytes; live heap 302374146)
bitproof:190 (332920 bytes; live heap 303665187)
eval:877 (4 bytes; live heap 270453630)
eval:878 (1 bytes; live heap 271691299)
eval:879 (338 bytes; live heap 275607179)
eval:880 (2323 bytes; live heap 279333963)
eval:881 (21 bytes; live heap 282552897)
eval:882 (42 bytes; live heap 283893867)
eval:883 (28 bytes; live heap 285847389)
eval:884 (805 bytes; live heap 293302739)
eval:885 (2 bytes; live heap 295147339)
eval:886 (36 bytes; live heap 298684594)
eval:887 (1 bytes; live heap 300101967)
eval:888 (16391 bytes; live heap 302024532)
eval:889 (3 bytes; live heap 304374814)
eval:890 (2 bytes; live heap 314071843)
certificate:146 (517 bytes; live heap 319178815)
eval:891 (30 bytes; live heap 320314843)
eval:892 (45 bytes; live heap 322738160)
row-model:40 (161280 bytes; live heap 323426965)
certificate:147 (97909 bytes; live heap 325407651)
eval:893 (27 bytes; live heap 325618307)
row-model:41 (153316 bytes; live heap 330475538)
eval:894 (450 bytes; live heap 331383250)
eval:895 (339 bytes; live heap 333882849)
row-model:42 (155048 bytes; live heap 335720736)
eval:896 (4 bytes; live heap 335707109)
row-model:43 (153299 bytes; live heap 340277345)
certificate:148 (96431 bytes; live heap 345180770)
eval:897 (68 bytes; live heap 346521362)
eval:898 (309 bytes; live heap 350041551)
eval:899 (24 bytes; live heap 354222979)
eval:900 (2 bytes; live heap 354242258)
eval:901 (24 bytes; live heap 354231735)
eval:902 (80016 bytes; live heap 354342516)
certificate:149 (102787 bytes; live heap 364331255)
lockfile:286 (2146993 bytes; live heap 362262068)
certificate:150 (93543 bytes; live heap 371699339)
certificate:151 (457 bytes; live heap 358089156)
lockfile:287 (5671 bytes; live heap 357906343)
certificate:152 (93464 bytes; live heap 352946526)
lockfile:288 (5671 bytes; live heap 347419841)
lockfile:289 (21736 bytes; live heap 322795358)
lockfile:290 (21249 bytes; live heap 313144189)
bitproof:191 (9090517 bytes; live heap 304968927)
lockfile:291 (25527 bytes; live heap 305012934)
lockfile:292 (13127 bytes; live heap 311932655)
lockfile:293 (5518 bytes; live heap 317652024)
lockfile:294 (2281 bytes; live heap 318589244)
lockfile:295 (5831 bytes; live heap 319280645)
lockfile:296 (2382 bytes; live heap 320015471)
lockfile:297 (13030 bytes; live heap 321032584)
lockfile:298 (2338 bytes; live heap 324649104)
lockfile:299 (6706 bytes; live heap 325754996)
lockfile:300 (13114 bytes; live heap 326045981)
certificate:153 (148549 bytes; live heap 326640263)
lockfile:301 (2925 bytes; live heap 328233773)
lockfile:302 (2344 bytes; live heap 329442402)
lockfile:303 (5437 bytes; live heap 326006281)
lockfile:304 (2574 bytes; live heap 327043866)
lockfile:305 (25577 bytes; live heap 312693392)
bitproof:192 (45430 bytes; live heap 298898735)
bitproof:193 (8840 bytes; live heap 298899628)
bitproof:194 (594754 bytes; live heap 300681973)
row-model:44 (155065 bytes; live heap 300341178)
logic:19 (391609 bytes; live heap 294662248)
certificate:154 (98507 bytes; live heap 293636050)
bitproof:195 (159 bytes; live heap 292478123)
bitproof:196 (8830 bytes; live heap 292614657)
certificate:155 (98492 bytes; live heap 293338054)
bitproof:197 (142065 bytes; live heap 293101785)
certificate:156 (476 bytes; live heap 293183813)
logic:20 (7179 bytes; live heap 294279027)
logic:21 (10331 bytes; live heap 294758262)
certificate:157 (98420 bytes; live heap 294852580)
logic:22 (1601 bytes; live heap 295395123)
logic:23 (1935 bytes; live heap 297571977)
logic:24 (6020 bytes; live heap 302207566)
logic:25 (411 bytes; live heap 300518612)
logic:26 (10684 bytes; live heap 299612230)
logic:27 (8611 bytes; live heap 299157044)
bitproof:198 (759150 bytes; live heap 299173907)
bitproof:199 (1128 bytes; live heap 314631579)
bitproof:200 (8791 bytes; live heap 315014484)
bitproof:201 (74996 bytes; live heap 315859141)
bitproof:202 (8017 bytes; live heap 317305420)
bitproof:203 (225489 bytes; live heap 318682510)
bitproof:204 (1554 bytes; live heap 319994539)
bitproof:205 (136390 bytes; live heap 320698451)
bitproof:206 (96 bytes; live heap 321062456)
bitproof:207 (133 bytes; live heap 321108184)
bitproof:208 (96 bytes; live heap 321127212)
equality:255 (1300471 bytes; live heap 371381195)
lockfile:306 (1984510 bytes; live heap 414899339)
lockfile:307 (25530 bytes; live heap 413241261)
lockfile:308 (2370 bytes; live heap 385691019)
lockfile:309 (5799 bytes; live heap 382528490)
lockfile:310 (25400 bytes; live heap 374981541)
lockfile:311 (13111 bytes; live heap 369577644)
bitproof:209 (8323995 bytes; live heap 362271666)
bitproof:210 (13842 bytes; live heap 354699629)
bitproof:211 (1116 bytes; live heap 355682391)
bitproof:212 (132908 bytes; live heap 356455190)
lockfile:312 (2404 bytes; live heap 356988132)
bitproof:213 (120 bytes; live heap 357042380)
bitproof:214 (1127 bytes; live heap 357710738)
lockfile:313 (2926 bytes; live heap 367046567)
bitproof:215 (771329 bytes; live heap 361138940)
bitproof:216 (757026 bytes; live heap 367225423)
bitproof:217 (8886 bytes; live heap 366923351)
bitproof:218 (265755 bytes; live heap 367463788)
bitproof:219 (594356 bytes; live heap 374305795)
equality:256 (223 bytes; live heap 367508382)
equality:257 (912 bytes; live heap 367882970)
lockfile:314 (83647 bytes; live heap 369661337)
row-model:45 (149879 bytes; live heap 376733533)
lockfile:315 (2894 bytes; live heap 380823828)
lockfile:316 (25461 bytes; live heap 383359718)
equality:258 (141133 bytes; live heap 392221297)
equality:259 (214 bytes; live heap 394583720)
equality:260 (117 bytes; live heap 394673282)
lockfile:317 (2925 bytes; live heap 394772656)
equality:261 (2164 bytes; live heap 396722422)
lockfile:318 (2211 bytes; live heap 396815376)
lockfile:319 (2929 bytes; live heap 398268266)
lockfile:320 (2337 bytes; live heap 399754205)
lockfile:321 (24903 bytes; live heap 406341269)
equality:262 (13197 bytes; live heap 433648500)
lockfile:322 (5740 bytes; live heap 436343395)
equality:263 (347 bytes; live heap 436946527)
equality:264 (3 bytes; live heap 437386587)
equality:265 (479 bytes; live heap 438109527)
equality:266 (484 bytes; live heap 438851603)
lockfile:323 (5707 bytes; live heap 439190140)
equality:267 (470 bytes; live heap 439322710)
equality:268 (470 bytes; live heap 439970111)
equality:269 (6 bytes; live heap 440859483)
equality:270 (168 bytes; live heap 441546856)
equality:271 (436 bytes; live heap 442786669)
equality:272 (453 bytes; live heap 443173155)
lockfile:324 (2933 bytes; live heap 443382608)
equality:273 (1169 bytes; live heap 444411388)
lockfile:325 (25420 bytes; live heap 446241064)
equality:274 (1382 bytes; live heap 446196482)
equality:275 (485 bytes; live heap 446190706)
equality:276 (982 bytes; live heap 447346719)
equality:277 (473 bytes; live heap 450657900)
equality:278 (219 bytes; live heap 449572726)
lockfile:326 (5675 bytes; live heap 449570170)
equality:279 (203 bytes; live heap 449584543)
equality:280 (481 bytes; live heap 449601218)
equality:281 (882 bytes; live heap 449637438)
equality:282 (497 bytes; live heap 454004819)
lockfile:327 (2355 bytes; live heap 453920743)
equality:283 (452 bytes; live heap 453913388)
equality:284 (500 bytes; live heap 453917229)
equality:285 (477 bytes; live heap 458161851)
equality:286 (495 bytes; live heap 458163863)
equality:287 (211 bytes; live heap 458235513)
equality:288 (222 bytes; live heap 458345880)
lockfile:328 (25528 bytes; live heap 458780748)
lockfile:329 (2388 bytes; live heap 461404422)
lockfile:330 (5675 bytes; live heap 462052135)
lockfile:331 (13056 bytes; live heap 459664309)
lockfile:332 (2766 bytes; live heap 457973154)
lockfile:333 (14434 bytes; live heap 455455621)
lockfile:334 (25314 bytes; live heap 458983196)
lockfile:335 (213113 bytes; live heap 458827108)
lockfile:336 (25528 bytes; live heap 457361401)
lockfile:337 (2830 bytes; live heap 456178336)
logic:28 (308784 bytes; live heap 448448736)
lockfile:338 (25528 bytes; live heap 447535288)
logic:29 (2899 bytes; live heap 447179829)
logic:30 (3252 bytes; live heap 446089634)
logic:31 (620 bytes; live heap 445439735)
equality:289 (463297 bytes; live heap 445265027)
eval:903 (5 bytes; live heap 438278068)
eval:904 (2 bytes; live heap 438170872)
eval:905 (23 bytes; live heap 438125679)
eval:906 (13 bytes; live heap 438314815)
eval:907 (31 bytes; live heap 438202892)
equality:290 (543 bytes; live heap 438113570)
eval:908 (28 bytes; live heap 438092619)
eval:909 (22 bytes; live heap 437967796)
eval:910 (34 bytes; live heap 437902982)
eval:911 (6 bytes; live heap 437833306)
equality:291 (500 bytes; live heap 437765679)
eval:912 (28 bytes; live heap 437734116)
logic:32 (78868 bytes; live heap 437630237)
eval:913 (10007 bytes; live heap 437636205)
eval:914 (18 bytes; live heap 437608420)
equality:292 (936 bytes; live heap 436255520)
eval:915 (27 bytes; live heap 436285864)
logic:33 (2488 bytes; live heap 436294367)
eval:916 (40 bytes; live heap 436365604)
equality:293 (205 bytes; live heap 436407018)
eval:917 (287 bytes; live heap 436429137)
logic:34 (3642 bytes; live heap 441749644)
eval:918 (27 bytes; live heap 442049989)
bitproof:220 (5913388 bytes; live heap 441711731)
eval:919 (530 bytes; live heap 442331626)
eval:920 (46 bytes; live heap 442738993)
eval:921 (27 bytes; live heap 443075007)
eval:922 (28 bytes; live heap 443305404)
eval:923 (2 bytes; live heap 445311942)
eval:924 (823 bytes; live heap 445817856)
eval:925 (50 bytes; live heap 446346579)
eval:926 (7 bytes; live heap 446643432)
eval:927 (51 bytes; live heap 446941925)
logic:35 (67360 bytes; live heap 450244142)
logic:36 (597 bytes; live heap 452973406)
eval:928 (420022 bytes; live heap 501812218)
eval:929 (22 bytes; live heap 549080459)
eval:930 (156 bytes; live heap 549312811)
eval:931 (20 bytes; live heap 549514653)
eval:932 (21 bytes; live heap 549698935)
eval:933 (4 bytes; live heap 549881137)
eval:934 (19 bytes; live heap 550296849)
eval:935 (15 bytes; live heap 550550723)
eval:936 (128 bytes; live heap 550939103)
eval:937 (751 bytes; live heap 551330592)
eval:938 (13 bytes; live heap 554125392)
eval:939 (36 bytes; live heap 554568922)
eval:940 (21 bytes; live heap 555058864)
eval:941 (200023 bytes; live heap 556863726)
eval:942 (2 bytes; live heap 556995182)
eval:943 (18 bytes; live heap 557384879)
eval:944 (319 bytes; live heap 557525470)
eval:945 (175 bytes; live heap 558946441)
eval:946 (6 bytes; live heap 559168092)
eval:947 (22 bytes; live heap 559440052)
eval:948 (48 bytes; live heap 559760895)
eval:949 (48 bytes; live heap 560349952)
eval:950 (7 bytes; live heap 560948198)
eval:951 (7 bytes; live heap 561425905)
eval:952 (8 bytes; live heap 561479888)
eval:953 (22 bytes; live heap 561373579)
eval:954 (951 bytes; live heap 561724735)
eval:955 (2 bytes; live heap 562230336)
eval:956 (19 bytes; live heap 562551245)
eval:957 (22 bytes; live heap 562792144)
eval:958 (19 bytes; live heap 563074709)
eval:959 (25 bytes; live heap 563351312)
eval:960 (10028 bytes; live heap 563754872)
eval:961 (162 bytes; live heap 564395094)
eval:962 (22 bytes; live heap 565067221)
eval:963 (4 bytes; live heap 565188482)
eval:964 (4 bytes; live heap 565309515)
eval:965 (22 bytes; live heap 565228992)
eval:966 (200004 bytes; live heap 566970962)
eval:967 (362 bytes; live heap 567102354)
eval:968 (27 bytes; live heap 567538221)
row-model:46 (153321 bytes; live heap 567639553)
eval:969 (5 bytes; live heap 567678351)
eval:970 (2 bytes; live heap 567969433)
eval:971 (22 bytes; live heap 568221256)
eval:972 (3017 bytes; live heap 569852266)
row-model:47 (153349 bytes; live heap 569931930)
eval:973 (15 bytes; live heap 570017378)
eval:974 (145 bytes; live heap 570367049)
eval:975 (37 bytes; live heap 570690013)
eval:976 (4 bytes; live heap 570914125)
eval:977 (2 bytes; live heap 571121642)
row-model:48 (153299 bytes; live heap 575091039)
eval:978 (12312 bytes; live heap 586429287)
eval:979 (2 bytes; live heap 586649766)
logic:37 (143677 bytes; live heap 586600504)
eval:980 (11 bytes; live heap 587471692)
logic:38 (2453 bytes; live heap 587985547)
eval:981 (22 bytes; live heap 588590579)
eval:982 (7 bytes; live heap 589033356)
eval:983 (2 bytes; live heap 589241166)
eval:984 (21 bytes; live heap 589423651)
eval:985 (22 bytes; live heap 589839490)
eval:986 (25 bytes; live heap 590218647)
eval:987 (16 bytes; live heap 590479007)
eval:988 (160 bytes; live heap 590823515)
logic:39 (503 bytes; live heap 590870351)
logic:40 (244 bytes; live heap 591069218)
logic:41 (460 bytes; live heap 591235930)
eval:989 (3 bytes; live heap 591739224)
logic:42 (1913 bytes; live heap 591752234)
eval:990 (26 bytes; live heap 591926882)
eval:991 (20 bytes; live heap 592211268)
eval:992 (17 bytes; live heap 593075152)
logic:43 (10868 bytes; live heap 601064460)
eval:993 (4502 bytes; live heap 601253659)
eval:994 (19 bytes; live heap 602012108)
logic:44 (1163 bytes; live heap 602556029)
logic:45 (2362 bytes; live heap 603473063)
logic:46 (2306 bytes; live heap 606236332)
logic:47 (2720 bytes; live heap 606420851)
eval:995 (3101 bytes; live heap 610579790)
eval:996 (10 bytes; live heap 611406458)
eval:997 (3 bytes; live heap 611803500)
eval:998 (1834 bytes; live heap 613126305)
eval:999 (12 bytes; live heap 612827531)
eval: 1000 cases in 4.327613375s; 282 mutants accepted; slowest seed 2.47475ms; slowest case 594 997.736417ms; largest heap case 863 35763647 bytes
     111 expected u64 JSON value
     101 argument count mismatch
      87 arguments must be an array
      52 expected u32 JSON value
      39 expected i32
      25 expected JSON array
      19 expected Boolean JSON value
      16 expected f32
      13 expected value at line 1 column 2
      12 recursion limit exceeded at line 1 column 128
      11 expected value at line 1 column 1
      10 expected `,` or `]` at line 1 column 3
       8 vector dimension mismatch
       7 EOF while parsing a value at line 1 column 0
       7 expected `,` or `]` at line 1 column 4
       6 expected `,` or `]` at line 1 column 7
       5 expected `,` or `]` at line 1 column 14
       5 expected value at line 1 column 3
       5 trailing characters at line 1 column 3
       4 EOF while parsing a list at line 1 column 1
       4 expected ident at line 1 column 2
       4 trailing characters at line 1 column 5
       3 EOF while parsing a list at line 1 column 2
       3 EOF while parsing a value at line 1 column 7
       3 expected `,` or `]` at line 1 column 12
test fuzz_evaluation_arguments ... ok
bitproof:221 (594623 bytes; live heap 599220659)
lockfile:339 (2128636 bytes; live heap 606456419)
lockfile:340 (2700 bytes; live heap 601955550)
lockfile:341 (2372 bytes; live heap 604760966)
lockfile:342 (5510 bytes; live heap 605500214)
lockfile:343 (23145 bytes; live heap 607066536)
lockfile:344 (13430 bytes; live heap 613718051)
lockfile:345 (2865 bytes; live heap 618806827)
lockfile:346 (2373 bytes; live heap 621046970)
lockfile:347 (2935 bytes; live heap 623264994)
lockfile:348 (2371 bytes; live heap 624752185)
lockfile:349 (25531 bytes; live heap 625918535)
logic:48 (121908 bytes; live heap 627350546)
logic:49 (1243 bytes; live heap 627460229)
logic:50 (1460 bytes; live heap 627548387)
logic:51 (2430 bytes; live heap 628149279)
logic:52 (376 bytes; live heap 628559511)
logic:53 (2607 bytes; live heap 629191116)
bitproof:222 (265757 bytes; live heap 628528122)
bitproof:223 (96 bytes; live heap 628418113)
logic:54 (846 bytes; live heap 628414703)
bitproof:224 (8864 bytes; live heap 628896244)
bitproof:225 (134 bytes; live heap 629202473)
bitproof:226 (1601 bytes; live heap 629564787)
bitproof:227 (96 bytes; live heap 629770709)
lockfile:350 (13030 bytes; live heap 631161515)
logic:55 (10843 bytes; live heap 631182749)
logic:56 (1896 bytes; live heap 632260182)
logic:57 (628 bytes; live heap 632654171)
logic:58 (469 bytes; live heap 633271538)
bitproof:228 (7927 bytes; live heap 633727019)
logic:59 (2352 bytes; live heap 633777764)
bitproof:229 (3015 bytes; live heap 634081627)
lockfile:351 (2928 bytes; live heap 634600043)
logic:60 (202152 bytes; live heap 634685042)
logic:61 (16587 bytes; live heap 634460320)
row-model:49 (153359 bytes; live heap 636547552)
logic:62 (1687 bytes; live heap 636577252)
logic:63 (798 bytes; live heap 636706179)
logic:64 (2080 bytes; live heap 637094212)
lockfile:352 (5674 bytes; live heap 636956160)
row-model:50 (153307 bytes; live heap 636951996)
bitproof:230 (136713 bytes; live heap 636995439)
row-model:51 (153300 bytes; live heap 638441608)
lockfile:353 (11610 bytes; live heap 641072759)
logic:65 (18567 bytes; live heap 641335149)
bitproof:231 (132914 bytes; live heap 641134203)
bitproof:232 (131 bytes; live heap 641647172)
lockfile:354 (25209 bytes; live heap 642392882)
logic:66 (1803 bytes; live heap 645795110)
bitproof:233 (140548 bytes; live heap 646376315)
logic:67 (7185 bytes; live heap 648540368)
bitproof:234 (182 bytes; live heap 649013820)
bitproof:235 (137048 bytes; live heap 651642298)
lockfile:355 (13119 bytes; live heap 653566413)
bitproof:236 (143301 bytes; live heap 653645698)
bitproof:237 (2123 bytes; live heap 653931584)
bitproof:238 (142146 bytes; live heap 655855581)
logic:68 (40556 bytes; live heap 656153642)
lockfile:356 (25653 bytes; live heap 656428260)
bitproof:239 (96 bytes; live heap 655978167)
bitproof:240 (134 bytes; live heap 656124685)
logic:69 (4755 bytes; live heap 666714368)
bitproof:241 (1137432 bytes; live heap 660101939)
logic:70 (7225 bytes; live heap 660028350)
logic:71 (2237 bytes; live heap 662896656)
logic:72 (528 bytes; live heap 664349405)
logic:73 (233 bytes; live heap 664591271)
bitproof:242 (136716 bytes; live heap 664574772)
lockfile:357 (5703 bytes; live heap 673812925)
bitproof:243 (618694 bytes; live heap 671605453)
lockfile:358 (13772 bytes; live heap 673086651)
bitproof:244 (79784 bytes; live heap 672137568)
lockfile:359 (5671 bytes; live heap 672304325)
logic:74 (61142 bytes; live heap 671911832)
bitproof:245 (8860 bytes; live heap 671561985)
bitproof:246 (120 bytes; live heap 672099211)
bitproof:247 (133 bytes; live heap 672253938)
bitproof:248 (3090 bytes; live heap 672747763)
lockfile:360 (5633 bytes; live heap 672989200)
bitproof:249 (132931 bytes; live heap 673246304)
logic:75 (877 bytes; live heap 673060647)
logic:76 (201462 bytes; live heap 673835044)
lockfile:361 (2949 bytes; live heap 673684107)
logic:77 (4691 bytes; live heap 673678945)
lockfile:362 (12991 bytes; live heap 674333533)
logic:78 (11453 bytes; live heap 673023317)
logic:79 (2487 bytes; live heap 672626303)
lockfile:363 (13040 bytes; live heap 672420094)
logic:80 (2260 bytes; live heap 672210197)
logic:81 (353 bytes; live heap 671630595)
logic:82 (1967 bytes; live heap 671528597)
logic:83 (2146 bytes; live heap 671249726)
logic:84 (3866 bytes; live heap 670128727)
lockfile:364 (13153 bytes; live heap 669919285)
logic:85 (3980 bytes; live heap 669238709)
logic:86 (9993 bytes; live heap 668379033)
logic:87 (4083 bytes; live heap 667833315)
lockfile:365 (2400 bytes; live heap 667622179)
logic:88 (3363 bytes; live heap 666896395)
lockfile:366 (5674 bytes; live heap 663368401)
logic:89 (4630 bytes; live heap 663228235)
lockfile:367 (25528 bytes; live heap 662886643)
logic:90 (7065 bytes; live heap 661886006)
logic:91 (10871 bytes; live heap 660699729)
logic:92 (2276 bytes; live heap 660259070)
logic:93 (595 bytes; live heap 659973209)
logic:94 (2194 bytes; live heap 659291895)
lockfile:368 (25389 bytes; live heap 658359685)
logic:95 (11142 bytes; live heap 656973858)
logic:96 (2903 bytes; live heap 656585914)
logic:97 (200355 bytes; live heap 656574721)
logic:98 (16611 bytes; live heap 655458438)
lockfile:369 (12933 bytes; live heap 655419616)
lockfile:370 (13111 bytes; live heap 654825039)
lockfile:371 (25558 bytes; live heap 655631132)
lockfile:372 (5652 bytes; live heap 654792469)
lockfile:373 (2372 bytes; live heap 652168841)
logic:99 (194299 bytes; live heap 651249848)
lockfile:374 (3958 bytes; live heap 649791814)
logic:100 (6399 bytes; live heap 649192582)
lockfile:375 (2478 bytes; live heap 648230528)
logic:101 (2036 bytes; live heap 647693829)
logic:102 (209 bytes; live heap 647446747)
logic:103 (1805 bytes; live heap 647304892)
lockfile:376 (2930 bytes; live heap 646653114)
logic:104 (2360 bytes; live heap 646584962)
logic:105 (701 bytes; live heap 646187159)
logic:106 (8667 bytes; live heap 645013896)
logic:107 (478 bytes; live heap 644302729)
lockfile:377 (14476 bytes; live heap 643962391)
logic:108 (5151 bytes; live heap 641446374)
lockfile:378 (13038 bytes; live heap 641307141)
logic:109 (415 bytes; live heap 641194333)
logic:110 (2782 bytes; live heap 639660001)
logic:111 (464 bytes; live heap 638880068)
logic:112 (4292 bytes; live heap 638703141)
lockfile:379 (5633 bytes; live heap 637828251)
logic:113 (1772 bytes; live heap 636671914)
logic:114 (1526 bytes; live heap 636509975)
lockfile:380 (225553 bytes; live heap 635835524)
logic:115 (967 bytes; live heap 635913521)
logic:116 (889 bytes; live heap 634683819)
lockfile:381 (2437 bytes; live heap 629265270)
lockfile:382 (2370 bytes; live heap 627531331)
lockfile:383 (65558 bytes; live heap 606980172)
logic:117 (302330 bytes; live heap 596799404)
lockfile:384 (5696 bytes; live heap 596684371)
lockfile:385 (13585 bytes; live heap 589113340)
logic:118 (19425 bytes; live heap 583435394)
row-model:52 (155047 bytes; live heap 581614882)
bitproof:250 (960217 bytes; live heap 577291892)
lockfile:386 (13023 bytes; live heap 577165212)
logic:119 (2169 bytes; live heap 575263206)
lockfile:387 (3515 bytes; live heap 574374379)
lockfile:388 (5641 bytes; live heap 564907927)
lockfile:389 (2128706 bytes; live heap 556493139)
lockfile:390 (13111 bytes; live heap 547388471)
logic:120 (8014 bytes; live heap 544965086)
logic:121 (10189 bytes; live heap 544865820)
logic:122 (229 bytes; live heap 544837657)
logic:123 (1889 bytes; live heap 544762760)
lockfile:391 (5682 bytes; live heap 544437513)
logic:124 (8454 bytes; live heap 540741883)
logic:125 (2156 bytes; live heap 539796879)
bitproof:251 (142085 bytes; live heap 539157252)
logic:126 (1131 bytes; live heap 539120247)
logic:127 (643 bytes; live heap 539041264)
logic:128 (2328 bytes; live heap 539644374)
logic:129 (2702 bytes; live heap 538820491)
logic:130 (2137 bytes; live heap 538248525)
logic:131 (3093 bytes; live heap 536926452)
logic:132 (1837 bytes; live heap 536295374)
bitproof:252 (12863 bytes; live heap 533595367)
bitproof:253 (173 bytes; live heap 533292924)
bitproof:254 (3097 bytes; live heap 533109574)
bitproof:255 (152 bytes; live heap 532951765)
bitproof:256 (136210 bytes; live heap 531501817)
logic:133 (19308 bytes; live heap 530942900)
bitproof:257 (175 bytes; live heap 529810633)
bitproof:258 (173 bytes; live heap 529748767)
logic:134 (4668 bytes; live heap 535995318)
lockfile:392 (142300 bytes; live heap 536972617)
logic:135 (4274 bytes; live heap 538717710)
lockfile:393 (5671 bytes; live heap 542486152)
lockfile:394 (13155 bytes; live heap 551231161)
lockfile:395 (5670 bytes; live heap 562816004)
lockfile:396 (2889 bytes; live heap 569128375)
logic:136 (14433 bytes; live heap 575547404)
lockfile:397 (25783 bytes; live heap 576361937)
logic:137 (5141 bytes; live heap 581521595)
logic:138 (2214 bytes; live heap 581750943)
logic:139 (816 bytes; live heap 582780611)
logic:140 (1122 bytes; live heap 583636243)
logic:141 (2465 bytes; live heap 584107832)
logic:142 (90 bytes; live heap 584063382)
lockfile:398 (2930 bytes; live heap 583862633)
logic:143 (2328 bytes; live heap 584220966)
logic:144 (208 bytes; live heap 584056771)
lockfile:399 (2375 bytes; live heap 584421650)
logic:145 (3203 bytes; live heap 584110628)
logic:146 (2179 bytes; live heap 583638382)
logic:147 (2311 bytes; live heap 584937168)
logic:148 (1110 bytes; live heap 584714687)
logic:149 (1792 bytes; live heap 584411410)
lockfile:400 (13035 bytes; live heap 584368917)
logic:150 (4553 bytes; live heap 582573844)
logic:151 (1092 bytes; live heap 585031365)
lockfile:401 (25555 bytes; live heap 584870583)
logic:152 (2109 bytes; live heap 584324060)
logic:153 (5820 bytes; live heap 582959188)
logic:154 (701 bytes; live heap 579713891)
logic:155 (2526 bytes; live heap 579225360)
lockfile:402 (32833 bytes; live heap 579124251)
logic:156 (2539 bytes; live heap 579081197)
logic:157 (400 bytes; live heap 578746061)
logic:158 (2818 bytes; live heap 573813697)
logic:159 (913 bytes; live heap 572218277)
logic:160 (1752 bytes; live heap 570605226)
logic:161 (290 bytes; live heap 569593732)
logic:162 (7370 bytes; live heap 564595179)
lockfile:403 (5643 bytes; live heap 561856489)
logic:163 (8071 bytes; live heap 560509923)
logic:164 (183 bytes; live heap 552624654)
logic:165 (2569 bytes; live heap 547738340)
lockfile:404 (2314 bytes; live heap 547657323)
logic:166 (2625 bytes; live heap 545849411)
lockfile:405 (13027 bytes; live heap 543240889)
logic:167 (1321 bytes; live heap 542202284)
logic:168 (905 bytes; live heap 541475595)
logic:169 (2299 bytes; live heap 538337592)
logic:170 (7552 bytes; live heap 528585730)
logic:171 (1070 bytes; live heap 525819921)
lockfile:406 (30389 bytes; live heap 516464075)
bitproof:259 (7860628 bytes; live heap 501515220)
lockfile:407 (5671 bytes; live heap 502197199)
lockfile:408 (2936 bytes; live heap 501973801)
lockfile:409 (2338 bytes; live heap 501801345)
row-model:53 (153335 bytes; live heap 501870790)
lockfile:410 (5702 bytes; live heap 502345520)
row-model:54 (163299 bytes; live heap 502750420)
lockfile:411 (2365 bytes; live heap 503728049)
bitproof:260 (3128 bytes; live heap 476294724)
certificate:158 (1748418 bytes; live heap 473351147)
bitproof:261 (143298 bytes; live heap 473315477)
lockfile:412 (1005697 bytes; live heap 511779863)
lockfile:413 (295033 bytes; live heap 518366167)
bitproof:262 (763166 bytes; live heap 544191338)
row-model:55 (153307 bytes; live heap 550206370)
row-model:56 (155047 bytes; live heap 550092661)
lockfile:414 (173126 bytes; live heap 551802381)
lockfile:415 (2269 bytes; live heap 548987547)
lockfile:416 (2910 bytes; live heap 546713412)
lockfile:417 (2018 bytes; live heap 544506642)
lockfile:418 (1392409 bytes; live heap 561977016)
lockfile:419 (2403 bytes; live heap 567414227)
lockfile:420 (25419 bytes; live heap 568998445)
lockfile:421 (29827 bytes; live heap 580145759)
certificate:159 (93466 bytes; live heap 572907625)
lockfile:422 (13103 bytes; live heap 573738758)
lockfile:423 (25559 bytes; live heap 577974594)
lockfile:424 (12341 bytes; live heap 575959578)
lockfile:425 (2967 bytes; live heap 576208916)
lockfile:426 (5778 bytes; live heap 574726543)
lockfile:427 (2378 bytes; live heap 572928800)
lockfile:428 (13180 bytes; live heap 581437809)
lockfile:429 (1717 bytes; live heap 580972202)
lockfile:430 (35529 bytes; live heap 581044897)
lockfile:431 (25382 bytes; live heap 569796611)
certificate:160 (154456 bytes; live heap 568530494)
certificate:161 (93461 bytes; live heap 565750694)
lockfile:432 (13179 bytes; live heap 554409285)
lockfile:433 (3188 bytes; live heap 548582442)
lockfile:434 (24007 bytes; live heap 545408475)
lockfile:435 (2269 bytes; live heap 534044357)
lockfile:436 (2370 bytes; live heap 529919153)
lockfile:437 (2948 bytes; live heap 524012703)
lockfile:438 (2633 bytes; live heap 521336599)
lockfile:439 (5642 bytes; live heap 519077994)
lockfile:440 (2941 bytes; live heap 515800503)
bitproof:263 (10343671 bytes; live heap 513358201)
lockfile:441 (2884 bytes; live heap 513651302)
lockfile:442 (5736 bytes; live heap 514725340)
lockfile:443 (13031 bytes; live heap 515762506)
lockfile:444 (2376 bytes; live heap 517190810)
lockfile:445 (2279 bytes; live heap 517825209)
lockfile:446 (5639 bytes; live heap 518710001)
certificate:162 (476 bytes; live heap 521092455)
certificate:163 (148568 bytes; live heap 523740122)
certificate:164 (93464 bytes; live heap 525176269)
row-model:57 (163290 bytes; live heap 538081925)
row-model:58 (153170 bytes; live heap 538933397)
row-model:59 (153299 bytes; live heap 539885826)
certificate:165 (107917 bytes; live heap 558794054)
certificate:166 (93740 bytes; live heap 560161455)
certificate:167 (448 bytes; live heap 560466454)
certificate:168 (93462 bytes; live heap 561794751)
certificate:169 (8969 bytes; live heap 566578917)
certificate:170 (96453 bytes; live heap 566766548)
bitproof:264 (136712 bytes; live heap 528810912)
bitproof:265 (265745 bytes; live heap 527509901)
bitproof:266 (137404 bytes; live heap 526191549)
certificate:171 (104274 bytes; live heap 525981130)
certificate:172 (476 bytes; live heap 487409548)
certificate:173 (149125 bytes; live heap 485108082)
bitproof:267 (780180 bytes; live heap 467896065)
bitproof:268 (74994 bytes; live heap 455011007)
bitproof:269 (759142 bytes; live heap 406976071)
equality:294 (1500466 bytes; live heap 401754967)
certificate:174 (97928 bytes; live heap 400158086)
equality:295 (474 bytes; live heap 400152491)
equality:296 (471 bytes; live heap 400340697)
equality:297 (12 bytes; live heap 400394046)
equality:298 (223 bytes; live heap 400401444)
equality:299 (1165 bytes; live heap 400593702)
equality:300 (875 bytes; live heap 400605900)
certificate:175 (108484 bytes; live heap 400579197)
equality:301 (219 bytes; live heap 400598717)
equality:302 (944 bytes; live heap 400649384)
equality:303 (336 bytes; live heap 400665973)
equality:304 (882 bytes; live heap 400469332)
equality:305 (550 bytes; live heap 400830052)
equality:306 (222 bytes; live heap 400851339)
certificate:176 (148548 bytes; live heap 400159848)
equality:307 (274957 bytes; live heap 399422609)
certificate:177 (98367 bytes; live heap 399476537)
equality:308 (249 bytes; live heap 398128812)
equality:309 (592 bytes; live heap 397061130)
equality:310 (1153 bytes; live heap 396674395)
bitproof:270 (75293 bytes; live heap 395894474)
equality:311 (512 bytes; live heap 395857705)
equality:312 (920 bytes; live heap 395879945)
equality:313 (243 bytes; live heap 395528972)
equality:314 (717 bytes; live heap 395534123)
bitproof:271 (8829 bytes; live heap 395434716)
equality:315 (900 bytes; live heap 395366735)
equality:316 (35 bytes; live heap 395339819)
equality:317 (856 bytes; live heap 395530126)
equality:318 (481 bytes; live heap 396006297)
equality:319 (896 bytes; live heap 396326117)
equality:320 (1011 bytes; live heap 396756198)
equality:321 (198 bytes; live heap 396944318)
equality:322 (182 bytes; live heap 397217795)
equality:323 (1142 bytes; live heap 397509553)
equality:324 (192 bytes; live heap 397736996)
equality:325 (489 bytes; live heap 400161016)
bitproof:272 (759456 bytes; live heap 396810119)
bitproof:273 (191 bytes; live heap 388007874)
bitproof:274 (134 bytes; live heap 387902128)
bitproof:275 (143292 bytes; live heap 387591636)
bitproof:276 (141872 bytes; live heap 384083511)
certificate:178 (476 bytes; live heap 386111920)
certificate:179 (450 bytes; live heap 386019962)
certificate:180 (93399 bytes; live heap 386062795)
bitproof:277 (145 bytes; live heap 385572575)
certificate:181 (97939 bytes; live heap 386794515)
certificate:182 (104269 bytes; live heap 386515703)
bitproof:278 (144440 bytes; live heap 385148441)
certificate:183 (97908 bytes; live heap 384172490)
row-model:60 (1492697 bytes; live heap 379479427)
row-model:61 (155048 bytes; live heap 369434831)
row-model:62 (155070 bytes; live heap 373206019)
lockfile:447 (2181878 bytes; live heap 369025791)
lockfile:448 (2926 bytes; live heap 363914216)
lockfile:449 (13112 bytes; live heap 363064574)
lockfile:450 (7040 bytes; live heap 356157380)
certificate:184 (296430 bytes; live heap 353877584)
lockfile:451 (35543 bytes; live heap 353852045)
certificate:185 (451 bytes; live heap 343896788)
lockfile:452 (284893 bytes; live heap 339470339)
lockfile:453 (25541 bytes; live heap 338841407)
lockfile:454 (202373 bytes; live heap 338573093)
lockfile:455 (13268 bytes; live heap 338377466)
lockfile:456 (5673 bytes; live heap 338104690)
lockfile:457 (2943 bytes; live heap 337567452)
lockfile:458 (3007 bytes; live heap 334220239)
bitproof:279 (780173 bytes; live heap 333090788)
lockfile:459 (2862 bytes; live heap 333118012)
lockfile:460 (2775 bytes; live heap 333354041)
lockfile:461 (25315 bytes; live heap 332695424)
lockfile:462 (2361 bytes; live heap 331325413)
lockfile:463 (5549 bytes; live heap 331342362)
lockfile:464 (2874 bytes; live heap 330834236)
equality:326 (260509 bytes; live heap 330157481)
lockfile:465 (23136 bytes; live heap 329569380)
lockfile:466 (25537 bytes; live heap 328832412)
bitproof:280 (176 bytes; live heap 324855872)
bitproof:281 (259410 bytes; live heap 324424883)
equality:327 (882 bytes; live heap 323626133)
bitproof:282 (147 bytes; live heap 322255559)
equality:328 (473 bytes; live heap 322032109)
equality:329 (216 bytes; live heap 323259162)
equality:330 (928 bytes; live heap 323209428)
bitproof:283 (132926 bytes; live heap 321568920)
lockfile:467 (2921 bytes; live heap 321639348)
equality:331 (1151 bytes; live heap 322816116)
bitproof:284 (169 bytes; live heap 320826912)
equality:332 (63 bytes; live heap 321408551)
bitproof:285 (132923 bytes; live heap 320748707)
equality:333 (457 bytes; live heap 320882809)
lockfile:468 (25312 bytes; live heap 321634435)
lockfile:469 (2045 bytes; live heap 326701858)
lockfile:470 (2358 bytes; live heap 329891318)
lockfile:471 (13111 bytes; live heap 332642731)
lockfile:472 (25528 bytes; live heap 336319785)
lockfile:473 (2635 bytes; live heap 340769035)
lockfile:474 (3004 bytes; live heap 341889325)
lockfile:475 (13115 bytes; live heap 345779136)
lockfile:476 (3003 bytes; live heap 349683268)
row-model:63 (154081 bytes; live heap 352027346)
lockfile:477 (5672 bytes; live heap 352732985)
row-model:64 (111825 bytes; live heap 354168127)
row-model:65 (152013 bytes; live heap 356363873)
lockfile:478 (25634 bytes; live heap 356650678)
lockfile:479 (25540 bytes; live heap 362190628)
lockfile:480 (5679 bytes; live heap 364708406)
lockfile:481 (2916 bytes; live heap 364291540)
lockfile:482 (3276 bytes; live heap 361727472)
lockfile:483 (5683 bytes; live heap 349853605)
lockfile:484 (25547 bytes; live heap 344102283)
lockfile:485 (2895 bytes; live heap 330432496)
lockfile:486 (2354 bytes; live heap 328666567)
bitproof:286 (780212 bytes; live heap 326526835)
lockfile:487 (13270 bytes; live heap 326526835)
lockfile:488 (5742 bytes; live heap 324009136)
lockfile:489 (12964 bytes; live heap 324386118)
lockfile:490 (2577 bytes; live heap 319868678)
lockfile:491 (25537 bytes; live heap 318648108)
lockfile:492 (25329 bytes; live heap 310889247)
lockfile:493 (2687 bytes; live heap 315618466)
lockfile:494 (2373 bytes; live heap 313161951)
bitproof:287 (594650 bytes; live heap 312565983)
lockfile:495 (2383 bytes; live heap 313017068)
lockfile:496 (2912 bytes; live heap 313137230)
lockfile:497 (5660 bytes; live heap 313165371)
lockfile:498 (2039 bytes; live heap 313213495)
lockfile:499 (2901 bytes; live heap 314299535)
bitproof:288 (264462 bytes; live heap 314184966)
bitproof:289 (8792 bytes; live heap 313843710)
lockfile:500 (25544 bytes; live heap 315686683)
bitproof:290 (90648 bytes; live heap 314962495)
bitproof:291 (1602 bytes; live heap 315408919)
lockfile:501 (2896 bytes; live heap 317450979)
lockfile:502 (2340 bytes; live heap 318262798)
lockfile:503 (2918 bytes; live heap 318756202)
lockfile:504 (5695 bytes; live heap 319255788)
lockfile:505 (13099 bytes; live heap 320328269)
lockfile:506 (25382 bytes; live heap 323355838)
lockfile:507 (2926 bytes; live heap 326002320)
lockfile:508 (12373 bytes; live heap 328210716)
lockfile:509 (2929 bytes; live heap 329083275)
row-model:66 (353299 bytes; live heap 339618552)
core:103 (3379582 bytes; live heap 321232352)
bitproof:292 (763149 bytes; live heap 320920263)
core:104 (1165 bytes; live heap 316511652)
core:105 (23 bytes; live heap 316563429)
core:106 (2266 bytes; live heap 316489749)
core:107 (295 bytes; live heap 316634434)
core:108 (2376 bytes; live heap 319833175)
bitproof:293 (143306 bytes; live heap 352940888)
bitproof:294 (96 bytes; live heap 353082743)
bitproof:295 (1107 bytes; live heap 353129951)
bitproof:296 (173 bytes; live heap 353198004)
bitproof:297 (28866 bytes; live heap 353468951)
bitproof:298 (173 bytes; live heap 353767525)
bitproof:299 (8798 bytes; live heap 353956558)
bitproof:300 (136715 bytes; live heap 355516609)
bitproof:301 (594592 bytes; live heap 361158620)
bitproof:302 (1113 bytes; live heap 365448724)
bitproof:303 (895 bytes; live heap 365427365)
bitproof:304 (594331 bytes; live heap 364212821)
bitproof:305 (8784 bytes; live heap 358950111)
bitproof:306 (96 bytes; live heap 358832274)
bitproof:307 (140 bytes; live heap 358810687)
row-model:67 (151428 bytes; live heap 362131205)
row-model:68 (153328 bytes; live heap 365474476)
row-model:69 (155047 bytes; live heap 315587700)
row-model:70 (153235 bytes; live heap 314887550)
equality:334 (850738 bytes; live heap 314080769)
row-model:71 (155047 bytes; live heap 313675571)
row-model:72 (153298 bytes; live heap 312539548)
row-model:73 (353299 bytes; live heap 311975575)
equality:335 (1618 bytes; live heap 310561013)
equality:336 (481 bytes; live heap 309666860)
equality:337 (652 bytes; live heap 308471884)
equality:338 (525 bytes; live heap 307702860)
equality:339 (501 bytes; live heap 307317801)
equality:340 (485 bytes; live heap 306092636)
equality:341 (236 bytes; live heap 305336075)
equality:342 (1186 bytes; live heap 303034804)
equality:343 (461 bytes; live heap 302103348)
equality:344 (526 bytes; live heap 301597835)
equality:345 (224 bytes; live heap 300790429)
equality:346 (883 bytes; live heap 300100604)
equality:347 (495 bytes; live heap 299113895)
equality:348 (200053 bytes; live heap 297421833)
equality:349 (521 bytes; live heap 296401237)
equality:350 (481 bytes; live heap 295727615)
equality:351 (5442 bytes; live heap 294813478)
equality:352 (496 bytes; live heap 294445366)
equality:353 (83 bytes; live heap 294334619)
equality:354 (93 bytes; live heap 294214321)
equality:355 (794 bytes; live heap 293620347)
bitproof:308 (7739804 bytes; live heap 288209072)
lockfile:510 (1865528 bytes; live heap 285720381)
certificate:186 (1219861 bytes; live heap 286460905)
core:109 (1201126 bytes; live heap 305310301)
lockfile:511 (13092 bytes; live heap 315525568)
lockfile:512 (25531 bytes; live heap 317736802)
lockfile:513 (2946 bytes; live heap 323325854)
lockfile:514 (13159 bytes; live heap 324236187)
lockfile:515 (2470 bytes; live heap 323159354)
lockfile:516 (25382 bytes; live heap 320436007)
certificate:187 (98495 bytes; live heap 319799435)
lockfile:517 (25529 bytes; live heap 319125565)
certificate:188 (97897 bytes; live heap 318851258)
certificate:189 (104302 bytes; live heap 319408798)
row-model:74 (153230 bytes; live heap 320309928)
bitproof:309 (3077 bytes; live heap 289367327)
core:110 (1167 bytes; live heap 289095795)
bitproof:310 (8836 bytes; live heap 288922591)
bitproof:311 (26144 bytes; live heap 288371261)
bitproof:312 (50609 bytes; live heap 291683268)
core:111 (202270 bytes; live heap 291480021)
bitproof:313 (132914 bytes; live heap 291081914)
core:112 (368 bytes; live heap 290824580)
core:113 (1432 bytes; live heap 291110401)
bitproof:314 (96 bytes; live heap 290517103)
bitproof:315 (139 bytes; live heap 290295047)
certificate:190 (148558 bytes; live heap 296453609)
certificate:191 (98485 bytes; live heap 296371241)
bitproof:316 (759454 bytes; live heap 290466420)
certificate:192 (97918 bytes; live heap 290283934)
lockfile:518 (325663 bytes; live heap 289825592)
lockfile:519 (13111 bytes; live heap 293853304)
bitproof:317 (3832 bytes; live heap 292981110)
bitproof:318 (1591 bytes; live heap 293934002)
bitproof:319 (133 bytes; live heap 294034581)
bitproof:320 (1241455 bytes; live heap 311797989)
certificate:193 (93458 bytes; live heap 323835906)
certificate:194 (480 bytes; live heap 322245074)
certificate:195 (453 bytes; live heap 321675639)
certificate:196 (149133 bytes; live heap 326792494)
certificate:197 (148549 bytes; live heap 332534916)
lockfile:520 (524832 bytes; live heap 333643946)
bitproof:321 (759127 bytes; live heap 337137507)
bitproof:322 (153762 bytes; live heap 346577210)
bitproof:323 (158 bytes; live heap 346231459)
lockfile:521 (25408 bytes; live heap 362747311)
lockfile:522 (35516 bytes; live heap 376325929)
lockfile:523 (2375 bytes; live heap 396356210)
lockfile:524 (25226 bytes; live heap 414061358)
row-model:75 (153366 bytes; live heap 427376384)
lockfile:525 (13136 bytes; live heap 424844165)
lockfile:526 (2346 bytes; live heap 429656414)
lockfile:527 (25536 bytes; live heap 427929215)
lockfile:528 (2902 bytes; live heap 380479594)
lockfile:529 (3502 bytes; live heap 366124824)
bitproof:324 (7860623 bytes; live heap 344278248)
lockfile:530 (295662 bytes; live heap 343409025)
lockfile:531 (5644 bytes; live heap 342837400)
certificate:198 (92804 bytes; live heap 341439906)
certificate:199 (476 bytes; live heap 341098695)
certificate:200 (96431 bytes; live heap 340775629)
lockfile:532 (173086 bytes; live heap 339459885)
lockfile:533 (5688 bytes; live heap 339361684)
certificate:201 (97889 bytes; live heap 339769568)
lockfile:534 (2201 bytes; live heap 339923444)
certificate:202 (93463 bytes; live heap 339452354)
certificate:203 (96690 bytes; live heap 338752097)
certificate:204 (154467 bytes; live heap 337330952)
certificate:205 (296430 bytes; live heap 336942067)
lockfile:535 (74575 bytes; live heap 332159547)
lockfile:536 (25460 bytes; live heap 330408212)
certificate:206 (475 bytes; live heap 327993118)
lockfile:537 (2952 bytes; live heap 327537695)
lockfile:538 (2866 bytes; live heap 326954178)
lockfile:539 (13053 bytes; live heap 326584128)
lockfile:540 (25528 bytes; live heap 326561688)
lockfile:541 (2912 bytes; live heap 288830702)
lockfile:542 (13111 bytes; live heap 287635811)
lockfile:543 (25411 bytes; live heap 281579292)
row-model:76 (49300 bytes; live heap 281267218)
row-model:77 (155047 bytes; live heap 280725453)
lockfile:544 (126029 bytes; live heap 278331627)
row-model:78 (427132 bytes; live heap 273862311)
lockfile:545 (2371 bytes; live heap 274406602)
lockfile:546 (2369 bytes; live heap 275057379)
lockfile:547 (34633 bytes; live heap 264405511)
lockfile:548 (2361 bytes; live heap 263379264)
lockfile:549 (2341 bytes; live heap 261904420)
lockfile:550 (3807 bytes; live heap 259177142)
lockfile:551 (2371 bytes; live heap 257157559)
lockfile:552 (25482 bytes; live heap 256423000)
lockfile:553 (13331 bytes; live heap 254702099)
lockfile:554 (42904 bytes; live heap 252005459)
lockfile:555 (38433 bytes; live heap 249416186)
core:114 (500531 bytes; live heap 245904900)
core:115 (1225 bytes; live heap 245071680)
lockfile:556 (23955 bytes; live heap 245047419)
lockfile:557 (5576 bytes; live heap 244159136)
core:116 (101923 bytes; live heap 243868051)
core:117 (1467 bytes; live heap 242793876)
lockfile:558 (2372 bytes; live heap 242268249)
core:118 (1432 bytes; live heap 242104659)
lockfile:559 (12267 bytes; live heap 241483461)
core:119 (4022 bytes; live heap 241357481)
core:120 (985 bytes; live heap 240826357)
core:121 (3 bytes; live heap 240772813)
core:122 (96 bytes; live heap 240733065)
core:123 (4061 bytes; live heap 240665184)
lockfile:560 (5429 bytes; live heap 239095902)
core:124 (4027 bytes; live heap 237315100)
core:125 (1695 bytes; live heap 237074591)
bitproof:325 (748878 bytes; live heap 236226544)
bitproof:326 (74876 bytes; live heap 234941432)
core:126 (2599 bytes; live heap 234788252)
core:127 (1232 bytes; live heap 234494147)
bitproof:327 (140 bytes; live heap 233825367)
bitproof:328 (884 bytes; live heap 233711286)
bitproof:329 (3099 bytes; live heap 233431817)
bitproof:330 (3084 bytes; live heap 232895668)
bitproof:331 (120 bytes; live heap 232531411)
bitproof:332 (233 bytes; live heap 232309847)
core:128 (1876 bytes; live heap 231082977)
core:129 (4047 bytes; live heap 230708218)
core:130 (410 bytes; live heap 230624587)
lockfile:561 (77543 bytes; live heap 230883256)
lockfile:562 (13030 bytes; live heap 228060938)
bitproof:333 (594345 bytes; live heap 226658196)
bitproof:334 (203425 bytes; live heap 225830059)
lockfile:563 (5616 bytes; live heap 225828079)
bitproof:335 (145 bytes; live heap 224672169)
lockfile:564 (2397 bytes; live heap 224620829)
bitproof:336 (8025 bytes; live heap 224538948)
bitproof:337 (176 bytes; live heap 224514644)
lockfile:565 (2368 bytes; live heap 225900374)
lockfile:566 (2735 bytes; live heap 227341440)
lockfile:567 (2930 bytes; live heap 229194069)
lockfile:568 (2954 bytes; live heap 230154368)
lockfile:569 (5673 bytes; live heap 228035631)
bitproof:338 (759455 bytes; live heap 224340362)
lockfile:570 (18334 bytes; live heap 224220431)
certificate:207 (104296 bytes; live heap 222348183)
lockfile:571 (2946 bytes; live heap 222277508)
lockfile:572 (2372 bytes; live heap 222528110)
lockfile:573 (3471 bytes; live heap 222291961)
logic:172 (2209164 bytes; live heap 222300229)
lockfile:574 (3192 bytes; live heap 223800643)
lockfile:575 (2352 bytes; live heap 223410292)
bitproof:339 (132938 bytes; live heap 223223613)
bitproof:340 (3052 bytes; live heap 223375167)
lockfile:576 (25503 bytes; live heap 224929492)
row-model:79 (153238 bytes; live heap 226128136)
row-model:80 (118721 bytes; live heap 227386822)
row-model:81 (153308 bytes; live heap 231719859)
row-model:82 (155546 bytes; live heap 233910901)
row-model:83 (155061 bytes; live heap 233651991)
lockfile:577 (2941 bytes; live heap 233688564)
row-model:84 (242256 bytes; live heap 233373270)
bitproof:341 (611827 bytes; live heap 232424332)
row-model:85 (152632 bytes; live heap 232689604)
lockfile:578 (3066 bytes; live heap 233153226)
lockfile:579 (2605 bytes; live heap 234818802)
lockfile:580 (2352 bytes; live heap 235893804)
lockfile:581 (5681 bytes; live heap 236704309)
lockfile:582 (2406 bytes; live heap 237937474)
lockfile:583 (2849 bytes; live heap 238233343)
certificate:208 (448 bytes; live heap 237941143)
lockfile:584 (13105 bytes; live heap 238933163)
certificate:209 (149125 bytes; live heap 239455594)
certificate:210 (1907 bytes; live heap 242080990)
lockfile:585 (25546 bytes; live heap 243053166)
certificate:211 (435 bytes; live heap 243326012)
certificate:212 (93461 bytes; live heap 244192586)
logic:173 (17587 bytes; live heap 240630321)
lockfile:586 (2980 bytes; live heap 250289248)
lockfile:587 (2928 bytes; live heap 252526398)
lockfile:588 (2361 bytes; live heap 250672184)
lockfile:589 (5637 bytes; live heap 253965411)
lockfile:590 (23098 bytes; live heap 258663257)
lockfile:591 (2371 bytes; live heap 264821418)
lockfile:592 (2866 bytes; live heap 266790282)
lockfile:593 (25381 bytes; live heap 267341579)
lockfile:594 (2338 bytes; live heap 267693469)
lockfile:595 (25212 bytes; live heap 268980884)
certificate:213 (492 bytes; live heap 262871598)
certificate:214 (149124 bytes; live heap 263520179)
lockfile:596 (2130 bytes; live heap 263761478)
lockfile:597 (5711 bytes; live heap 264412288)
lockfile:598 (2554 bytes; live heap 264451961)
lockfile:599 (5695 bytes; live heap 264265702)
lockfile:600 (13030 bytes; live heap 262746619)
lockfile:601 (13030 bytes; live heap 259119033)
lockfile:602 (13108 bytes; live heap 257560788)
lockfile:603 (13030 bytes; live heap 254173897)
bitproof:342 (780173 bytes; live heap 251861445)
bitproof:343 (136712 bytes; live heap 268815804)
bitproof:344 (135 bytes; live heap 269381758)
row-model:86 (353322 bytes; live heap 281197063)
bitproof:345 (594333 bytes; live heap 282801408)
equality:356 (1500468 bytes; live heap 320535166)
equality:357 (192 bytes; live heap 328829489)
equality:358 (490 bytes; live heap 329927140)
equality:359 (2191 bytes; live heap 335868160)
equality:360 (900 bytes; live heap 337110131)
certificate:215 (157912 bytes; live heap 342872733)
certificate:216 (104306 bytes; live heap 345437735)
equality:361 (14610 bytes; live heap 352724257)
equality:362 (1048 bytes; live heap 354041616)
equality:363 (899 bytes; live heap 355652349)
certificate:217 (488 bytes; live heap 357947238)
equality:364 (992 bytes; live heap 358206991)
equality:365 (1221 bytes; live heap 361167480)
certificate:218 (98484 bytes; live heap 362354143)
equality:366 (486 bytes; live heap 363126994)
equality:367 (520 bytes; live heap 363428894)
equality:368 (423 bytes; live heap 364413059)
equality:369 (501 bytes; live heap 364766605)
equality:370 (10473 bytes; live heap 365381342)
equality:371 (420 bytes; live heap 366132527)
equality:372 (214 bytes; live heap 366517601)
equality:373 (920 bytes; live heap 368396183)
equality:374 (1595 bytes; live heap 369585352)
equality:375 (957 bytes; live heap 370305360)
equality:376 (458 bytes; live heap 370999257)
equality:377 (909 bytes; live heap 372183937)
equality:378 (564 bytes; live heap 373178678)
equality:379 (527 bytes; live heap 373436438)
equality:380 (472 bytes; live heap 374342052)
equality:381 (1048 bytes; live heap 375292200)
logic:174 (391589 bytes; live heap 365266031)
equality:382 (1340456 bytes; live heap 364329296)
certificate:219 (96426 bytes; live heap 364284282)
logic:175 (2319 bytes; live heap 362522311)
logic:176 (212 bytes; live heap 362236257)
logic:177 (557 bytes; live heap 361827948)
bitproof:346 (6934651 bytes; live heap 363010476)
equality:383 (491 bytes; live heap 361658541)
equality:384 (416 bytes; live heap 362096129)
equality:385 (893 bytes; live heap 362645801)
equality:386 (549 bytes; live heap 364486607)
equality:387 (473 bytes; live heap 365585974)
equality:388 (433 bytes; live heap 365624364)
certificate:220 (96430 bytes; live heap 366170470)
equality:389 (200556 bytes; live heap 366481743)
certificate:221 (149125 bytes; live heap 370420759)
equality:390 (612 bytes; live heap 372508489)
equality:391 (826 bytes; live heap 373264302)
equality:392 (471 bytes; live heap 373677233)
equality:393 (1151 bytes; live heap 374843143)
equality:394 (1087 bytes; live heap 375888346)
equality:395 (489 bytes; live heap 376626867)
row-model:87 (153315 bytes; live heap 395790842)
row-model:88 (153238 bytes; live heap 397601566)
certificate:222 (149125 bytes; live heap 465208734)
certificate:223 (149120 bytes; live heap 467306106)
equality:396 (280518 bytes; live heap 466635172)
equality:397 (518 bytes; live heap 466957548)
certificate:224 (149129 bytes; live heap 467684962)
equality:398 (501 bytes; live heap 467840698)
equality:399 (87 bytes; live heap 468223410)
equality:400 (450 bytes; live heap 468343523)
equality:401 (474 bytes; live heap 468623859)
equality:402 (474 bytes; live heap 470347456)
equality:403 (239 bytes; live heap 470840102)
equality:404 (28887 bytes; live heap 479481842)
equality:405 (481 bytes; live heap 480769381)
equality:406 (180 bytes; live heap 481542223)
equality:407 (566 bytes; live heap 485094339)
equality:408 (114 bytes; live heap 485713819)
equality:409 (163 bytes; live heap 486392677)
equality:410 (206 bytes; live heap 486573359)
equality:411 (477 bytes; live heap 486781123)
equality:412 (196 bytes; live heap 486968558)
equality:413 (521 bytes; live heap 488076823)
equality:414 (540 bytes; live heap 487726727)
equality:415 (1179 bytes; live heap 487513212)
equality:416 (12301 bytes; live heap 483199422)
equality:417 (456 bytes; live heap 482980726)
equality:418 (200 bytes; live heap 482767618)
equality:419 (10491 bytes; live heap 482652464)
bitproof:347 (1129470 bytes; live heap 482996424)
bitproof:348 (758954 bytes; live heap 493866642)
certificate:225 (149116 bytes; live heap 511629188)
bitproof:349 (1195316 bytes; live heap 499195034)
certificate:226 (149389 bytes; live heap 496926392)
certificate:227 (446 bytes; live heap 491305797)
certificate:228 (154488 bytes; live heap 491705139)
certificate:229 (100917 bytes; live heap 492881866)
certificate:230 (99158 bytes; live heap 483770573)
certificate:231 (102786 bytes; live heap 490260429)
certificate:232 (97908 bytes; live heap 485555193)
bitproof:350 (760103 bytes; live heap 483514836)
row-model:89 (153308 bytes; live heap 477620879)
bitproof:351 (265745 bytes; live heap 466259282)
equality:420 (300437 bytes; live heap 467628034)
certificate:233 (10448 bytes; live heap 467863606)
equality:421 (871 bytes; live heap 467706157)
equality:422 (625 bytes; live heap 468170517)
certificate:234 (93463 bytes; live heap 468253283)
equality:423 (833 bytes; live heap 469713211)
equality:424 (1146 bytes; live heap 470440600)
certificate:235 (93462 bytes; live heap 470429399)
equality:425 (508 bytes; live heap 470439015)
equality:426 (501 bytes; live heap 470650376)
equality:427 (1325 bytes; live heap 471320814)
certificate:236 (154467 bytes; live heap 471337791)
certificate:237 (94095 bytes; live heap 478930955)
certificate:238 (93453 bytes; live heap 482867551)
certificate:239 (736 bytes; live heap 483181137)
certificate:240 (155959 bytes; live heap 484396134)
certificate:241 (148549 bytes; live heap 461793937)
logic:178 (1603367 bytes; live heap 439872184)
row-model:90 (153337 bytes; live heap 438950111)
row-model:91 (153359 bytes; live heap 434388921)
equality:428 (400473 bytes; live heap 429997028)
equality:429 (462 bytes; live heap 425092479)
equality:430 (471 bytes; live heap 423939006)
equality:431 (1185 bytes; live heap 422992467)
equality:432 (470 bytes; live heap 422761218)
equality:433 (551 bytes; live heap 422490421)
equality:434 (1039 bytes; live heap 421243515)
equality:435 (250 bytes; live heap 420891943)
equality:436 (253 bytes; live heap 420689041)
equality:437 (477 bytes; live heap 419932559)
equality:438 (174 bytes; live heap 423024681)
equality:439 (473 bytes; live heap 422029331)
equality:440 (200188 bytes; live heap 420991206)
equality:441 (6590 bytes; live heap 417546915)
bitproof:352 (9139883 bytes; live heap 414416514)
certificate:242 (206453 bytes; live heap 438406795)
row-model:92 (153315 bytes; live heap 493068674)
lockfile:604 (2840827 bytes; live heap 484312799)
certificate:243 (97564 bytes; live heap 484213556)
row-model:93 (152437 bytes; live heap 484107566)
row-model:94 (152703 bytes; live heap 483701214)
row-model:95 (153598 bytes; live heap 483131279)
row-model:96 (153299 bytes; live heap 479841132)
certificate:244 (473 bytes; live heap 508174603)
certificate:245 (164467 bytes; live heap 512409009)
certificate:246 (98302 bytes; live heap 544518785)
certificate:247 (148557 bytes; live heap 551558053)
certificate:248 (148499 bytes; live heap 554782665)
bitproof:353 (810184 bytes; live heap 557592097)
certificate:249 (151557 bytes; live heap 575036551)
logic:179 (935 bytes; live heap 574771387)
logic:180 (1499 bytes; live heap 575417121)
logic:181 (254 bytes; live heap 575674211)
logic:182 (4612 bytes; live heap 578472367)
logic:183 (7906 bytes; live heap 591440852)
logic:184 (522 bytes; live heap 591436853)
logic:185 (8326 bytes; live heap 591442658)
logic:186 (2571 bytes; live heap 591185507)
logic:187 (4067 bytes; live heap 588430980)
logic:188 (680 bytes; live heap 587120899)
logic:189 (617 bytes; live heap 583088820)
logic:190 (106 bytes; live heap 583147462)
bitproof:354 (3021 bytes; live heap 583173671)
logic:191 (1847 bytes; live heap 588657565)
bitproof:355 (771331 bytes; live heap 583243783)
bitproof:356 (102509 bytes; live heap 579355583)
bitproof:357 (3086 bytes; live heap 579208857)
bitproof:358 (144 bytes; live heap 579191846)
bitproof:359 (12798 bytes; live heap 578448143)
bitproof:360 (8839 bytes; live heap 578392117)
bitproof:361 (135 bytes; live heap 578208255)
bitproof:362 (45426 bytes; live heap 577941163)
bitproof:363 (136717 bytes; live heap 577422378)
lockfile:605 (68032 bytes; live heap 577337836)
bitproof:364 (74959 bytes; live heap 577949039)
bitproof:365 (135 bytes; live heap 581767468)
lockfile:606 (2902 bytes; live heap 581825348)
bitproof:366 (143280 bytes; live heap 582895322)
bitproof:367 (135 bytes; live heap 583091746)
lockfile:607 (5615 bytes; live heap 585326937)
lockfile:608 (13100 bytes; live heap 587901657)
logic:192 (152015 bytes; live heap 587221664)
lockfile:609 (2952 bytes; live heap 585313666)
lockfile:610 (5577 bytes; live heap 585749340)
lockfile:611 (2366 bytes; live heap 585507443)
lockfile:612 (2922 bytes; live heap 585035637)
logic:193 (19442 bytes; live heap 584661601)
lockfile:613 (25381 bytes; live heap 584762810)
logic:194 (4191 bytes; live heap 584827994)
logic:195 (2453 bytes; live heap 584704972)
logic:196 (383 bytes; live heap 584617995)
logic:197 (3723 bytes; live heap 584377382)
logic:198 (2601 bytes; live heap 585517244)
logic:199 (646 bytes; live heap 585468397)
logic:200 (2828 bytes; live heap 585309223)
logic:201 (966 bytes; live heap 585206736)
logic:202 (2836 bytes; live heap 585108395)
lockfile:614 (2173 bytes; live heap 585008451)
logic:203 (3320 bytes; live heap 584979176)
lockfile:615 (2840 bytes; live heap 584707395)
logic:204 (1454 bytes; live heap 584537824)
logic:205 (1584 bytes; live heap 584667918)
logic:206 (1927 bytes; live heap 584609057)
lockfile:616 (225530 bytes; live heap 584760114)
logic:207 (2461 bytes; live heap 584698834)
logic:208 (10993 bytes; live heap 583966515)
logic:209 (661 bytes; live heap 584208742)
logic:210 (1967 bytes; live heap 584442203)
logic:211 (722 bytes; live heap 584940823)
logic:212 (3018 bytes; live heap 585265578)
logic:213 (2135 bytes; live heap 585350751)
logic:214 (4529 bytes; live heap 585676469)
logic:215 (2963 bytes; live heap 585719116)
logic:216 (1002 bytes; live heap 585941418)
lockfile:617 (16419 bytes; live heap 592158152)
lockfile:618 (12906 bytes; live heap 592548884)
bitproof:368 (240175 bytes; live heap 591171916)
lockfile:619 (5694 bytes; live heap 591650277)
bitproof:369 (8836 bytes; live heap 590265300)
bitproof:370 (176 bytes; live heap 590178804)
bitproof:371 (759274 bytes; live heap 594609131)
bitproof:372 (3092 bytes; live heap 593635467)
row-model:97 (153241 bytes; live heap 597762044)
row-model:98 (153307 bytes; live heap 598632064)
row-model:99 (153299 bytes; live heap 600762397)
certificate:250 (80475 bytes; live heap 599976706)
certificate:251 (93400 bytes; live heap 596843335)
certificate:252 (149125 bytes; live heap 595321652)
logic:217 (152150 bytes; live heap 582093789)
logic:218 (244 bytes; live heap 581565581)
logic:219 (528 bytes; live heap 581124161)
logic:220 (1504 bytes; live heap 580763642)
logic:221 (2066 bytes; live heap 580257076)
logic:222 (1608 bytes; live heap 579883272)
bitproof:373 (743832 bytes; live heap 574756428)
bitproof:374 (152212 bytes; live heap 558812328)
certificate:253 (93461 bytes; live heap 559355852)
certificate:254 (93495 bytes; live heap 563438835)
certificate:255 (93492 bytes; live heap 566917510)
row-model:100 (153315 bytes; live heap 597096959)
row-model:101 (252630 bytes; live heap 601848315)
certificate:256 (149133 bytes; live heap 608418504)
certificate:257 (474 bytes; live heap 614153173)
certificate:258 (149147 bytes; live heap 615387971)
certificate:259 (149008 bytes; live heap 618505976)
lockfile:620 (325412 bytes; live heap 597534531)
row-model:102 (2214152 bytes; live heap 591854654)
lockfile:621 (2924 bytes; live heap 580459494)
lockfile:622 (23113 bytes; live heap 581164758)
lockfile:623 (2352 bytes; live heap 581027906)
lockfile:624 (5568 bytes; live heap 580404598)
lockfile:625 (25318 bytes; live heap 580452342)
certificate:260 (448 bytes; live heap 579279430)
certificate:261 (71662 bytes; live heap 578408173)
lockfile:626 (25542 bytes; live heap 577569067)
certificate:262 (148552 bytes; live heap 575990676)
lockfile:627 (13111 bytes; live heap 576532339)
bitproof:375 (7208627 bytes; live heap 573060798)
lockfile:628 (2848 bytes; live heap 574452858)
lockfile:629 (25351 bytes; live heap 575124028)
lockfile:630 (2879 bytes; live heap 577368344)
lockfile:631 (25395 bytes; live heap 579113653)
lockfile:632 (43758 bytes; live heap 579450637)
lockfile:633 (5506 bytes; live heap 579410866)
lockfile:634 (25454 bytes; live heap 579897093)
lockfile:635 (5454 bytes; live heap 581925312)
certificate:263 (98496 bytes; live heap 578219381)
certificate:264 (98252 bytes; live heap 578003427)
certificate:265 (98492 bytes; live heap 556718372)
certificate:266 (148291 bytes; live heap 555159647)
bitproof:376 (134 bytes; live heap 541732403)
bitproof:377 (1195339 bytes; live heap 538454248)
bitproof:378 (170425 bytes; live heap 532253331)
bitproof:379 (96 bytes; live heap 530938057)
bitproof:380 (30134 bytes; live heap 530080481)
bitproof:381 (144 bytes; live heap 529673967)
bitproof:382 (12859 bytes; live heap 507425629)
bitproof:383 (74976 bytes; live heap 503943016)
bitproof:384 (74546 bytes; live heap 497239282)
logic:223 (759909 bytes; live heap 494879573)
bitproof:385 (96 bytes; live heap 493564093)
bitproof:386 (3088 bytes; live heap 492996562)
bitproof:387 (9331 bytes; live heap 492042181)
bitproof:388 (3092 bytes; live heap 491147353)
bitproof:389 (75703 bytes; live heap 488773993)
bitproof:390 (26130 bytes; live heap 486634862)
logic:224 (66 bytes; live heap 478967602)
logic:225 (3198 bytes; live heap 477979107)
row-model:103 (1492696 bytes; live heap 475937852)
logic:226 (4037 bytes; live heap 475578119)
logic:227 (4061 bytes; live heap 474602630)
logic:228 (997 bytes; live heap 474315611)
logic:229 (1145 bytes; live heap 474147650)
logic:230 (11452 bytes; live heap 473942099)
logic:231 (1873 bytes; live heap 474007755)
logic:232 (3344 bytes; live heap 473711693)
certificate:267 (485 bytes; live heap 474208009)
certificate:268 (149120 bytes; live heap 474551131)
certificate:269 (471 bytes; live heap 473828395)
certificate:270 (148178 bytes; live heap 473350539)
certificate:271 (148549 bytes; live heap 472378377)
logic:233 (152018 bytes; live heap 420776967)
logic:234 (519 bytes; live heap 419091531)
logic:235 (295 bytes; live heap 418654096)
logic:236 (2073 bytes; live heap 418490599)
logic:237 (539 bytes; live heap 418107007)
logic:238 (1554 bytes; live heap 417665980)
bitproof:391 (763126 bytes; live heap 416750909)
logic:239 (2585 bytes; live heap 416699064)
logic:240 (4056 bytes; live heap 416201896)
logic:241 (1762 bytes; live heap 416016441)
logic:242 (329 bytes; live heap 415932923)
logic:243 (2308 bytes; live heap 415871068)
logic:244 (2603 bytes; live heap 415603586)
logic:245 (392 bytes; live heap 414459642)
certificate:272 (93462 bytes; live heap 407686974)
lockfile:636 (2325548 bytes; live heap 411941059)
lockfile:637 (26776 bytes; live heap 403110802)
bitproof:392 (3833 bytes; live heap 401938910)
bitproof:393 (120 bytes; live heap 401963936)
lockfile:638 (3359 bytes; live heap 402200793)
lockfile:639 (25667 bytes; live heap 401966162)
lockfile:640 (25543 bytes; live heap 393479661)
certificate:273 (148559 bytes; live heap 389690768)
certificate:274 (93461 bytes; live heap 388038538)
lockfile:641 (5676 bytes; live heap 386188025)
lockfile:642 (2939 bytes; live heap 384353062)
bitproof:394 (45428 bytes; live heap 383377364)
bitproof:395 (136 bytes; live heap 382810559)
bitproof:396 (143 bytes; live heap 382656021)
lockfile:643 (18004 bytes; live heap 388192483)
bitproof:397 (669005 bytes; live heap 382306758)
lockfile:644 (2894 bytes; live heap 382253747)
lockfile:645 (25536 bytes; live heap 384435076)
bitproof:398 (75045 bytes; live heap 380404317)
bitproof:399 (136723 bytes; live heap 379480951)
lockfile:646 (2653 bytes; live heap 379972500)
lockfile:647 (5696 bytes; live heap 378076672)
logic:246 (2062711 bytes; live heap 375052300)
lockfile:648 (5655 bytes; live heap 370746196)
logic:247 (5913 bytes; live heap 370113099)
logic:248 (1884 bytes; live heap 369730256)
logic:249 (495 bytes; live heap 369560789)
logic:250 (894 bytes; live heap 369005970)
logic:251 (2243 bytes; live heap 367706895)
logic:252 (2513 bytes; live heap 367726316)
certificate:275 (149129 bytes; live heap 367519063)
lockfile:649 (2937 bytes; live heap 367286415)
bitproof:400 (810164 bytes; live heap 366056305)
certificate:276 (488 bytes; live heap 366100854)
certificate:277 (149148 bytes; live heap 368287544)
lockfile:650 (13128 bytes; live heap 368668401)
lockfile:651 (5811 bytes; live heap 368834080)
lockfile:652 (5645 bytes; live heap 369193963)
lockfile:653 (25539 bytes; live heap 366634183)
bitproof:401 (4036 bytes; live heap 363889697)
bitproof:402 (153 bytes; live heap 363756118)
lockfile:654 (2425 bytes; live heap 363753486)
lockfile:655 (13148 bytes; live heap 364469713)
bitproof:403 (45446 bytes; live heap 369774235)
bitproof:404 (14490 bytes; live heap 370789327)
row-model:104 (2214152 bytes; live heap 369625661)
bitproof:405 (74696 bytes; live heap 369881391)
bitproof:406 (26137 bytes; live heap 370189961)
bitproof:407 (3833 bytes; live heap 370128718)
bitproof:408 (23055 bytes; live heap 370300614)
bitproof:409 (3075 bytes; live heap 370423872)
bitproof:410 (134 bytes; live heap 370482817)
bitproof:411 (4784 bytes; live heap 370609559)
bitproof:412 (96 bytes; live heap 370650893)
equality:442 (1500426 bytes; live heap 368389617)
bitproof:413 (3141 bytes; live heap 368424023)
equality:443 (577 bytes; live heap 371292323)
equality:444 (1152 bytes; live heap 371597614)
equality:445 (570 bytes; live heap 372024259)
certificate:278 (152949 bytes; live heap 396175808)
equality:446 (140457 bytes; live heap 420224678)
equality:447 (1996 bytes; live heap 418751930)
equality:448 (203 bytes; live heap 418456209)
equality:449 (523 bytes; live heap 418371674)
equality:450 (477 bytes; live heap 417344577)
equality:451 (629 bytes; live heap 417595078)
equality:452 (922 bytes; live heap 417791175)
equality:453 (482 bytes; live heap 417853689)
equality:454 (991 bytes; live heap 417898586)
equality:455 (462 bytes; live heap 418055708)
equality:456 (452 bytes; live heap 418170661)
equality:457 (527 bytes; live heap 418273196)
equality:458 (1933 bytes; live heap 418527716)
equality:459 (477 bytes; live heap 418562848)
equality:460 (479 bytes; live heap 418681030)
equality:461 (456 bytes; live heap 418723623)
equality:462 (644 bytes; live heap 418838936)
equality:463 (598 bytes; live heap 418891012)
equality:464 (6916 bytes; live heap 418993390)
equality:465 (1217 bytes; live heap 418765446)
equality:466 (952 bytes; live heap 418691137)
equality:467 (1169 bytes; live heap 418502374)
equality:468 (563 bytes; live heap 418252057)
equality:469 (1089 bytes; live heap 418179683)
equality:470 (931 bytes; live heap 417937966)
certificate:279 (98481 bytes; live heap 417913866)
equality:471 (214 bytes; live heap 417871886)
equality:472 (457 bytes; live heap 417953043)
equality:473 (916 bytes; live heap 417824011)
equality:474 (10526 bytes; live heap 417749068)
equality:475 (497 bytes; live heap 417570224)
equality:476 (460 bytes; live heap 417709432)
equality:477 (223 bytes; live heap 417651829)
equality:478 (96 bytes; live heap 417570471)
equality:479 (457 bytes; live heap 417482731)
equality:480 (475 bytes; live heap 417426565)
equality:481 (229 bytes; live heap 417380495)
equality:482 (200478 bytes; live heap 417551268)
equality:483 (200 bytes; live heap 417318571)
equality:484 (1452 bytes; live heap 417736848)
equality:485 (517 bytes; live heap 417661920)
equality:486 (527 bytes; live heap 417713062)
equality:487 (481 bytes; live heap 417784502)
equality:488 (211 bytes; live heap 417511211)
equality:489 (893 bytes; live heap 417629301)
equality:490 (1421 bytes; live heap 417552393)
equality:491 (463 bytes; live heap 417508971)
equality:492 (200475 bytes; live heap 417669093)
equality:493 (452 bytes; live heap 417414547)
equality:494 (190 bytes; live heap 417403799)
equality:495 (220 bytes; live heap 417370459)
equality:496 (536 bytes; live heap 418394473)
bitproof:414 (748873 bytes; live heap 412206615)
certificate:280 (97923 bytes; live heap 400161850)
bitproof:415 (140 bytes; live heap 399082446)
certificate:281 (93461 bytes; live heap 406976292)
bitproof:416 (771329 bytes; live heap 398955474)
bitproof:417 (1113 bytes; live heap 397121905)
bitproof:418 (128298 bytes; live heap 397059683)
bitproof:419 (1823 bytes; live heap 393116789)
bitproof:420 (75457 bytes; live heap 393189759)
bitproof:421 (4034 bytes; live heap 393298802)
bitproof:422 (744702 bytes; live heap 358417003)
row-model:105 (153328 bytes; live heap 350519107)
bitproof:423 (1658 bytes; live heap 350571428)
logic:253 (391386 bytes; live heap 351071931)
certificate:282 (98191 bytes; live heap 349362621)
logic:254 (6258 bytes; live heap 346881463)
logic:255 (3713 bytes; live heap 346802815)
logic:256 (2592 bytes; live heap 346876432)
logic:257 (172 bytes; live heap 346887342)
logic:258 (2812 bytes; live heap 347055695)
logic:259 (4529 bytes; live heap 347271336)
logic:260 (2240 bytes; live heap 347398861)
logic:261 (2305 bytes; live heap 347327634)
logic:262 (839 bytes; live heap 347368811)
logic:263 (5941 bytes; live heap 347284331)
logic:264 (7938 bytes; live heap 345279400)
logic:265 (2785 bytes; live heap 343377601)
logic:266 (534 bytes; live heap 342341345)
logic:267 (582 bytes; live heap 341940949)
logic:268 (3 bytes; live heap 341476209)
logic:269 (14566 bytes; live heap 341434963)
logic:270 (751 bytes; live heap 341051963)
logic:271 (639 bytes; live heap 340975584)
logic:272 (3275 bytes; live heap 340905808)
logic:273 (1174 bytes; live heap 339073047)
logic:274 (2040 bytes; live heap 338233820)
logic:275 (4245 bytes; live heap 336863948)
certificate:283 (154468 bytes; live heap 334254409)
equality:497 (185138 bytes; live heap 315734358)
equality:498 (20851 bytes; live heap 318417143)
lockfile:656 (1605645 bytes; live heap 315092390)
equality:499 (476 bytes; live heap 315798387)
equality:500 (930 bytes; live heap 316328936)
equality:501 (495 bytes; live heap 316552590)
equality:502 (184 bytes; live heap 316682482)
equality:503 (525 bytes; live heap 316801069)
equality:504 (142127 bytes; live heap 317257222)
equality:505 (979 bytes; live heap 317714309)
certificate:284 (93510 bytes; live heap 329174451)
certificate:285 (443 bytes; live heap 329428886)
certificate:286 (349125 bytes; live heap 332714931)
certificate:287 (478 bytes; live heap 333286370)
bitproof:424 (763537 bytes; live heap 333042126)
certificate:288 (104268 bytes; live heap 333486340)
certificate:289 (148546 bytes; live heap 336574348)
row-model:106 (67310 bytes; live heap 341356199)
row-model:107 (153290 bytes; live heap 342151417)
equality:506 (280457 bytes; live heap 343759627)
equality:507 (497 bytes; live heap 344604400)
equality:508 (482 bytes; live heap 347828356)
equality:509 (235 bytes; live heap 348353282)
equality:510 (177 bytes; live heap 349684089)
equality:511 (722 bytes; live heap 349793204)
equality:512 (3830 bytes; live heap 355314948)
equality:513 (294 bytes; live heap 355703357)
equality:514 (152 bytes; live heap 355789223)
equality:515 (477 bytes; live heap 356145769)
equality:516 (483 bytes; live heap 356879123)
equality:517 (540 bytes; live heap 357134560)
equality:518 (882 bytes; live heap 357268644)
equality:519 (10527 bytes; live heap 357471929)
equality:520 (523 bytes; live heap 357509529)
equality:521 (496 bytes; live heap 356001208)
equality:522 (175 bytes; live heap 356347317)
bitproof:425 (8848 bytes; live heap 355757568)
equality:523 (1 bytes; live heap 355760381)
equality:524 (740 bytes; live heap 357450661)
equality:525 (11529 bytes; live heap 359183943)
equality:526 (843 bytes; live heap 359400411)
equality:527 (476 bytes; live heap 359512248)
equality:528 (502 bytes; live heap 359623463)
equality:529 (886 bytes; live heap 359657691)
equality:530 (1256 bytes; live heap 359799519)
equality:531 (484 bytes; live heap 359913772)
equality:532 (3112 bytes; live heap 360481814)
equality:533 (29907 bytes; live heap 361011650)
equality:534 (537 bytes; live heap 361018285)
equality:535 (885 bytes; live heap 361134779)
equality:536 (9334 bytes; live heap 361406422)
equality:537 (213 bytes; live heap 361265544)
equality:538 (10472 bytes; live heap 361184908)
equality:539 (400 bytes; live heap 361122506)
equality:540 (10471 bytes; live heap 361090559)
equality:541 (920 bytes; live heap 361233254)
equality:542 (545 bytes; live heap 361808396)
equality:543 (1160 bytes; live heap 361428360)
equality:544 (894 bytes; live heap 361087282)
equality:545 (96 bytes; live heap 360942325)
equality:546 (776 bytes; live heap 360617914)
equality:547 (66 bytes; live heap 360459863)
equality:548 (405 bytes; live heap 360287967)
equality:549 (920 bytes; live heap 360306546)
equality:550 (1108 bytes; live heap 359792667)
equality:551 (23 bytes; live heap 359687639)
equality:552 (42 bytes; live heap 359627604)
equality:553 (928 bytes; live heap 359473190)
equality:554 (882 bytes; live heap 359234576)
equality:555 (427 bytes; live heap 358980322)
equality:556 (508 bytes; live heap 359271162)
equality:557 (1153 bytes; live heap 358335036)
equality:558 (529 bytes; live heap 357953316)
equality:559 (215 bytes; live heap 357615564)
equality:560 (154 bytes; live heap 357546339)
equality:561 (1198 bytes; live heap 357372918)
equality:562 (468 bytes; live heap 356916588)
equality:563 (890 bytes; live heap 356428790)
equality:564 (477 bytes; live heap 356163983)
equality:565 (1 bytes; live heap 356996879)
equality:566 (957 bytes; live heap 356770402)
equality:567 (1092 bytes; live heap 355981899)
equality:568 (668 bytes; live heap 355885649)
equality:569 (1162 bytes; live heap 353710065)
equality:570 (223 bytes; live heap 353255601)
equality:571 (1153 bytes; live heap 351749655)
equality:572 (883 bytes; live heap 351579738)
equality:573 (12568 bytes; live heap 350165904)
equality:574 (469 bytes; live heap 349535660)
equality:575 (440 bytes; live heap 349066083)
certificate:290 (149196 bytes; live heap 349057094)
equality:576 (1152 bytes; live heap 347887253)
equality:577 (5443 bytes; live heap 345709130)
certificate:291 (6761 bytes; live heap 345316759)
equality:578 (475 bytes; live heap 344890932)
equality:579 (477 bytes; live heap 344573756)
equality:580 (497 bytes; live heap 344202459)
equality:581 (934 bytes; live heap 343343848)
equality:582 (881 bytes; live heap 343066423)
equality:583 (10501 bytes; live heap 342557272)
equality:584 (912 bytes; live heap 342067273)
certificate:292 (97910 bytes; live heap 340598496)
equality:585 (698 bytes; live heap 340198860)
equality:586 (218 bytes; live heap 340119119)
equality:587 (547 bytes; live heap 339629815)
equality:588 (885 bytes; live heap 338880559)
certificate:293 (85798 bytes; live heap 337571735)
equality:589 (268 bytes; live heap 337575399)
equality:590 (192 bytes; live heap 337572807)
equality:591 (1067 bytes; live heap 337935394)
equality:592 (473 bytes; live heap 336657848)
equality:593 (203 bytes; live heap 335440702)
equality:594 (456 bytes; live heap 334894035)
equality:595 (462 bytes; live heap 334381392)
equality:596 (465 bytes; live heap 332911880)
equality:597 (526 bytes; live heap 332417409)
equality:598 (255 bytes; live heap 331340008)
certificate:294 (349125 bytes; live heap 331240777)
certificate:295 (96690 bytes; live heap 329910072)
lockfile:657 (2386 bytes; live heap 309255592)
equality:599 (13116 bytes; live heap 308597972)
equality:600 (10472 bytes; live heap 308193258)
equality:601 (229 bytes; live heap 308022308)
equality:602 (526 bytes; live heap 307774149)
equality:603 (449 bytes; live heap 307974697)
lockfile:658 (13055 bytes; live heap 307969437)
equality:604 (537 bytes; live heap 307827965)
equality:605 (476 bytes; live heap 307643433)
equality:606 (462 bytes; live heap 305341076)
equality:607 (984 bytes; live heap 305560519)
lockfile:659 (2346 bytes; live heap 307765932)
lockfile:660 (25366 bytes; live heap 305681768)
row-model:108 (1492708 bytes; live heap 299496441)
lockfile:661 (2935 bytes; live heap 298835364)
row-model:109 (153320 bytes; live heap 295768937)
lockfile:662 (5551 bytes; live heap 295180072)
row-model:110 (153503 bytes; live heap 294667360)
lockfile:663 (2870 bytes; live heap 293874276)
row-model:111 (153299 bytes; live heap 293813191)
lockfile:664 (15403 bytes; live heap 292947480)
lockfile:665 (13138 bytes; live heap 290911877)
lockfile:666 (12270 bytes; live heap 287537953)
lockfile:667 (25400 bytes; live heap 285151347)
lockfile:668 (2387 bytes; live heap 279769762)
certificate:296 (148388 bytes; live heap 279297353)
lockfile:669 (12853 bytes; live heap 276995197)
lockfile:670 (13173 bytes; live heap 273397108)
bitproof:426 (703136 bytes; live heap 270113708)
lockfile:671 (25548 bytes; live heap 269645903)
lockfile:672 (2893 bytes; live heap 266421808)
bitproof:427 (132926 bytes; live heap 240125309)
bitproof:428 (94054 bytes; live heap 237682952)
bitproof:429 (138 bytes; live heap 236517837)
equality:608 (600916 bytes; live heap 233166803)
bitproof:430 (74047 bytes; live heap 232197893)
equality:609 (181 bytes; live heap 234171944)
equality:610 (581 bytes; live heap 237136643)
equality:611 (282 bytes; live heap 236791381)
equality:612 (475 bytes; live heap 236592591)
equality:613 (450 bytes; live heap 236719679)
equality:614 (966 bytes; live heap 236416317)
equality:615 (229 bytes; live heap 236034982)
equality:616 (1152 bytes; live heap 236319433)
equality:617 (94 bytes; live heap 236339845)
equality:618 (928 bytes; live heap 235570407)
equality:619 (4 bytes; live heap 235404832)
equality:620 (471 bytes; live heap 228105321)
bitproof:431 (940920 bytes; live heap 228025140)
equality:621 (221 bytes; live heap 228027151)
certificate:297 (155977 bytes; live heap 227952318)
equality:622 (4456 bytes; live heap 228110449)
equality:623 (1141 bytes; live heap 228280789)
equality:624 (1014 bytes; live heap 228437740)
equality:625 (521 bytes; live heap 228239100)
equality:626 (680 bytes; live heap 228063474)
equality:627 (151 bytes; live heap 228043114)
equality:628 (490 bytes; live heap 227860227)
equality:629 (73 bytes; live heap 227191281)
equality:630 (979 bytes; live heap 227991491)
equality:631 (1175 bytes; live heap 226276178)
bitproof:432 (168 bytes; live heap 224912876)
bitproof:433 (96 bytes; live heap 224821991)
bitproof:434 (164 bytes; live heap 224752544)
equality:632 (477 bytes; live heap 224663490)
equality:633 (455 bytes; live heap 225031461)
equality:634 (221 bytes; live heap 225190849)
equality:635 (461 bytes; live heap 225387509)
equality:636 (323 bytes; live heap 225959668)
equality:637 (920 bytes; live heap 226421280)
bitproof:435 (594864 bytes; live heap 221441656)
lockfile:673 (1382825 bytes; live heap 220776277)
lockfile:674 (13154 bytes; live heap 217106595)
lockfile:675 (5187 bytes; live heap 215257439)
lockfile:676 (5070 bytes; live heap 213090996)
lockfile:677 (13112 bytes; live heap 210817485)
bitproof:436 (1112 bytes; live heap 208424155)
bitproof:437 (8834 bytes; live heap 208110577)
lockfile:678 (5598 bytes; live heap 209004480)
lockfile:679 (2359 bytes; live heap 210365513)
lockfile:680 (2294 bytes; live heap 207928804)
certificate:298 (97937 bytes; live heap 206530047)
bitproof:438 (594355 bytes; live heap 202124821)
logic:276 (1201892 bytes; live heap 199280720)
certificate:299 (148549 bytes; live heap 199026583)
lockfile:681 (36028 bytes; live heap 199318776)
certificate:300 (149125 bytes; live heap 199317338)
certificate:301 (102814 bytes; live heap 199635527)
lockfile:682 (2939 bytes; live heap 197753258)
bitproof:439 (143280 bytes; live heap 196966888)
lockfile:683 (2822 bytes; live heap 196731227)
lockfile:684 (5691 bytes; live heap 199750109)
certificate:302 (472 bytes; live heap 200482421)
certificate:303 (475 bytes; live heap 200869259)
lockfile:685 (5707 bytes; live heap 201360291)
row-model:112 (153299 bytes; live heap 201178371)
lockfile:686 (2756 bytes; live heap 201974852)
certificate:304 (149765 bytes; live heap 200643901)
lockfile:687 (13099 bytes; live heap 200596552)
lockfile:688 (10624 bytes; live heap 198058585)
bitproof:440 (594008 bytes; live heap 197191369)
lockfile:689 (25661 bytes; live heap 197048747)
lockfile:690 (13134 bytes; live heap 198133997)
lockfile:691 (2372 bytes; live heap 200254271)
lockfile:692 (12961 bytes; live heap 201159398)
lockfile:693 (13247 bytes; live heap 199930410)
lockfile:694 (2942 bytes; live heap 197660007)
bitproof:441 (594006 bytes; live heap 196968698)
lockfile:695 (25528 bytes; live heap 196705245)
bitproof:442 (870 bytes; live heap 198072204)
bitproof:443 (8792 bytes; live heap 197983303)
bitproof:444 (143285 bytes; live heap 197375513)
certificate:305 (476 bytes; live heap 205675452)
lockfile:696 (2146993 bytes; live heap 203840517)
certificate:306 (104273 bytes; live heap 204330261)
certificate:307 (98507 bytes; live heap 206283766)
lockfile:697 (2391 bytes; live heap 199837714)
lockfile:698 (5644 bytes; live heap 205377361)
lockfile:699 (2455 bytes; live heap 205451009)
lockfile:700 (2962 bytes; live heap 205554640)
lockfile:701 (13213 bytes; live heap 205419430)
lockfile:702 (2282 bytes; live heap 203139689)
lockfile:703 (25529 bytes; live heap 201749163)
lockfile:704 (5605 bytes; live heap 195952986)
lockfile:705 (2910 bytes; live heap 194361990)
lockfile:706 (13144 bytes; live heap 189595678)
lockfile:707 (12915 bytes; live heap 186997686)
lockfile:708 (12341 bytes; live heap 184761135)
lockfile:709 (5711 bytes; live heap 183338912)
lockfile:710 (2936 bytes; live heap 182490922)
lockfile:711 (2902 bytes; live heap 181667385)
certificate:308 (97908 bytes; live heap 179808129)
lockfile:712 (25597 bytes; live heap 179715253)
lockfile:713 (2357 bytes; live heap 177509715)
lockfile:714 (2941 bytes; live heap 177033221)
lockfile:715 (13111 bytes; live heap 175603580)
row-model:113 (152964 bytes; live heap 175174173)
lockfile:716 (5757 bytes; live heap 173729426)
lockfile:717 (13035 bytes; live heap 168540813)
lockfile:718 (295033 bytes; live heap 164993057)
lockfile:719 (25528 bytes; live heap 163569341)
bitproof:445 (740169 bytes; live heap 162278890)
lockfile:720 (5714 bytes; live heap 161292638)
lockfile:721 (2914 bytes; live heap 160901542)
lockfile:722 (2380 bytes; live heap 160564658)
lockfile:723 (2926 bytes; live heap 162138714)
lockfile:724 (5675 bytes; live heap 161765113)
certificate:309 (93461 bytes; live heap 156259105)
core:131 (3618841 bytes; live heap 155956772)
bitproof:446 (136712 bytes; live heap 155347964)
bitproof:447 (2115 bytes; live heap 154445308)
lockfile:725 (67950 bytes; live heap 156052704)
bitproof:448 (759450 bytes; live heap 153711732)
lockfile:726 (25531 bytes; live heap 153430581)
bitproof:449 (120 bytes; live heap 152275287)
lockfile:727 (13161 bytes; live heap 152920196)
lockfile:728 (2439 bytes; live heap 157420638)
lockfile:729 (12964 bytes; live heap 159086452)
certificate:310 (31047 bytes; live heap 159083925)
lockfile:730 (25528 bytes; live heap 158397324)
certificate:311 (104337 bytes; live heap 157621243)
bitproof:450 (759454 bytes; live heap 154579044)
lockfile:731 (25528 bytes; live heap 151549371)
bitproof:451 (3090 bytes; live heap 150593278)
bitproof:452 (198378 bytes; live heap 150862545)
lockfile:732 (284924 bytes; live heap 153269888)
lockfile:733 (5642 bytes; live heap 154233214)
lockfile:734 (5623 bytes; live heap 155987344)
lockfile:735 (2371 bytes; live heap 154113390)
lockfile:736 (5645 bytes; live heap 153324765)
lockfile:737 (2397 bytes; live heap 151906878)
bitproof:453 (594329 bytes; live heap 151601866)
lockfile:738 (2251 bytes; live heap 151876389)
lockfile:739 (25546 bytes; live heap 151971018)
certificate:312 (148561 bytes; live heap 154424576)
certificate:313 (98484 bytes; live heap 154101153)
bitproof:454 (144 bytes; live heap 152243845)
row-model:114 (153303 bytes; live heap 154075946)
lockfile:740 (24950 bytes; live heap 159655666)
bitproof:455 (759462 bytes; live heap 153787965)
logic:277 (604 bytes; live heap 145042395)
logic:278 (200868 bytes; live heap 145549974)
logic:279 (2220 bytes; live heap 145168816)
logic:280 (3100 bytes; live heap 145309341)
logic:281 (2237 bytes; live heap 142765193)
lockfile:741 (14931 bytes; live heap 142840285)
logic:282 (4760 bytes; live heap 143056868)
logic:283 (5541 bytes; live heap 143519092)
lockfile:742 (25531 bytes; live heap 143024971)
logic:284 (2173 bytes; live heap 143002518)
bitproof:456 (140 bytes; live heap 141028128)
logic:285 (1537 bytes; live heap 142422992)
logic:286 (1686 bytes; live heap 142903823)
logic:287 (352 bytes; live heap 143137880)
logic:288 (202513 bytes; live heap 143714493)
logic:289 (6781 bytes; live heap 146481020)
lockfile:743 (13047 bytes; live heap 146464018)
logic:290 (4654 bytes; live heap 147267308)
logic:291 (3576 bytes; live heap 146187343)
lockfile:744 (5689 bytes; live heap 146034238)
bitproof:457 (594217 bytes; live heap 143433973)
lockfile:745 (5663 bytes; live heap 144001125)
lockfile:746 (13178 bytes; live heap 144895070)
lockfile:747 (12344 bytes; live heap 146005737)
lockfile:748 (5661 bytes; live heap 145411439)
certificate:314 (2260 bytes; live heap 145050790)
certificate:315 (102820 bytes; live heap 144346380)
logic:292 (14061 bytes; live heap 142687587)
lockfile:749 (2418 bytes; live heap 142703185)
bitproof:458 (8837 bytes; live heap 142916054)
certificate:316 (155951 bytes; live heap 142799811)
logic:293 (4741 bytes; live heap 142867683)
lockfile:750 (5713 bytes; live heap 143218122)
logic:294 (16537 bytes; live heap 143528942)
bitproof:459 (256380 bytes; live heap 143098366)
lockfile:751 (25395 bytes; live heap 143651004)
bitproof:460 (143 bytes; live heap 143236209)
logic:295 (18157 bytes; live heap 143138964)
bitproof:461 (75009 bytes; live heap 143186646)
bitproof:462 (197 bytes; live heap 143095231)
bitproof:463 (3131 bytes; live heap 143063461)
bitproof:464 (50609 bytes; live heap 143126632)
bitproof:465 (3092 bytes; live heap 143745331)
bitproof:466 (8829 bytes; live heap 143767479)
bitproof:467 (8792 bytes; live heap 143779314)
logic:296 (2483 bytes; live heap 164641796)
logic:297 (535 bytes; live heap 165031551)
logic:298 (4543 bytes; live heap 165357784)
logic:299 (158 bytes; live heap 170557649)
logic:300 (420 bytes; live heap 171228105)
logic:301 (4259 bytes; live heap 175593437)
logic:302 (904 bytes; live heap 176692224)
logic:303 (3094 bytes; live heap 176940653)
logic:304 (2266 bytes; live heap 177976280)
logic:305 (1856 bytes; live heap 179249962)
logic:306 (269 bytes; live heap 180044400)
logic:307 (267461 bytes; live heap 194034792)
lockfile:752 (122424 bytes; live heap 195270189)
logic:308 (1865 bytes; live heap 195536723)
logic:309 (2203 bytes; live heap 196168316)
logic:310 (869 bytes; live heap 197906686)
logic:311 (12932 bytes; live heap 197920420)
logic:312 (3717 bytes; live heap 199642551)
logic:313 (4189 bytes; live heap 203612217)
logic:314 (389 bytes; live heap 203966931)
logic:315 (1145 bytes; live heap 204715717)
logic:316 (647 bytes; live heap 205254812)
logic:317 (2622 bytes; live heap 205814119)
logic:318 (2586 bytes; live heap 205989386)
logic:319 (468 bytes; live heap 206131176)
logic:320 (8298 bytes; live heap 209483494)
logic:321 (889 bytes; live heap 216561329)
logic:322 (202526 bytes; live heap 217826607)
logic:323 (10082 bytes; live heap 219981504)
logic:324 (4533 bytes; live heap 220264475)
logic:325 (615 bytes; live heap 220144927)
logic:326 (8208 bytes; live heap 224505301)
logic:327 (217 bytes; live heap 224513879)
logic:328 (2190 bytes; live heap 224569380)
logic:329 (2920 bytes; live heap 224657029)
logic:330 (1115 bytes; live heap 224696029)
logic:331 (2520 bytes; live heap 224734279)
logic:332 (2107 bytes; live heap 224768984)
certificate:317 (148572 bytes; live heap 171203714)
certificate:318 (148549 bytes; live heap 165658655)
row-model:115 (153238 bytes; live heap 162059873)
bitproof:468 (7860628 bytes; live heap 160939368)
equality:638 (100209 bytes; live heap 169908196)
equality:639 (10496 bytes; live heap 170260264)
equality:640 (579 bytes; live heap 170397809)
equality:641 (461 bytes; live heap 170625324)
equality:642 (590 bytes; live heap 171171769)
equality:643 (489 bytes; live heap 170913140)
equality:644 (218 bytes; live heap 174369166)
equality:645 (200842 bytes; live heap 174563699)
equality:646 (476 bytes; live heap 174317545)
equality:647 (858 bytes; live heap 174349455)
equality:648 (1153 bytes; live heap 174343079)
equality:649 (12432 bytes; live heap 174081761)
equality:650 (446 bytes; live heap 173833651)
equality:651 (239 bytes; live heap 173800647)
equality:652 (206 bytes; live heap 173751277)
logic:333 (51070 bytes; live heap 173903547)
equality:653 (1166 bytes; live heap 173886819)
logic:334 (18336 bytes; live heap 173937687)
equality:654 (457 bytes; live heap 173942265)
logic:335 (337 bytes; live heap 174014640)
logic:336 (752 bytes; live heap 174072380)
equality:655 (780 bytes; live heap 174069012)
logic:337 (10184 bytes; live heap 174127251)
equality:656 (458 bytes; live heap 174126279)
logic:338 (421 bytes; live heap 174249818)
equality:657 (471 bytes; live heap 174313117)
equality:658 (463 bytes; live heap 174583473)
logic:339 (3738 bytes; live heap 174522424)
equality:659 (430 bytes; live heap 175023109)
equality:660 (920 bytes; live heap 175246868)
equality:661 (503 bytes; live heap 178944958)
bitproof:469 (3128 bytes; live heap 167727966)
bitproof:470 (143 bytes; live heap 167880135)
bitproof:471 (134 bytes; live heap 167908000)
bitproof:472 (8003 bytes; live heap 169108116)
bitproof:473 (120 bytes; live heap 169123766)
certificate:319 (102786 bytes; live heap 175118977)
bitproof:474 (593982 bytes; live heap 171846902)
bitproof:475 (156 bytes; live heap 174451441)
bitproof:476 (884 bytes; live heap 174526575)
bitproof:477 (96 bytes; live heap 174597042)
bitproof:478 (133 bytes; live heap 174652024)
bitproof:479 (45461 bytes; live heap 179897656)
certificate:320 (97552 bytes; live heap 192111224)
equality:662 (140255 bytes; live heap 193035454)
equality:663 (200 bytes; live heap 192130428)
equality:664 (462 bytes; live heap 191869608)
equality:665 (525 bytes; live heap 191816645)
equality:666 (468 bytes; live heap 191789311)
equality:667 (200463 bytes; live heap 191571147)
equality:668 (261 bytes; live heap 191331398)
equality:669 (489 bytes; live heap 191026489)
equality:670 (882 bytes; live heap 190779699)
equality:671 (221 bytes; live heap 190675542)
equality:672 (194 bytes; live heap 190480695)
equality:673 (409 bytes; live heap 190198524)
equality:674 (1152 bytes; live heap 189709978)
bitproof:480 (1172334 bytes; live heap 189571171)
equality:675 (1168 bytes; live heap 190013181)
equality:676 (1151 bytes; live heap 190938130)
equality:677 (66 bytes; live heap 191310965)
equality:678 (920 bytes; live heap 191412172)
equality:679 (1118 bytes; live heap 191957706)
equality:680 (545 bytes; live heap 192095415)
equality:681 (1163 bytes; live heap 192432119)
equality:682 (523 bytes; live heap 192628881)
equality:683 (234 bytes; live heap 192701337)
equality:684 (200474 bytes; live heap 193115877)
equality:685 (584 bytes; live heap 193273205)
bitproof:481 (74998 bytes; live heap 193376846)
bitproof:482 (4034 bytes; live heap 194235753)
bitproof:483 (3097 bytes; live heap 191334172)
bitproof:484 (11588 bytes; live heap 191627355)
bitproof:485 (1107 bytes; live heap 191691085)
bitproof:486 (1794 bytes; live heap 192769605)
bitproof:487 (143314 bytes; live heap 193528818)
bitproof:488 (146 bytes; live heap 193840446)
bitproof:489 (159878 bytes; live heap 201563275)
bitproof:490 (68 bytes; live heap 202423512)
bitproof:491 (120 bytes; live heap 202644514)
row-model:116 (10 bytes; live heap 202514271)
bitproof:492 (3086 bytes; live heap 204458113)
bitproof:493 (1108 bytes; live heap 204905485)
row-model:117 (155047 bytes; live heap 204804909)
row-model:118 (153299 bytes; live heap 205496363)
bitproof:494 (1562 bytes; live heap 206028947)
bitproof:495 (1121 bytes; live heap 206107877)
bitproof:496 (6070 bytes; live heap 208474858)
bitproof:497 (156 bytes; live heap 209601510)
bitproof:498 (627035 bytes; live heap 212095740)
bitproof:499 (132 bytes; live heap 213772816)
bitproof:500 (136720 bytes; live heap 213908450)
bitproof:501 (142 bytes; live heap 213507557)
bitproof:502 (212 bytes; live heap 213508479)
bitproof:503 (130 bytes; live heap 213510933)
core:132 (276 bytes; live heap 225245612)
core:133 (1883 bytes; live heap 226281559)
core:134 (1182 bytes; live heap 226445185)
core:135 (11484 bytes; live heap 226550089)
core:136 (600 bytes; live heap 226044709)
core:137 (1876 bytes; live heap 227210482)
core:138 (1889 bytes; live heap 228225229)
core:139 (2560 bytes; live heap 230317037)
lockfile:753 (902921 bytes; live heap 232064348)
lockfile:754 (13111 bytes; live heap 240780392)
core:140 (43877 bytes; live heap 241378114)
core:141 (982 bytes; live heap 241079110)
core:142 (1175 bytes; live heap 240860635)
core:143 (24927 bytes; live heap 244056713)
core:144 (2537 bytes; live heap 243919810)
core:145 (2936 bytes; live heap 243558304)
core:146 (209 bytes; live heap 243251646)
core:147 (532 bytes; live heap 242832555)
core:148 (3188 bytes; live heap 242739448)
core:149 (613 bytes; live heap 242416879)
equality:686 (260526 bytes; live heap 225415888)
row-model:119 (152592 bytes; live heap 219764299)
row-model:120 (153300 bytes; live heap 216870659)
equality:687 (564 bytes; live heap 214025601)
equality:688 (221 bytes; live heap 214592884)
equality:689 (950 bytes; live heap 214321345)
equality:690 (523 bytes; live heap 214224438)
equality:691 (572 bytes; live heap 214012191)
equality:692 (921 bytes; live heap 213836131)
equality:693 (517 bytes; live heap 213173939)
equality:694 (891 bytes; live heap 212532912)
equality:695 (458 bytes; live heap 212338639)
equality:696 (5973 bytes; live heap 211028501)
equality:697 (4306 bytes; live heap 208005836)
equality:698 (1154 bytes; live heap 207516556)
equality:699 (459 bytes; live heap 207498906)
equality:700 (525 bytes; live heap 207414606)
equality:701 (461 bytes; live heap 207269443)
equality:702 (189 bytes; live heap 207203336)
equality:703 (1234 bytes; live heap 207044718)
equality:704 (467 bytes; live heap 207079215)
equality:705 (1152 bytes; live heap 207012741)
equality:706 (882 bytes; live heap 206577476)
equality:707 (193 bytes; live heap 206499092)
equality:708 (912 bytes; live heap 206313534)
equality:709 (200 bytes; live heap 206311648)
equality:710 (367 bytes; live heap 206299466)
equality:711 (228 bytes; live heap 206218050)
equality:712 (464 bytes; live heap 206168078)
equality:713 (731 bytes; live heap 206083841)
equality:714 (3170 bytes; live heap 205069095)
equality:715 (474 bytes; live heap 205588231)
bitproof:504 (6574282 bytes; live heap 205383450)
lockfile:755 (2146922 bytes; live heap 213835963)
lockfile:756 (2382 bytes; live heap 213822312)
logic:340 (1606949 bytes; live heap 226929393)
bitproof:505 (6894 bytes; live heap 209548001)
bitproof:506 (173 bytes; live heap 209553371)
bitproof:507 (131 bytes; live heap 209529252)
lockfile:757 (159360 bytes; live heap 209735096)
bitproof:508 (7936 bytes; live heap 209605766)
bitproof:509 (759473 bytes; live heap 216856724)
lockfile:758 (25536 bytes; live heap 218162626)
row-model:121 (155047 bytes; live heap 219672780)
lockfile:759 (5691 bytes; live heap 219780288)
lockfile:760 (5945 bytes; live heap 221605154)
equality:716 (463443 bytes; live heap 221314854)
equality:717 (235 bytes; live heap 220552589)
lockfile:761 (2925 bytes; live heap 220546831)
equality:718 (456 bytes; live heap 220531289)
equality:719 (455 bytes; live heap 220517480)
lockfile:762 (25571 bytes; live heap 218827046)
equality:720 (3671 bytes; live heap 218827608)
bitproof:510 (3087 bytes; live heap 218956173)
equality:721 (479 bytes; live heap 218979923)
equality:722 (524 bytes; live heap 220309127)
equality:723 (470 bytes; live heap 220189535)
bitproof:511 (143280 bytes; live heap 219637399)
equality:724 (14665 bytes; live heap 220230322)
equality:725 (426 bytes; live heap 220938916)
equality:726 (10228 bytes; live heap 220763618)
equality:727 (439 bytes; live heap 220612446)
bitproof:512 (74998 bytes; live heap 220376559)
equality:728 (503 bytes; live heap 220434784)
equality:729 (496 bytes; live heap 220971302)
bitproof:513 (3590 bytes; live heap 220898853)
equality:730 (850 bytes; live heap 220943694)
equality:731 (458 bytes; live heap 221744659)
equality:732 (470 bytes; live heap 222801914)
equality:733 (893 bytes; live heap 223742975)
equality:734 (447 bytes; live heap 224540938)
equality:735 (200193 bytes; live heap 226033520)
equality:736 (525 bytes; live heap 226116676)
equality:737 (1148 bytes; live heap 227832518)
equality:738 (480 bytes; live heap 228356344)
equality:739 (475 bytes; live heap 229290304)
equality:740 (479 bytes; live heap 229177708)
equality:741 (1175 bytes; live heap 228639437)
equality:742 (706 bytes; live heap 228377142)
equality:743 (413 bytes; live heap 228146995)
equality:744 (224 bytes; live heap 227936731)
lockfile:763 (202269 bytes; live heap 228586710)
bitproof:514 (594331 bytes; live heap 227885040)
lockfile:764 (5691 bytes; live heap 227923643)
lockfile:765 (25596 bytes; live heap 230187560)
lockfile:766 (19990 bytes; live heap 236922646)
bitproof:515 (1115 bytes; live heap 235109092)
bitproof:516 (265745 bytes; live heap 235791958)
bitproof:517 (133 bytes; live heap 235571647)
lockfile:767 (2372 bytes; live heap 235582082)
bitproof:518 (3094 bytes; live heap 235636478)
bitproof:519 (136 bytes; live heap 235819838)
bitproof:520 (28866 bytes; live heap 235986146)
bitproof:521 (134 bytes; live heap 235989497)
lockfile:768 (5671 bytes; live heap 235995105)
bitproof:522 (8827 bytes; live heap 236029884)
bitproof:523 (3066 bytes; live heap 236356324)
bitproof:524 (149 bytes; live heap 236363971)
bitproof:525 (132 bytes; live heap 236375636)
bitproof:526 (1123 bytes; live heap 236394338)
bitproof:527 (136719 bytes; live heap 236873622)
lockfile:769 (5675 bytes; live heap 237170887)
bitproof:528 (7933 bytes; live heap 237399483)
lockfile:770 (19967 bytes; live heap 250712018)
equality:745 (2062312 bytes; live heap 251813715)
bitproof:529 (1195274 bytes; live heap 240725185)
equality:746 (527 bytes; live heap 239810683)
lockfile:771 (5518 bytes; live heap 239951192)
equality:747 (227 bytes; live heap 239959912)
equality:748 (483 bytes; live heap 241208268)
equality:749 (525 bytes; live heap 242585689)
bitproof:530 (3052 bytes; live heap 237506364)
equality:750 (546 bytes; live heap 237531086)
bitproof:531 (132 bytes; live heap 228509252)
equality:751 (223 bytes; live heap 228507571)
equality:752 (485 bytes; live heap 229713101)
logic:341 (2688 bytes; live heap 229748487)
equality:753 (217 bytes; live heap 229919995)
equality:754 (10527 bytes; live heap 230185414)
logic:342 (2803 bytes; live heap 237169779)
logic:343 (4476 bytes; live heap 244498823)
logic:344 (2669 bytes; live heap 244922489)
logic:345 (86381 bytes; live heap 253575168)
logic:346 (2061869 bytes; live heap 266501865)
certificate:321 (154467 bytes; live heap 258676409)
certificate:322 (149125 bytes; live heap 260182201)
logic:347 (2512 bytes; live heap 260719933)
logic:348 (3071 bytes; live heap 260165110)
logic:349 (688 bytes; live heap 259996303)
logic:350 (1131 bytes; live heap 259803014)
bitproof:532 (748911 bytes; live heap 258169298)
logic:351 (15804 bytes; live heap 258119649)
logic:352 (4590 bytes; live heap 258749016)
row-model:122 (153236 bytes; live heap 258586288)
row-model:123 (153315 bytes; live heap 258790310)
logic:353 (8085 bytes; live heap 258798607)
row-model:124 (153311 bytes; live heap 258773727)
row-model:125 (155052 bytes; live heap 259326063)
logic:354 (1687 bytes; live heap 259585222)
logic:355 (1624 bytes; live heap 259707868)
logic:356 (204739 bytes; live heap 259930432)
logic:357 (10353 bytes; live heap 259914230)
logic:358 (1848 bytes; live heap 260910318)
logic:359 (5815 bytes; live heap 261049683)
logic:360 (2471 bytes; live heap 265271795)
logic:361 (8053 bytes; live heap 265148273)
logic:362 (200368 bytes; live heap 265313656)
logic:363 (2029 bytes; live heap 265088934)
logic:364 (3032 bytes; live heap 265043522)
logic:365 (4232 bytes; live heap 265016993)
logic:366 (1864 bytes; live heap 264939797)
logic:367 (200890 bytes; live heap 265091656)
logic:368 (6414 bytes; live heap 264693745)
logic:369 (530 bytes; live heap 264530260)
logic:370 (910 bytes; live heap 264528357)
logic:371 (2619 bytes; live heap 264507142)
logic:372 (2515 bytes; live heap 262683915)
logic:373 (710 bytes; live heap 264699470)
logic:374 (300 bytes; live heap 264956731)
logic:375 (6950 bytes; live heap 268583139)
certificate:323 (155954 bytes; live heap 267227477)
certificate:324 (476 bytes; live heap 266536167)
certificate:325 (149385 bytes; live heap 265398792)
bitproof:533 (759460 bytes; live heap 263937442)
logic:376 (78746 bytes; live heap 263710612)
logic:377 (24641 bytes; live heap 264305991)
certificate:326 (148153 bytes; live heap 322201740)
certificate:327 (93461 bytes; live heap 319394466)
logic:378 (362704 bytes; live heap 308971268)
logic:379 (589 bytes; live heap 305236307)
logic:380 (1079 bytes; live heap 304796419)
logic:381 (2174 bytes; live heap 299578326)
logic:382 (2237 bytes; live heap 297933728)
logic:383 (1830 bytes; live heap 296211799)
logic:384 (771 bytes; live heap 295801506)
logic:385 (2313 bytes; live heap 295150178)
logic:386 (2662 bytes; live heap 294791564)
logic:387 (2113 bytes; live heap 292906336)
logic:388 (2059 bytes; live heap 292633098)
logic:389 (8121 bytes; live heap 288373228)
logic:390 (10908 bytes; live heap 288177332)
logic:391 (7 bytes; live heap 288112864)
row-model:126 (153309 bytes; live heap 287771252)
row-model:127 (153308 bytes; live heap 289896424)
row-model:128 (153301 bytes; live heap 289053116)
bitproof:534 (6015755 bytes; live heap 286930631)
certificate:328 (99308 bytes; live heap 294545686)
certificate:329 (149008 bytes; live heap 297241682)
certificate:330 (97932 bytes; live heap 352277374)
certificate:331 (476 bytes; live heap 352653138)
certificate:332 (350 bytes; live heap 353568536)
certificate:333 (97915 bytes; live heap 356160381)
certificate:334 (107908 bytes; live heap 357344515)
bitproof:535 (595090 bytes; live heap 342971487)
bitproof:536 (142064 bytes; live heap 344422063)
bitproof:537 (4943 bytes; live heap 345164810)
certificate:335 (97916 bytes; live heap 399847055)
certificate:336 (148522 bytes; live heap 416729064)
certificate:337 (708 bytes; live heap 417718493)
certificate:338 (155954 bytes; live heap 418681391)
row-model:129 (161272 bytes; live heap 426242103)
equality:755 (400215 bytes; live heap 428857496)
equality:756 (221 bytes; live heap 397159828)
equality:757 (274 bytes; live heap 396431850)
equality:758 (1238 bytes; live heap 387017507)
equality:759 (548 bytes; live heap 385564625)
bitproof:538 (11955335 bytes; live heap 367367335)
equality:760 (17038 bytes; live heap 368172588)
equality:761 (193 bytes; live heap 368300706)
equality:762 (504 bytes; live heap 368351245)
equality:763 (462 bytes; live heap 368477708)
equality:764 (469 bytes; live heap 368722775)
equality:765 (559 bytes; live heap 368790291)
equality:766 (883 bytes; live heap 368843439)
equality:767 (447 bytes; live heap 369068335)
equality:768 (456 bytes; live heap 369214511)
equality:769 (200465 bytes; live heap 369891655)
equality:770 (1412 bytes; live heap 367217033)
equality:771 (539 bytes; live heap 367509660)
equality:772 (488 bytes; live heap 367867432)
lockfile:772 (702892 bytes; live heap 370099955)
equality:773 (18970 bytes; live heap 370264372)
certificate:339 (98484 bytes; live heap 370048625)
equality:774 (487 bytes; live heap 370417727)
equality:775 (491 bytes; live heap 370577138)
equality:776 (261 bytes; live heap 370606830)
lockfile:773 (5749 bytes; live heap 381500917)
lockfile:774 (2380 bytes; live heap 383005813)
lockfile:775 (2354 bytes; live heap 384565098)
lockfile:776 (2893 bytes; live heap 385010502)
lockfile:777 (25528 bytes; live heap 387220026)
lockfile:778 (5660 bytes; live heap 353860093)
lockfile:779 (2373 bytes; live heap 354567523)
lockfile:780 (2748 bytes; live heap 349890514)
bitproof:539 (594216 bytes; live heap 347998718)
lockfile:781 (2506 bytes; live heap 348442992)
equality:777 (57808 bytes; live heap 350314298)
equality:778 (1020 bytes; live heap 350613294)
equality:779 (461 bytes; live heap 350886111)
equality:780 (727 bytes; live heap 351214000)
equality:781 (496 bytes; live heap 351449374)
equality:782 (916 bytes; live heap 351617996)
equality:783 (221 bytes; live heap 351734622)
equality:784 (543 bytes; live heap 351814699)
equality:785 (525 bytes; live heap 351872183)
equality:786 (444 bytes; live heap 351885471)
equality:787 (922 bytes; live heap 351856667)
equality:788 (722 bytes; live heap 351958276)
bitproof:540 (144 bytes; live heap 351559388)
bitproof:541 (136733 bytes; live heap 352861684)
certificate:340 (93695 bytes; live heap 356449128)
lockfile:782 (393111 bytes; live heap 396445363)
certificate:341 (149577 bytes; live heap 435278815)
certificate:342 (93480 bytes; live heap 440043066)
certificate:343 (93367 bytes; live heap 439918941)
certificate:344 (475 bytes; live heap 441515945)
row-model:130 (152630 bytes; live heap 441728129)
lockfile:783 (25349 bytes; live heap 441691676)
certificate:345 (98485 bytes; live heap 444782362)
certificate:346 (97211 bytes; live heap 447756227)
certificate:347 (476 bytes; live heap 448597167)
certificate:348 (97844 bytes; live heap 454231685)
lockfile:784 (2370 bytes; live heap 455517345)
certificate:349 (93744 bytes; live heap 455534612)
certificate:350 (448 bytes; live heap 455685106)
certificate:351 (93433 bytes; live heap 456697235)
lockfile:785 (13039 bytes; live heap 456858678)
lockfile:786 (25609 bytes; live heap 466713193)
lockfile:787 (3010 bytes; live heap 460953496)
logic:392 (1602670 bytes; live heap 457408846)
lockfile:788 (12790 bytes; live heap 456462013)
lockfile:789 (5691 bytes; live heap 452420718)
lockfile:790 (13145 bytes; live heap 449467999)
lockfile:791 (25520 bytes; live heap 441269287)
lockfile:792 (25859 bytes; live heap 429688681)
lockfile:793 (7182 bytes; live heap 427519872)
lockfile:794 (13032 bytes; live heap 426297991)
lockfile:795 (2916 bytes; live heap 422408755)
lockfile:796 (5696 bytes; live heap 421167361)
lockfile:797 (2304 bytes; live heap 420634372)
lockfile:798 (3384 bytes; live heap 418943437)
lockfile:799 (2949 bytes; live heap 420179586)
bitproof:542 (9639899 bytes; live heap 419889429)
lockfile:800 (2362 bytes; live heap 421101830)
lockfile:801 (3163 bytes; live heap 422602696)
lockfile:802 (2757 bytes; live heap 427416949)
lockfile:803 (5811 bytes; live heap 431071686)
lockfile:804 (11672 bytes; live heap 437005205)
lockfile:805 (13030 bytes; live heap 445765127)
lockfile:806 (5623 bytes; live heap 448621320)
lockfile:807 (25528 bytes; live heap 450439830)
lockfile:808 (5586 bytes; live heap 454066025)
lockfile:809 (25536 bytes; live heap 456156058)
lockfile:810 (5736 bytes; live heap 461711872)
lockfile:811 (3145 bytes; live heap 464013615)
lockfile:812 (2394 bytes; live heap 463975480)
lockfile:813 (5572 bytes; live heap 464130389)
lockfile:814 (5910 bytes; live heap 465056484)
row-model:131 (153365 bytes; live heap 460310317)
lockfile:815 (68439 bytes; live heap 465202651)
lockfile:816 (5740 bytes; live heap 466293403)
lockfile:817 (2931 bytes; live heap 466181498)
lockfile:818 (2371 bytes; live heap 466481023)
lockfile:819 (13285 bytes; live heap 467237088)
lockfile:820 (13131 bytes; live heap 469489123)
lockfile:821 (2837 bytes; live heap 469522153)
lockfile:822 (2926 bytes; live heap 469142113)
lockfile:823 (25136 bytes; live heap 466796363)
equality:789 (240930 bytes; live heap 454907983)
equality:790 (1134 bytes; live heap 445241946)
equality:791 (274958 bytes; live heap 444349635)
bitproof:543 (8850 bytes; live heap 422298812)
bitproof:544 (132 bytes; live heap 422231191)
equality:792 (159 bytes; live heap 424560842)
equality:793 (861 bytes; live heap 426230451)
equality:794 (1155 bytes; live heap 431904307)
equality:795 (1176 bytes; live heap 494875060)
equality:796 (497 bytes; live heap 495292147)
equality:797 (504 bytes; live heap 497040827)
equality:798 (467 bytes; live heap 497079207)
bitproof:545 (8931155 bytes; live heap 462158383)
logic:393 (516 bytes; live heap 454799815)
logic:394 (7186 bytes; live heap 457973277)
logic:395 (19738 bytes; live heap 463708822)
row-model:132 (153159 bytes; live heap 469868679)
row-model:133 (152624 bytes; live heap 471121893)
row-model:134 (153269 bytes; live heap 472046220)
logic:396 (17480 bytes; live heap 481454551)
logic:397 (1217 bytes; live heap 482064510)
logic:398 (2392 bytes; live heap 482702635)
logic:399 (18561 bytes; live heap 486693188)
logic:400 (2887 bytes; live heap 487228625)
equality:799 (600151 bytes; live heap 497983387)
equality:800 (578 bytes; live heap 500288502)
equality:801 (472 bytes; live heap 500593627)
equality:802 (186 bytes; live heap 500746797)
equality:803 (368 bytes; live heap 501060141)
equality:804 (548 bytes; live heap 501418025)
equality:805 (232 bytes; live heap 501732460)
equality:806 (862 bytes; live heap 503048390)
equality:807 (422 bytes; live heap 505086409)
equality:808 (7310 bytes; live heap 504755276)
equality:809 (218 bytes; live heap 504986036)
equality:810 (463 bytes; live heap 505386825)
equality:811 (178 bytes; live heap 505583534)
equality:812 (221 bytes; live heap 505919486)
equality:813 (10485 bytes; live heap 506268435)
equality:814 (483 bytes; live heap 506950078)
equality:815 (1153 bytes; live heap 508042755)
equality:816 (476 bytes; live heap 508237006)
equality:817 (189 bytes; live heap 508420722)
equality:818 (471 bytes; live heap 508568623)
equality:819 (451 bytes; live heap 508760600)
equality:820 (2365 bytes; live heap 509141498)
equality:821 (456 bytes; live heap 509548942)
equality:822 (10471 bytes; live heap 509737903)
equality:823 (195 bytes; live heap 509797813)
equality:824 (555 bytes; live heap 509993126)
equality:825 (206 bytes; live heap 510217375)
equality:826 (469 bytes; live heap 510510524)
equality:827 (478 bytes; live heap 510583992)
equality:828 (202 bytes; live heap 510762454)
equality:829 (526 bytes; live heap 510991001)
equality:830 (794 bytes; live heap 509734594)
equality:831 (487 bytes; live heap 507822060)
equality:832 (1152 bytes; live heap 505959900)
equality:833 (516 bytes; live heap 504886357)
logic:401 (137157 bytes; live heap 499643653)
equality:834 (424 bytes; live heap 499599614)
equality:835 (489 bytes; live heap 497173715)
equality:836 (920 bytes; live heap 493699558)
equality:837 (567 bytes; live heap 491606915)
equality:838 (221 bytes; live heap 491115446)
equality:839 (920 bytes; live heap 490325006)
equality:840 (507 bytes; live heap 489821595)
equality:841 (350 bytes; live heap 489247841)
equality:842 (481 bytes; live heap 487395063)
equality:843 (472 bytes; live heap 486753461)
equality:844 (559 bytes; live heap 485052236)
equality:845 (518 bytes; live heap 484080229)
equality:846 (4 bytes; live heap 466176642)
logic:402 (239 bytes; live heap 468187943)
logic:403 (1123 bytes; live heap 468747065)
logic:404 (7712 bytes; live heap 470939442)
logic:405 (2325 bytes; live heap 471278993)
equality:847 (4357 bytes; live heap 471345387)
equality:848 (1090 bytes; live heap 472566680)
equality:849 (456 bytes; live heap 473648513)
equality:850 (221 bytes; live heap 474045257)
equality:851 (174 bytes; live heap 474767880)
equality:852 (3089 bytes; live heap 478990339)
equality:853 (525 bytes; live heap 478989869)
equality:854 (461 bytes; live heap 478870781)
bitproof:546 (759452 bytes; live heap 478043203)
equality:855 (37912 bytes; live heap 479764542)
equality:856 (899 bytes; live heap 480321419)
equality:857 (193 bytes; live heap 480564304)
equality:858 (463 bytes; live heap 480920869)
equality:859 (781 bytes; live heap 481123047)
equality:860 (463 bytes; live heap 481523793)
bitproof:547 (133 bytes; live heap 480837793)
equality:861 (12442 bytes; live heap 480871559)
equality:862 (4160 bytes; live heap 486989230)
equality:863 (476 bytes; live heap 487409876)
equality:864 (1151 bytes; live heap 487906371)
equality:865 (770 bytes; live heap 488228347)
equality:866 (457 bytes; live heap 488410851)
bitproof:548 (19478 bytes; live heap 488928021)
equality:867 (18283 bytes; live heap 506376650)
equality:868 (225 bytes; live heap 506643583)
equality:869 (534 bytes; live heap 507315102)
equality:870 (473 bytes; live heap 507723500)
equality:871 (632 bytes; live heap 508201924)
equality:872 (920 bytes; live heap 508590773)
equality:873 (526 bytes; live heap 509025270)
equality:874 (131 bytes; live heap 509322737)
equality:875 (508 bytes; live heap 510218037)
equality:876 (282 bytes; live heap 510372242)
equality:877 (924 bytes; live heap 511011404)
equality:878 (472 bytes; live heap 511802823)
equality:879 (1169 bytes; live heap 513447070)
equality:880 (594 bytes; live heap 514106768)
equality:881 (892 bytes; live heap 514589568)
equality:882 (941 bytes; live heap 515139622)
equality:883 (605 bytes; live heap 515411279)
equality:884 (473 bytes; live heap 516054421)
equality:885 (456 bytes; live heap 515826747)
equality:886 (196 bytes; live heap 516236579)
equality:887 (428 bytes; live heap 516637174)
equality:888 (373 bytes; live heap 517306147)
equality:889 (2383 bytes; live heap 519527873)
equality:890 (221 bytes; live heap 520041139)
equality:891 (923 bytes; live heap 521143846)
equality:892 (1161 bytes; live heap 527893592)
equality:893 (230 bytes; live heap 528099187)
equality:894 (465 bytes; live heap 528281745)
row-model:135 (155451 bytes; live heap 587803251)
row-model:136 (153307 bytes; live heap 589614672)
row-model:137 (153300 bytes; live heap 589327883)
row-model:138 (153290 bytes; live heap 588759038)
row-model:139 (355047 bytes; live heap 589108281)
logic:406 (201887 bytes; live heap 593119783)
logic:407 (2220 bytes; live heap 592767768)
logic:408 (3944 bytes; live heap 592729071)
logic:409 (2425 bytes; live heap 592711137)
logic:410 (1836 bytes; live heap 592667072)
logic:411 (484 bytes; live heap 592622557)
logic:412 (4214 bytes; live heap 592324218)
logic:413 (19716 bytes; live heap 585713690)
logic:414 (2598 bytes; live heap 584557582)
logic:415 (5056 bytes; live heap 582238473)
logic:416 (10858 bytes; live heap 578705019)
logic:417 (546 bytes; live heap 578149520)
logic:418 (3087 bytes; live heap 577387501)
logic:419 (3876 bytes; live heap 576772191)
logic:420 (559 bytes; live heap 576462275)
logic:421 (2516 bytes; live heap 575851147)
logic:422 (1557 bytes; live heap 575657654)
equality:895 (240555 bytes; live heap 574811860)
logic:423 (2533 bytes; live heap 574524288)
equality:896 (492 bytes; live heap 573570496)
logic:424 (37276 bytes; live heap 572603360)
logic:425 (828 bytes; live heap 566127822)
logic:426 (1905 bytes; live heap 565449720)
logic:427 (16566 bytes; live heap 561406058)
logic:428 (2625 bytes; live heap 560650976)
logic:429 (1370 bytes; live heap 559593142)
logic:430 (1233 bytes; live heap 559075337)
logic:431 (3299 bytes; live heap 557347985)
logic:432 (3345 bytes; live heap 552804296)
logic:433 (2863 bytes; live heap 552252300)
logic:434 (3051 bytes; live heap 552252350)
logic:435 (2194 bytes; live heap 552966857)
logic:436 (1375 bytes; live heap 553899735)
logic:437 (4098 bytes; live heap 553729633)
bitproof:549 (10433088 bytes; live heap 545395770)
logic:438 (362340 bytes; live heap 527598527)
logic:439 (1206 bytes; live heap 527963830)
logic:440 (200839 bytes; live heap 527892320)
logic:441 (2051 bytes; live heap 527463982)
logic:442 (1341 bytes; live heap 527272059)
logic:443 (3661 bytes; live heap 527036877)
logic:444 (3154 bytes; live heap 527044938)
logic:445 (5554 bytes; live heap 526491811)
logic:446 (1404 bytes; live heap 526479285)
logic:447 (2560 bytes; live heap 527266544)
logic:448 (816 bytes; live heap 527243666)
logic:449 (1776 bytes; live heap 527194286)
logic:450 (200591 bytes; live heap 527458120)
logic:451 (748 bytes; live heap 526945842)
logic:452 (2846 bytes; live heap 526516180)
row-model:140 (219629 bytes; live heap 522627690)
bitproof:550 (135 bytes; live heap 486711383)
bitproof:551 (28791 bytes; live heap 486743477)
bitproof:552 (170 bytes; live heap 486694262)
bitproof:553 (221 bytes; live heap 486687105)
bitproof:554 (1128 bytes; live heap 486681908)
bitproof:555 (66 bytes; live heap 486676121)
bitproof:556 (137363 bytes; live heap 486888729)
bitproof:557 (3665 bytes; live heap 486572991)
bitproof:558 (2137 bytes; live heap 486649466)
bitproof:559 (75460 bytes; live heap 487029380)
bitproof:560 (136 bytes; live heap 487098987)
bitproof:561 (760174 bytes; live heap 490987580)
bitproof:562 (120 bytes; live heap 482964498)
bitproof:563 (1619 bytes; live heap 484047580)
bitproof:564 (8826 bytes; live heap 484079414)
row-model:141 (153318 bytes; live heap 498450711)
row-model:142 (153238 bytes; live heap 496279261)
logic:453 (280219 bytes; live heap 411834903)
logic:454 (370 bytes; live heap 408993355)
logic:455 (533 bytes; live heap 408306255)
logic:456 (840 bytes; live heap 407744066)
bitproof:565 (7679557 bytes; live heap 401458479)
logic:457 (13640 bytes; live heap 399334541)
logic:458 (5662 bytes; live heap 398274907)
logic:459 (213 bytes; live heap 398115149)
logic:460 (4872 bytes; live heap 397453186)
logic:461 (16384 bytes; live heap 397387579)
logic:462 (2509 bytes; live heap 397148079)
logic:463 (2349 bytes; live heap 396884550)
logic:464 (2361 bytes; live heap 395461611)
logic:465 (1631 bytes; live heap 395320690)
logic:466 (8333 bytes; live heap 395326514)
logic:467 (4358 bytes; live heap 394942136)
logic:468 (1921 bytes; live heap 394046104)
logic:469 (2555 bytes; live heap 393949807)
logic:470 (2522 bytes; live heap 376881995)
logic:471 (2115 bytes; live heap 376543229)
logic:472 (115890 bytes; live heap 375327967)
logic:473 (3520 bytes; live heap 376377995)
logic:474 (2025 bytes; live heap 376232317)
row-model:143 (153308 bytes; live heap 371695965)
bitproof:566 (782700 bytes; live heap 371908236)
equality:897 (2260457 bytes; live heap 458306939)
equality:898 (401 bytes; live heap 460192582)
equality:899 (474 bytes; live heap 460373094)
equality:900 (921 bytes; live heap 451494658)
equality:901 (534 bytes; live heap 442018771)
equality:902 (9 bytes; live heap 440826955)
equality:903 (222 bytes; live heap 438786561)
equality:904 (473 bytes; live heap 434918587)
equality:905 (528 bytes; live heap 428091222)
equality:906 (465 bytes; live heap 420527640)
equality:907 (483 bytes; live heap 412553815)
equality:908 (928 bytes; live heap 410519928)
equality:909 (565 bytes; live heap 406624511)
equality:910 (194 bytes; live heap 404628737)
equality:911 (390 bytes; live heap 402716131)
bitproof:567 (11821520 bytes; live heap 400906642)
equality:912 (200462 bytes; live heap 400972189)
equality:913 (882 bytes; live heap 401782728)
equality:914 (238 bytes; live heap 402294773)
equality:915 (1183 bytes; live heap 406110692)
equality:916 (484 bytes; live heap 408113458)
equality:917 (242 bytes; live heap 408549826)
equality:918 (515 bytes; live heap 409458849)
equality:919 (482 bytes; live heap 410024351)
equality:920 (1152 bytes; live heap 412060219)
equality:921 (216 bytes; live heap 412466492)
equality:922 (939 bytes; live heap 410954452)
equality:923 (2659 bytes; live heap 413444520)
equality:924 (473 bytes; live heap 413509962)
equality:925 (290 bytes; live heap 414741470)
equality:926 (505 bytes; live heap 416134320)
row-model:144 (153159 bytes; live heap 416782291)
equality:927 (490 bytes; live heap 417159311)
equality:928 (1204 bytes; live heap 417550861)
row-model:145 (155109 bytes; live heap 418212165)
equality:929 (525 bytes; live heap 418290629)
equality:930 (1163 bytes; live heap 420303513)
equality:931 (671 bytes; live heap 420519424)
equality:932 (525 bytes; live heap 420916529)
equality:933 (441 bytes; live heap 422735107)
equality:934 (475 bytes; live heap 423675498)
equality:935 (1000 bytes; live heap 424150913)
equality:936 (463 bytes; live heap 425402550)
equality:937 (922 bytes; live heap 425623241)
equality:938 (473 bytes; live heap 426062185)
equality:939 (1151 bytes; live heap 427190977)
equality:940 (486 bytes; live heap 428083588)
equality:941 (15445 bytes; live heap 434003891)
equality:942 (161 bytes; live heap 428727715)
equality:943 (882 bytes; live heap 409102834)
bitproof:568 (1124 bytes; live heap 392295853)
bitproof:569 (96 bytes; live heap 392355265)
equality:944 (195 bytes; live heap 392355545)
equality:945 (871 bytes; live heap 392480844)
equality:946 (985 bytes; live heap 392756201)
bitproof:570 (13214 bytes; live heap 392259428)
equality:947 (1194 bytes; live heap 392192853)
bitproof:571 (120 bytes; live heap 392175286)
equality:948 (1058 bytes; live heap 393201679)
bitproof:572 (144466 bytes; live heap 392392018)
equality:949 (452 bytes; live heap 392381652)
equality:950 (214 bytes; live heap 392452696)
equality:951 (10469 bytes; live heap 392616341)
equality:952 (232 bytes; live heap 392674705)
equality:953 (1166 bytes; live heap 393687910)
equality:954 (223 bytes; live heap 394437954)
equality:955 (203 bytes; live heap 394062212)
bitproof:573 (142077 bytes; live heap 393491216)
equality:956 (471 bytes; live heap 393774677)
bitproof:574 (3105 bytes; live heap 393411248)
equality:957 (10142 bytes; live heap 412264479)
equality:958 (237 bytes; live heap 416800833)
equality:959 (469 bytes; live heap 419718441)
equality:960 (437 bytes; live heap 423259313)
equality:961 (526 bytes; live heap 425608550)
equality:962 (747 bytes; live heap 430125759)
equality:963 (529 bytes; live heap 432313918)
equality:964 (484 bytes; live heap 433001662)
equality:965 (518 bytes; live heap 433719310)
equality:966 (920 bytes; live heap 436581961)
equality:967 (214 bytes; live heap 439488869)
equality:968 (3392 bytes; live heap 447440274)
equality:969 (527 bytes; live heap 450396560)
equality:970 (2461 bytes; live heap 453384551)
equality:971 (458 bytes; live heap 454144570)
equality:972 (200457 bytes; live heap 455870501)
equality:973 (883 bytes; live heap 457166278)
bitproof:575 (11821516 bytes; live heap 435402106)
bitproof:576 (135 bytes; live heap 415588487)
bitproof:577 (264291 bytes; live heap 414401486)
bitproof:578 (2123 bytes; live heap 413485167)
row-model:146 (153299 bytes; live heap 357290290)
bitproof:579 (780134 bytes; live heap 337900049)
core:150 (3240221 bytes; live heap 335898648)
core:151 (989 bytes; live heap 331046955)
core:152 (2252 bytes; live heap 329312017)
core:153 (1206 bytes; live heap 327528933)
core:154 (4037 bytes; live heap 327254941)
core:155 (2267 bytes; live heap 325907807)
core:156 (1206 bytes; live heap 321088795)
core:157 (1461 bytes; live heap 321123046)
core:158 (1311 bytes; live heap 321926575)
core:159 (1163 bytes; live heap 321836103)
core:160 (991 bytes; live heap 321381834)
certificate:352 (1697894 bytes; live heap 316860928)
core:161 (7411 bytes; live heap 318308596)
core:162 (3696 bytes; live heap 316675905)
core:163 (2258 bytes; live heap 315735634)
core:164 (1565 bytes; live heap 315655966)
core:165 (1462 bytes; live heap 315596053)
core:166 (4021 bytes; live heap 315647136)
bitproof:580 (12537 bytes; live heap 312489558)
bitproof:581 (155 bytes; live heap 312459556)
bitproof:582 (8842 bytes; live heap 312388233)
bitproof:583 (144090 bytes; live heap 311950099)
bitproof:584 (23103 bytes; live heap 310129384)
bitproof:585 (3832 bytes; live heap 311307170)
core:167 (16257 bytes; live heap 310237517)
bitproof:586 (1590 bytes; live heap 309315560)
bitproof:587 (1554 bytes; live heap 308278027)
core:168 (1403 bytes; live heap 308642864)
bitproof:588 (137879 bytes; live heap 307364311)
bitproof:589 (144665 bytes; live heap 305330825)
bitproof:590 (75003 bytes; live heap 303455430)
core:169 (26441 bytes; live heap 302994560)
core:170 (188 bytes; live heap 302762306)
bitproof:591 (142035 bytes; live heap 301297437)
core:171 (4451 bytes; live heap 300527111)
core:172 (607 bytes; live heap 300321553)
bitproof:592 (144437 bytes; live heap 299228706)
core:173 (1911 bytes; live heap 298570964)
bitproof:593 (3099 bytes; live heap 297603818)
core:174 (598 bytes; live heap 297514725)
bitproof:594 (75003 bytes; live heap 300352997)
bitproof:595 (136 bytes; live heap 295956424)
bitproof:596 (176 bytes; live heap 295945325)
bitproof:597 (134 bytes; live heap 295965692)
core:175 (5728 bytes; live heap 296277964)
core:176 (1245 bytes; live heap 296542346)
core:177 (1662 bytes; live heap 296672814)
core:178 (2140 bytes; live heap 296751649)
core:179 (2274 bytes; live heap 297750443)
core:180 (10786 bytes; live heap 297826067)
logic:475 (2955108 bytes; live heap 307837278)
row-model:147 (155077 bytes; live heap 319353754)
bitproof:598 (740169 bytes; live heap 319725515)
bitproof:599 (759459 bytes; live heap 308373677)
logic:476 (19 bytes; live heap 301006275)
logic:477 (10778 bytes; live heap 300308668)
logic:478 (5712 bytes; live heap 296634500)
bitproof:600 (3832 bytes; live heap 296638016)
logic:479 (6047 bytes; live heap 297424557)
logic:480 (1318 bytes; live heap 315743202)
bitproof:601 (9005280 bytes; live heap 292869997)
logic:481 (152690 bytes; live heap 292847176)
logic:482 (4728 bytes; live heap 293237588)
logic:483 (2307 bytes; live heap 293488376)
logic:484 (6973 bytes; live heap 293296693)
logic:485 (203198 bytes; live heap 294272628)
logic:486 (420 bytes; live heap 294093348)
logic:487 (2627 bytes; live heap 294275122)
logic:488 (8087 bytes; live heap 294925773)
logic:489 (1903 bytes; live heap 295589120)
logic:490 (6409 bytes; live heap 295811761)
logic:491 (358 bytes; live heap 296353163)
logic:492 (939 bytes; live heap 296439544)
logic:493 (4856 bytes; live heap 296684878)
logic:494 (2367 bytes; live heap 296765004)
logic:495 (214 bytes; live heap 296787876)
logic:496 (1316 bytes; live heap 296699726)
logic:497 (203620 bytes; live heap 296679622)
logic:498 (1306 bytes; live heap 296387177)
logic:499 (406 bytes; live heap 296326207)
logic:500 (804 bytes; live heap 296300678)
logic:501 (2218 bytes; live heap 296142557)
logic:502 (544 bytes; live heap 295769499)
row-model:148 (153307 bytes; live heap 296794028)
logic:503 (8353 bytes; live heap 296560542)
row-model:149 (153314 bytes; live heap 296724378)
logic:504 (1173 bytes; live heap 296852927)
row-model:150 (153299 bytes; live heap 296853082)
logic:505 (2046 bytes; live heap 296681246)
equality:974 (1200518 bytes; live heap 291652681)
equality:975 (456 bytes; live heap 265619096)
equality:976 (10458 bytes; live heap 264003110)
equality:977 (1150 bytes; live heap 260962995)
equality:978 (6 bytes; live heap 257963946)
logic:506 (315281 bytes; live heap 257509874)
equality:979 (457 bytes; live heap 240606392)
equality:980 (596 bytes; live heap 240139411)
equality:981 (892 bytes; live heap 240477805)
bitproof:602 (75000 bytes; live heap 239766042)
equality:982 (707 bytes; live heap 239758063)
equality:983 (357 bytes; live heap 239507546)
logic:507 (20253 bytes; live heap 239752427)
equality:984 (200922 bytes; live heap 240839701)
bitproof:603 (265760 bytes; live heap 240223701)
logic:508 (5001 bytes; live heap 240257793)
equality:985 (484 bytes; live heap 240348187)
equality:986 (240 bytes; live heap 239733661)
equality:987 (471 bytes; live heap 239259597)
equality:988 (269 bytes; live heap 239086445)
bitproof:604 (12559 bytes; live heap 239032305)
equality:989 (944 bytes; live heap 239031678)
logic:509 (12553 bytes; live heap 239022603)
equality:990 (460 bytes; live heap 239046358)
bitproof:605 (1116 bytes; live heap 238893142)
equality:991 (176 bytes; live heap 238884454)
logic:510 (1181 bytes; live heap 238852502)
bitproof:606 (175 bytes; live heap 238795637)
bitproof:607 (96 bytes; live heap 238790215)
equality:992 (530 bytes; live heap 238786363)
bitproof:608 (146 bytes; live heap 238805432)
equality:993 (39435 bytes; live heap 239302538)
equality:994 (9033 bytes; live heap 239558649)
equality:995 (1265 bytes; live heap 238854442)
bitproof:609 (74998 bytes; live heap 238567283)
logic:511 (18675 bytes; live heap 238450549)
equality:996 (251 bytes; live heap 238440176)
equality:997 (1646 bytes; live heap 239780371)
bitproof:610 (143 bytes; live heap 240974409)
bitproof:611 (637004 bytes; live heap 243876681)
bitproof:612 (8792 bytes; live heap 242595651)
bitproof:613 (759374 bytes; live heap 243958048)
lockfile:824 (1913142 bytes; live heap 241782195)
bitproof:614 (1554 bytes; live heap 248574887)
equality:998 (140588 bytes; live heap 248168881)
equality:999 (239 bytes; live heap 246065504)
equality: 1000 cases in 9.657157375s; 126 mutants accepted; slowest seed 913.583µs; slowest case 202 93.246417ms; largest heap case 202 7447039 bytes
      23 unknown field `kind`, expected one of `schema`, `semantics`,
      19 invalid type: map, expected a string at line 1 column 19
      19 unchecked dependency
      19 unknown field `body`, expected one of `schema`, `semantics`,
      16 invalid type: sequence, expected a string at line 1 column 1
      14 duplicate proof context identity
      13 unknown variant `&&`, expected one of `Num`, `Float`, `Neg`,
      11 invalid type: sequence, expected a string at line 1 column 3
      11 unknown variant `a`, expected one of `U64`, `U32`, `I32`, `F
      10 case branch does not prove the instantiated statement
      10 invalid type: sequence, expected a string at line 1 column 2
       9 invalid length 0, expected tuple variant Expr::Binary with 3
       9 invalid type: map, expected tuple variant Expr::Binary at li
       9 unbound name a
       8 invalid length 1, expected a tuple of size 2 at line 1 colum
       8 unbound name b
       8 unknown or undeclared definition
       8 unknown proof hypothesis
       8 unknown variant `||`, expected one of `Num`, `Float`, `Neg`,
       7 invalid type: sequence, expected a string at line 1 column 4
       7 unbound name 
       7 unknown or undeclared theorem
       7 unknown variant `b`, expected one of `U64`, `U32`, `I32`, `F
       6 invalid type: sequence, expected a boolean at line 1 column 
       6 invalid value: integer `-1`, expected u32 at line 1 column 4
lockfile:825 (25320 bytes; live heap 242476217)
test fuzz_equality_objects ... ok
bitproof:615 (12870 bytes; live heap 243501437)
bitproof:616 (135 bytes; live heap 243537041)
bitproof:617 (8868 bytes; live heap 243631207)
certificate:353 (437 bytes; live heap 244604862)
certificate:354 (149123 bytes; live heap 247156254)
certificate:355 (149125 bytes; live heap 247444673)
bitproof:618 (803965 bytes; live heap 238702259)
bitproof:619 (173 bytes; live heap 237397957)
bitproof:620 (6062 bytes; live heap 237182628)
bitproof:621 (130 bytes; live heap 237138056)
lockfile:826 (2125261 bytes; live heap 245824117)
lockfile:827 (25623 bytes; live heap 239852265)
bitproof:622 (594336 bytes; live heap 238564573)
lockfile:828 (2928 bytes; live heap 239864982)
lockfile:829 (12892 bytes; live heap 240007281)
bitproof:623 (162 bytes; live heap 237582467)
bitproof:624 (96 bytes; live heap 237587473)
lockfile:830 (10071 bytes; live heap 239023697)
lockfile:831 (1508 bytes; live heap 238690893)
lockfile:832 (5669 bytes; live heap 239162997)
lockfile:833 (2943 bytes; live heap 238947648)
lockfile:834 (13772 bytes; live heap 238151722)
certificate:356 (98860 bytes; live heap 238059368)
lockfile:835 (24531 bytes; live heap 237372834)
bitproof:625 (45446 bytes; live heap 237368260)
bitproof:626 (74994 bytes; live heap 237431223)
lockfile:836 (5973 bytes; live heap 244452762)
lockfile:837 (5676 bytes; live heap 255358627)
lockfile:838 (26086 bytes; live heap 268469478)
logic:512 (627308 bytes; live heap 295728846)
lockfile:839 (25413 bytes; live heap 298185401)
lockfile:840 (25381 bytes; live heap 302794618)
certificate:357 (93461 bytes; live heap 307751646)
logic:513 (11625 bytes; live heap 321320334)
logic:514 (7089 bytes; live heap 321127720)
logic:515 (363 bytes; live heap 321099733)
logic:516 (1127 bytes; live heap 321117084)
logic:517 (2518 bytes; live heap 321176165)
logic:518 (1821 bytes; live heap 321153160)
logic:519 (5190 bytes; live heap 321154877)
logic:520 (12534 bytes; live heap 321195713)
logic:521 (2133 bytes; live heap 321308778)
logic:522 (1262 bytes; live heap 321197064)
logic:523 (2093 bytes; live heap 320910786)
lockfile:841 (61246 bytes; live heap 305545246)
lockfile:842 (12950 bytes; live heap 280310084)
logic:524 (7905 bytes; live heap 278097309)
bitproof:627 (11822410 bytes; live heap 257750415)
lockfile:843 (2373 bytes; live heap 257818832)
lockfile:844 (2442 bytes; live heap 260201921)
certificate:358 (149126 bytes; live heap 285388050)
certificate:359 (195 bytes; live heap 286470650)
logic:525 (15636 bytes; live heap 287381949)
row-model:151 (2214152 bytes; live heap 289523853)
certificate:360 (98434 bytes; live heap 292792657)
bitproof:628 (4034 bytes; live heap 254676567)
bitproof:629 (143280 bytes; live heap 255950188)
certificate:361 (149183 bytes; live heap 256378517)
bitproof:630 (8829 bytes; live heap 256671792)
bitproof:631 (140358 bytes; live heap 257560803)
bitproof:632 (1109 bytes; live heap 258172005)
bitproof:633 (134 bytes; live heap 258256944)
logic:526 (20511 bytes; live heap 259332188)
logic:527 (3809 bytes; live heap 260218327)
bitproof:634 (6061 bytes; live heap 260599414)
logic:528 (2488 bytes; live heap 262564204)
logic:529 (240 bytes; live heap 262984719)
bitproof:635 (265745 bytes; live heap 262455921)
bitproof:636 (884 bytes; live heap 264222255)
logic:530 (4544 bytes; live heap 265115767)
logic:531 (2562 bytes; live heap 267411949)
logic:532 (5373 bytes; live heap 267639390)
logic:533 (3945 bytes; live heap 268028963)
logic:534 (1723 bytes; live heap 268773978)
logic:535 (448 bytes; live heap 268962326)
logic:536 (1084 bytes; live heap 269956730)
logic:537 (18455 bytes; live heap 284616012)
logic:538 (2340 bytes; live heap 286473755)
logic:539 (4353 bytes; live heap 287125671)
logic:540 (2343 bytes; live heap 290302089)
logic:541 (622 bytes; live heap 291986973)
logic:542 (2428 bytes; live heap 292739779)
logic:543 (2334 bytes; live heap 292883623)
logic:544 (1486 bytes; live heap 294865429)
logic:545 (811 bytes; live heap 295034750)
logic:546 (8412 bytes; live heap 299330442)
logic:547 (3123 bytes; live heap 301685255)
logic:548 (1078 bytes; live heap 301867578)
logic:549 (152206 bytes; live heap 302103401)
logic:550 (5746 bytes; live heap 313614592)
logic:551 (1123 bytes; live heap 314092445)
logic:552 (1224 bytes; live heap 314838113)
logic:553 (60838 bytes; live heap 346649370)
logic:554 (5541 bytes; live heap 348456734)
logic:555 (434 bytes; live heap 348416277)
certificate:362 (97885 bytes; live heap 353267704)
logic:556 (15801 bytes; live heap 353101699)
logic:557 (206026 bytes; live heap 353520545)
certificate:363 (98484 bytes; live heap 360856163)
certificate:364 (148485 bytes; live heap 369848098)
certificate:365 (148530 bytes; live heap 331290195)
lockfile:845 (685602 bytes; live heap 331128134)
lockfile:846 (25394 bytes; live heap 331800314)
lockfile:847 (3953 bytes; live heap 321223303)
lockfile:848 (13180 bytes; live heap 319345320)
lockfile:849 (13107 bytes; live heap 317645888)
lockfile:850 (13119 bytes; live heap 317350950)
bitproof:637 (8834672 bytes; live heap 317136434)
lockfile:851 (25320 bytes; live heap 319544200)
lockfile:852 (25528 bytes; live heap 323108647)
lockfile:853 (25543 bytes; live heap 326338862)
row-model:152 (153262 bytes; live heap 323606793)
row-model:153 (153233 bytes; live heap 324964565)
lockfile:854 (2272 bytes; live heap 325584849)
lockfile:855 (2915 bytes; live heap 326644324)
lockfile:856 (27168 bytes; live heap 328347978)
lockfile:857 (2923 bytes; live heap 325803771)
certificate:366 (154467 bytes; live heap 325807170)
logic:558 (627316 bytes; live heap 325326376)
lockfile:858 (2903 bytes; live heap 325497045)
lockfile:859 (5425 bytes; live heap 326862556)
lockfile:860 (13114 bytes; live heap 328589599)
lockfile:861 (2338 bytes; live heap 329469147)
lockfile:862 (5685 bytes; live heap 330486771)
lockfile:863 (2373 bytes; live heap 331928569)
lockfile:864 (284893 bytes; live heap 338576565)
lockfile:865 (5617 bytes; live heap 339318537)
lockfile:866 (2930 bytes; live heap 339121464)
lockfile:867 (5665 bytes; live heap 339131019)
logic:559 (98743 bytes; live heap 339148654)
lockfile:868 (2927 bytes; live heap 340405508)
lockfile:869 (2352 bytes; live heap 341852645)
lockfile:870 (2708 bytes; live heap 342592567)
lockfile:871 (3000 bytes; live heap 343219734)
lockfile:872 (25382 bytes; live heap 344003712)
lockfile:873 (5673 bytes; live heap 347078969)
logic:560 (15805 bytes; live heap 348255372)
lockfile:874 (12906 bytes; live heap 348750152)
lockfile:875 (5737 bytes; live heap 351145180)
logic:561 (2484 bytes; live heap 351814934)
logic:562 (539 bytes; live heap 352220553)
logic:563 (1086 bytes; live heap 353901859)
logic:564 (2753 bytes; live heap 354345171)
lockfile:876 (25563 bytes; live heap 354806951)
logic:565 (2453 bytes; live heap 355174666)
logic:566 (2981 bytes; live heap 356009634)
logic:567 (601 bytes; live heap 356519996)
logic:568 (4809 bytes; live heap 357097090)
logic:569 (2524 bytes; live heap 357338212)
lockfile:877 (5645 bytes; live heap 357543336)
logic:570 (1240 bytes; live heap 357603708)
certificate:367 (93461 bytes; live heap 362086259)
lockfile:878 (5672 bytes; live heap 366886861)
lockfile:879 (13115 bytes; live heap 370688752)
bitproof:638 (75038 bytes; live heap 358396039)
bitproof:639 (6053 bytes; live heap 359951483)
bitproof:640 (167 bytes; live heap 360088248)
bitproof:641 (142 bytes; live heap 360141622)
bitproof:642 (28856 bytes; live heap 360392914)
bitproof:643 (142146 bytes; live heap 361222791)
certificate:368 (464 bytes; live heap 363761710)
certificate:369 (3770 bytes; live heap 365117544)
certificate:370 (104264 bytes; live heap 367353769)
lockfile:880 (1405391 bytes; live heap 374557977)
certificate:371 (148674 bytes; live heap 384654538)
row-model:154 (153366 bytes; live heap 384334797)
certificate:372 (149211 bytes; live heap 388704755)
certificate:373 (97908 bytes; live heap 396577315)
certificate:374 (93978 bytes; live heap 400903488)
certificate:375 (97879 bytes; live heap 403661376)
lockfile:881 (1392496 bytes; live heap 444543892)
lockfile:882 (25544 bytes; live heap 438256429)
lockfile:883 (13136 bytes; live heap 431324288)
lockfile:884 (13235 bytes; live heap 428625597)
lockfile:885 (2269 bytes; live heap 426255025)
certificate:376 (149348 bytes; live heap 424824728)
lockfile:886 (12844 bytes; live heap 423424050)
certificate:377 (148552 bytes; live heap 417270977)
lockfile:887 (32942 bytes; live heap 412415088)
lockfile:888 (5663 bytes; live heap 404972338)
lockfile:889 (4313 bytes; live heap 401497903)
lockfile:890 (2916 bytes; live heap 399821995)
lockfile:891 (5826 bytes; live heap 398321087)
lockfile:892 (25544 bytes; live heap 394572470)
lockfile:893 (13124 bytes; live heap 388060231)
lockfile:894 (13111 bytes; live heap 385415295)
bitproof:644 (6655840 bytes; live heap 376375139)
lockfile:895 (2401 bytes; live heap 376403349)
lockfile:896 (202379 bytes; live heap 376978009)
lockfile:897 (2913 bytes; live heap 376420220)
lockfile:898 (13368 bytes; live heap 376426277)
lockfile:899 (25545 bytes; live heap 380366160)
certificate:378 (97908 bytes; live heap 379199435)
lockfile:900 (6511 bytes; live heap 379006877)
certificate:379 (93464 bytes; live heap 378998317)
lockfile:901 (2234 bytes; live heap 379300286)
lockfile:902 (24095 bytes; live heap 378641721)
row-model:155 (153368 bytes; live heap 378416200)
row-model:156 (152964 bytes; live heap 378746639)
lockfile:903 (2767 bytes; live heap 379968390)
lockfile:904 (2338 bytes; live heap 380379805)
lockfile:905 (5672 bytes; live heap 383923564)
lockfile:906 (5634 bytes; live heap 385712012)
certificate:380 (448 bytes; live heap 392791545)
certificate:381 (93461 bytes; live heap 393212924)
bitproof:645 (9331 bytes; live heap 373414902)
certificate:382 (482 bytes; live heap 373373045)
bitproof:646 (132922 bytes; live heap 373621422)
bitproof:647 (2123 bytes; live heap 372656811)
bitproof:648 (2119 bytes; live heap 372553899)
bitproof:649 (90164 bytes; live heap 372457929)
certificate:383 (149108 bytes; live heap 372008047)
certificate:384 (102786 bytes; live heap 376824997)
lockfile:907 (1385644 bytes; live heap 373956603)
bitproof:650 (594825 bytes; live heap 375223837)
bitproof:651 (594329 bytes; live heap 389706749)
bitproof:652 (136 bytes; live heap 389484930)
certificate:385 (92666 bytes; live heap 389659254)
bitproof:653 (141982 bytes; live heap 390531724)
bitproof:654 (96 bytes; live heap 390430003)
certificate:386 (148561 bytes; live heap 390193085)
bitproof:655 (141248 bytes; live heap 389067344)
row-model:157 (153363 bytes; live heap 392557056)
bitproof:656 (3109 bytes; live heap 392607993)
lockfile:908 (186425 bytes; live heap 472580506)
lockfile:909 (2068 bytes; live heap 465370873)
lockfile:910 (13111 bytes; live heap 462858864)
lockfile:911 (11168 bytes; live heap 458928121)
lockfile:912 (5671 bytes; live heap 454013392)
lockfile:913 (11907 bytes; live heap 448378819)
lockfile:914 (2752 bytes; live heap 446937076)
lockfile:915 (25510 bytes; live heap 445450573)
lockfile:916 (5671 bytes; live heap 439503677)
lockfile:917 (5663 bytes; live heap 438363362)
lockfile:918 (2339 bytes; live heap 436120177)
lockfile:919 (2832 bytes; live heap 435263247)
lockfile:920 (12912 bytes; live heap 434158455)
lockfile:921 (25369 bytes; live heap 432034843)
lockfile:922 (2340 bytes; live heap 427643539)
lockfile:923 (4290 bytes; live heap 425524788)
lockfile:924 (2933 bytes; live heap 417798005)
lockfile:925 (2373 bytes; live heap 416590280)
bitproof:657 (7254669 bytes; live heap 415262047)
lockfile:926 (2919 bytes; live heap 414198468)
lockfile:927 (25531 bytes; live heap 413849000)
lockfile:928 (2928 bytes; live heap 412190427)
lockfile:929 (25536 bytes; live heap 411305639)
row-model:158 (151679 bytes; live heap 411030419)
lockfile:930 (4931 bytes; live heap 407601876)
lockfile:931 (13109 bytes; live heap 406845833)
lockfile:932 (2926 bytes; live heap 410472350)
lockfile:933 (13032 bytes; live heap 410210585)
lockfile:934 (25450 bytes; live heap 406295040)
lockfile:935 (25511 bytes; live heap 407339143)
lockfile:936 (2826 bytes; live heap 415365416)
lockfile:937 (10846 bytes; live heap 417555423)
lockfile:938 (2928 bytes; live heap 418269999)
lockfile:939 (13060 bytes; live heap 419093129)
lockfile:940 (5785 bytes; live heap 420164770)
lockfile:941 (25444 bytes; live heap 421016989)
lockfile:942 (25539 bytes; live heap 425784301)
lockfile:943 (4382 bytes; live heap 426452492)
bitproof:658 (3052 bytes; live heap 424728641)
bitproof:659 (134 bytes; live heap 424796074)
bitproof:660 (132933 bytes; live heap 425175418)
bitproof:661 (120 bytes; live heap 425087967)
bitproof:662 (145 bytes; live heap 425116696)
bitproof:663 (1568 bytes; live heap 426489787)
bitproof:664 (136728 bytes; live heap 427290531)
bitproof:665 (145 bytes; live heap 426528787)
bitproof:666 (96 bytes; live heap 426568518)
bitproof:667 (170 bytes; live heap 426619793)
bitproof:668 (796949 bytes; live heap 428925609)
lockfile:944 (1382887 bytes; live heap 431986656)
bitproof:669 (173 bytes; live heap 430981141)
row-model:159 (155048 bytes; live heap 431992893)
bitproof:670 (212885 bytes; live heap 434153616)
bitproof:671 (1587 bytes; live heap 434384028)
bitproof:672 (6062 bytes; live heap 439282718)
bitproof:673 (137144 bytes; live heap 432970717)
bitproof:674 (75306 bytes; live heap 436736059)
bitproof:675 (132 bytes; live heap 438385413)
bitproof:676 (871284 bytes; live heap 443686344)
lockfile:945 (2364 bytes; live heap 439160228)
lockfile:946 (12430 bytes; live heap 440189411)
lockfile:947 (21099 bytes; live heap 445751487)
lockfile:948 (2373 bytes; live heap 451511219)
lockfile:949 (5644 bytes; live heap 453634797)
lockfile:950 (13953 bytes; live heap 458353554)
lockfile:951 (2385 bytes; live heap 461617448)
lockfile:952 (2858 bytes; live heap 461511102)
lockfile:953 (5728 bytes; live heap 460477416)
lockfile:954 (2375 bytes; live heap 459315272)
lockfile:955 (2371 bytes; live heap 458401130)
lockfile:956 (13113 bytes; live heap 458160231)
lockfile:957 (13114 bytes; live heap 458512138)
lockfile:958 (26545 bytes; live heap 456685698)
lockfile:959 (2934 bytes; live heap 449919180)
lockfile:960 (5690 bytes; live heap 445834187)
lockfile:961 (25399 bytes; live heap 441810330)
lockfile:962 (2407 bytes; live heap 433693391)
lockfile:963 (25529 bytes; live heap 429562649)
lockfile:964 (5668 bytes; live heap 390052664)
lockfile:965 (53066 bytes; live heap 382998562)
lockfile:966 (5680 bytes; live heap 376017197)
lockfile:967 (12951 bytes; live heap 374020258)
lockfile:968 (25141 bytes; live heap 366657053)
lockfile:969 (5694 bytes; live heap 361319426)
lockfile:970 (5613 bytes; live heap 356971807)
bitproof:677 (3674627 bytes; live heap 352299910)
lockfile:971 (13156 bytes; live heap 350393358)
lockfile:972 (13113 bytes; live heap 345997159)
lockfile:973 (13039 bytes; live heap 342310086)
lockfile:974 (25525 bytes; live heap 339637794)
lockfile:975 (2932 bytes; live heap 333379641)
lockfile:976 (2370 bytes; live heap 332405065)
lockfile:977 (5575 bytes; live heap 331376850)
lockfile:978 (2938 bytes; live heap 328648275)
row-model:160 (153372 bytes; live heap 328075387)
row-model:161 (155037 bytes; live heap 327750426)
lockfile:979 (2361 bytes; live heap 327696285)
lockfile:980 (2902 bytes; live heap 327001122)
lockfile:981 (5652 bytes; live heap 325053724)
lockfile:982 (5675 bytes; live heap 322583990)
lockfile:983 (2937 bytes; live heap 320991611)
lockfile:984 (2902 bytes; live heap 319535058)
lockfile:985 (13031 bytes; live heap 317244061)
lockfile:986 (13052 bytes; live heap 310914976)
lockfile:987 (5644 bytes; live heap 307139490)
lockfile:988 (5676 bytes; live heap 304578848)
lockfile:989 (5679 bytes; live heap 303429574)
logic:571 (1403601 bytes; live heap 295616102)
lockfile:990 (182933 bytes; live heap 290797307)
lockfile:991 (3022 bytes; live heap 288222105)
lockfile:992 (2945 bytes; live heap 286504804)
lockfile:993 (13129 bytes; live heap 284992626)
bitproof:678 (120 bytes; live heap 277614358)
bitproof:679 (133 bytes; live heap 277269031)
lockfile:994 (25532 bytes; live heap 284395623)
lockfile:995 (5659 bytes; live heap 282695373)
bitproof:680 (759472 bytes; live heap 277728459)
lockfile:996 (5696 bytes; live heap 277636416)
lockfile:997 (25526 bytes; live heap 277130601)
lockfile:998 (2953 bytes; live heap 281354933)
lockfile:999 (2226 bytes; live heap 281305302)
lockfile: 1000 cases in 10.416607458s; 27 mutants accepted; slowest seed 12.349959ms; slowest case 254 201.864666ms; largest heap case 254 41600289 bytes
     208 invalid knowledge object: data did not match any variant of 
      46 /var/folders/jh/p03z0_b15js0x_4c67zgnf140000gn/T/ink-hardeni
      39 incompatible knowledge semantics
      33 knowledge file exceeds size limit
      28 unsupported proof library lock
      27 invalid proof library object: invalid type: map, expected a 
      23 invalid knowledge identity
      23 unsupported knowledge lock
      22 invalid proof library object: invalid type: sequence, expect
      20 invalid proof library object: expected value at line 1 colum
      19 incompatible proof library semantics
      17 knowledge content hash mismatch
      16 invalid type: sequence, expected a string at line 1 column 1
      13 invalid type: map, expected a sequence at line 1 column 11
      12 invalid knowledge object: key must be a string at line 1 col
      11 proof library content hash mismatch
      10 duplicate proof library root
      10 induction branch proves a different statement
      10 invalid knowledge object: recursion limit exceeded at line 1
       7 invalid knowledge object: expected `,` or `]` at line 1 colu
       7 invalid type: sequence, expected a string at line 1 column 7
       7 logic argument count mismatch
       6 invalid knowledge object: expected `,` or `}` at line 1 colu
       6 invalid value: integer `-1`, expected u32 at line 1 column 1
       6 recursive parameter must be an inductive datatype
test fuzz_lockfiles ... ok
row-model:162 (155047 bytes; live heap 267961755)
row-model:163 (153307 bytes; live heap 266086371)
row-model:164 (152431 bytes; live heap 265520390)
row-model:165 (153308 bytes; live heap 264422710)
bitproof:681 (780212 bytes; live heap 254553818)
logic:572 (1495 bytes; live heap 245906782)
logic:573 (5224 bytes; live heap 246328068)
logic:574 (1749 bytes; live heap 246759222)
logic:575 (266 bytes; live heap 246971254)
logic:576 (809 bytes; live heap 247036014)
bitproof:682 (137385 bytes; live heap 253562647)
bitproof:683 (120 bytes; live heap 253776710)
bitproof:684 (134 bytes; live heap 253778094)
logic:577 (152486 bytes; live heap 310007511)
logic:578 (199 bytes; live heap 313287348)
logic:579 (3455 bytes; live heap 314962759)
logic:580 (585 bytes; live heap 315209003)
logic:581 (1039 bytes; live heap 316126295)
logic:582 (2397 bytes; live heap 317105628)
logic:583 (1811 bytes; live heap 317513540)
logic:584 (1886 bytes; live heap 318495703)
logic:585 (621 bytes; live heap 318711122)
logic:586 (332 bytes; live heap 318898189)
logic:587 (200549 bytes; live heap 321581255)
logic:588 (1802 bytes; live heap 321696095)
logic:589 (229 bytes; live heap 322012881)
logic:590 (2737 bytes; live heap 322564800)
logic:591 (2468 bytes; live heap 323745124)
logic:592 (1958 bytes; live heap 324550275)
logic:593 (1187 bytes; live heap 325095416)
logic:594 (1497 bytes; live heap 325243798)
row-model:166 (150503 bytes; live heap 330195597)
row-model:167 (153237 bytes; live heap 330485655)
row-model:168 (355071 bytes; live heap 330936840)
row-model:169 (153312 bytes; live heap 334632818)
logic:595 (15782 bytes; live heap 335515141)
logic:596 (1504 bytes; live heap 335610333)
logic:597 (17047 bytes; live heap 334204820)
core:181 (3156981 bytes; live heap 320380834)
bitproof:685 (7377074 bytes; live heap 272824793)
row-model:170 (2214120 bytes; live heap 278173193)
bitproof:686 (137382 bytes; live heap 226960363)
bitproof:687 (142070 bytes; live heap 221536338)
bitproof:688 (8791 bytes; live heap 220008023)
bitproof:689 (143282 bytes; live heap 219186211)
logic:598 (342408 bytes; live heap 237017635)
logic:599 (8350 bytes; live heap 243161703)
logic:600 (570 bytes; live heap 246966617)
logic:601 (3190 bytes; live heap 249946117)
logic:602 (1131 bytes; live heap 251953225)
logic:603 (935 bytes; live heap 253286963)
logic:604 (2790 bytes; live heap 256262314)
logic:605 (1265 bytes; live heap 257239204)
logic:606 (2677 bytes; live heap 259278349)
logic:607 (551 bytes; live heap 263584468)
logic:608 (4467 bytes; live heap 274616686)
logic:609 (3950 bytes; live heap 275139231)
logic:610 (3064 bytes; live heap 279518841)
logic:611 (2901 bytes; live heap 280667966)
core:182 (5254 bytes; live heap 242702801)
core:183 (614 bytes; live heap 241495434)
core:184 (1007 bytes; live heap 241312645)
core:185 (2936 bytes; live heap 236984239)
core:186 (1145 bytes; live heap 233617322)
core:187 (2860 bytes; live heap 226253718)
row-model:171 (153259 bytes; live heap 219113637)
row-model:172 (153319 bytes; live heap 217574308)
core:188 (5248 bytes; live heap 217318670)
row-model:173 (153299 bytes; live heap 217209088)
bitproof:690 (8803890 bytes; live heap 214217148)
core:189 (5092 bytes; live heap 215368701)
core:190 (1876 bytes; live heap 215810986)
core:191 (2948 bytes; live heap 216871736)
core:192 (2617 bytes; live heap 218193237)
core:193 (1725 bytes; live heap 218669258)
core:194 (971 bytes; live heap 218730797)
core:195 (187 bytes; live heap 218773385)
core:196 (1137 bytes; live heap 219211957)
core:197 (1919 bytes; live heap 220157828)
logic:612 (152206 bytes; live heap 222696900)
core:198 (77958 bytes; live heap 218338508)
core:199 (1899 bytes; live heap 219857924)
core:200 (384 bytes; live heap 220049188)
core:201 (1441 bytes; live heap 220422062)
core:202 (1625 bytes; live heap 220934833)
core:203 (480 bytes; live heap 221484003)
core:204 (2243 bytes; live heap 222825331)
core:205 (1876 bytes; live heap 221943354)
core:206 (1206 bytes; live heap 222354127)
logic:613 (151684 bytes; live heap 229202594)
logic:614 (10927 bytes; live heap 210056924)
logic:615 (998 bytes; live heap 204941406)
logic:616 (1924 bytes; live heap 180968227)
logic:617 (3151 bytes; live heap 182308341)
logic:618 (248 bytes; live heap 182758628)
logic:619 (4027 bytes; live heap 183606824)
logic:620 (3299 bytes; live heap 183679809)
logic:621 (891 bytes; live heap 184624354)
logic:622 (8709 bytes; live heap 184548466)
logic:623 (12493 bytes; live heap 184458304)
logic:624 (623 bytes; live heap 184815775)
logic:625 (432 bytes; live heap 184613880)
logic:626 (3368 bytes; live heap 183893265)
logic:627 (7318 bytes; live heap 181136096)
logic:628 (202456 bytes; live heap 180870713)
logic:629 (7569 bytes; live heap 177307465)
logic:630 (95 bytes; live heap 175276072)
bitproof:691 (759454 bytes; live heap 175609297)
bitproof:692 (136723 bytes; live heap 175141599)
bitproof:693 (96 bytes; live heap 173007499)
bitproof:694 (3590 bytes; live heap 172879684)
core:207 (802491 bytes; live heap 174954437)
core:208 (210276 bytes; live heap 175868789)
row-model:174 (155048 bytes; live heap 175900616)
core:209 (1539 bytes; live heap 175990224)
core:210 (5267 bytes; live heap 175754925)
core:211 (1484 bytes; live heap 175776100)
core:212 (2275 bytes; live heap 175927900)
core:213 (10016 bytes; live heap 173317714)
core:214 (1885 bytes; live heap 172775720)
logic:631 (315351 bytes; live heap 172447441)
logic:632 (2963 bytes; live heap 171626851)
core:215 (2938 bytes; live heap 170277227)
logic:633 (7096 bytes; live heap 170206497)
logic:634 (1791 bytes; live heap 169521285)
core:216 (1444 bytes; live heap 168762106)
core:217 (200410 bytes; live heap 168922091)
core:218 (2137 bytes; live heap 168433865)
logic:635 (2300 bytes; live heap 169413809)
logic:636 (34676 bytes; live heap 169723917)
logic:637 (476 bytes; live heap 169607821)
logic:638 (1640 bytes; live heap 169617925)
bitproof:695 (939341 bytes; live heap 158777040)
logic:639 (151676 bytes; live heap 160381094)
bitproof:696 (136 bytes; live heap 187778795)
row-model:175 (153316 bytes; live heap 196762428)
row-model:176 (1492697 bytes; live heap 264453892)
row-model:177 (153234 bytes; live heap 284562801)
row-model:178 (49431 bytes; live heap 284674966)
row-model:179 (304300 bytes; live heap 287337432)
row-model:180 (155048 bytes; live heap 287540331)
bitproof:697 (500145 bytes; live heap 287414159)
bitproof:698 (174 bytes; live heap 289458519)
bitproof:699 (132 bytes; live heap 289629800)
bitproof:700 (133 bytes; live heap 289853153)
bitproof:701 (377 bytes; live heap 290087971)
bitproof:702 (142 bytes; live heap 290330678)
bitproof:703 (3107 bytes; live heap 290698215)
bitproof:704 (593826 bytes; live heap 310821589)
bitproof:705 (120 bytes; live heap 325711300)
bitproof:706 (11820986 bytes; live heap 370921112)
bitproof:707 (134 bytes; live heap 342771321)
bitproof:708 (102517 bytes; live heap 342255146)
bitproof:709 (132920 bytes; live heap 341062559)
bitproof:710 (8829 bytes; live heap 340493173)
bitproof:711 (131 bytes; live heap 340166426)
bitproof:712 (3795 bytes; live heap 339798865)
bitproof:713 (147 bytes; live heap 339557838)
bitproof:714 (143295 bytes; live heap 338881342)
bitproof:715 (122 bytes; live heap 337562937)
bitproof:716 (143285 bytes; live heap 336623077)
bitproof:717 (793373 bytes; live heap 335651499)
row-model:181 (304206 bytes; live heap 336886750)
row-model:182 (153322 bytes; live heap 335724597)
bitproof:718 (759185 bytes; live heap 328093747)
bitproof:719 (96 bytes; live heap 321234106)
bitproof:720 (120 bytes; live heap 321189883)
certificate:387 (1697827 bytes; live heap 312055232)
bitproof:721 (789088 bytes; live heap 311873894)
bitproof:722 (224586 bytes; live heap 314072225)
bitproof:723 (105511 bytes; live heap 313451150)
bitproof:724 (130 bytes; live heap 313016495)
bitproof:725 (96 bytes; live heap 313048042)
bitproof:726 (23096 bytes; live heap 312966944)
bitproof:727 (132925 bytes; live heap 313064209)
bitproof:728 (96 bytes; live heap 312486231)
certificate:388 (98210 bytes; live heap 320198939)
row-model:183 (153300 bytes; live heap 312309191)
row-model:184 (153337 bytes; live heap 311652901)
row-model:185 (219629 bytes; live heap 309423629)
certificate:389 (98006 bytes; live heap 292956964)
certificate:390 (148637 bytes; live heap 291876846)
certificate:391 (468 bytes; live heap 291230287)
certificate:392 (152139 bytes; live heap 289630471)
certificate:393 (154467 bytes; live heap 289321607)
certificate:394 (97911 bytes; live heap 286852434)
bitproof:729 (763166 bytes; live heap 282685510)
bitproof:730 (1195364 bytes; live heap 260904766)
bitproof:731 (30134 bytes; live heap 256250556)
bitproof:732 (169 bytes; live heap 255982291)
certificate:395 (149133 bytes; live heap 253801388)
certificate:396 (154525 bytes; live heap 253311958)
certificate:397 (101491 bytes; live heap 247924450)
bitproof:733 (594349 bytes; live heap 247035851)
certificate:398 (158557 bytes; live heap 245684430)
certificate:399 (98496 bytes; live heap 244607103)
certificate:400 (148590 bytes; live heap 243614683)
certificate:401 (149090 bytes; live heap 243257786)
certificate:402 (149125 bytes; live heap 241347471)
bitproof:734 (135533 bytes; live heap 239401907)
row-model:186 (153278 bytes; live heap 294422551)
row-model:187 (153236 bytes; live heap 294430063)
row-model:188 (153299 bytes; live heap 294900477)
bitproof:735 (11821514 bytes; live heap 229548045)
certificate:403 (1225 bytes; live heap 228081779)
certificate:404 (98484 bytes; live heap 227947289)
certificate:405 (154467 bytes; live heap 227751260)
core:219 (3280609 bytes; live heap 225746712)
core:220 (618 bytes; live heap 222830309)
core:221 (523 bytes; live heap 224371286)
core:222 (995 bytes; live heap 217748925)
bitproof:736 (142 bytes; live heap 182865811)
bitproof:737 (1106 bytes; live heap 182848378)
core:223 (1252 bytes; live heap 183020668)
core:224 (1945 bytes; live heap 183317095)
core:225 (2302 bytes; live heap 183186154)
bitproof:738 (135427 bytes; live heap 182977685)
core:226 (10551 bytes; live heap 182986436)
bitproof:739 (146 bytes; live heap 182680212)
bitproof:740 (165 bytes; live heap 182660693)
core:227 (1919 bytes; live heap 183404079)
core:228 (1894 bytes; live heap 184843136)
core:229 (1876 bytes; live heap 186659737)
core:230 (598 bytes; live heap 187470655)
core:231 (529 bytes; live heap 189004681)
core:232 (989 bytes; live heap 189444153)
certificate:406 (440 bytes; live heap 193444871)
core:233 (22360 bytes; live heap 193445141)
certificate:407 (97909 bytes; live heap 195124018)
certificate:408 (93478 bytes; live heap 196271316)
core:234 (22349 bytes; live heap 196484418)
core:235 (2608 bytes; live heap 198179836)
core:236 (1923 bytes; live heap 198568762)
core:237 (101394 bytes; live heap 199158843)
core:238 (1541 bytes; live heap 199188216)
row-model:189 (155084 bytes; live heap 227082114)
row-model:190 (153232 bytes; live heap 226177462)
certificate:409 (32756 bytes; live heap 226527732)
certificate:410 (104296 bytes; live heap 227488534)
certificate:411 (98508 bytes; live heap 227600716)
certificate:412 (51545 bytes; live heap 229274412)
certificate:413 (155955 bytes; live heap 228943020)
certificate:414 (93461 bytes; live heap 229512674)
bitproof:741 (2919150 bytes; live heap 228872768)
certificate:415 (148979 bytes; live heap 237290441)
certificate:416 (10734 bytes; live heap 237676368)
row-model:191 (153299 bytes; live heap 256467190)
bitproof:742 (130 bytes; live heap 268596706)
bitproof:743 (75299 bytes; live heap 269897697)
bitproof:744 (96 bytes; live heap 271393891)
bitproof:745 (36868 bytes; live heap 271823869)
bitproof:746 (780998 bytes; live heap 271069928)
bitproof:747 (132914 bytes; live heap 267810929)
bitproof:748 (132941 bytes; live heap 267252070)
bitproof:749 (132914 bytes; live heap 267353129)
bitproof:750 (646588 bytes; live heap 265204811)
bitproof:751 (1113 bytes; live heap 264090486)
bitproof:752 (120 bytes; live heap 264110182)
bitproof:753 (142146 bytes; live heap 265268229)
bitproof:754 (75003 bytes; live heap 265580294)
bitproof:755 (8812 bytes; live heap 266130747)
bitproof:756 (114 bytes; live heap 266613251)
row-model:192 (355103 bytes; live heap 303292977)
bitproof:757 (740169 bytes; live heap 286108200)
logic:640 (2756904 bytes; live heap 285997837)
logic:641 (6241 bytes; live heap 306411689)
bitproof:758 (7860623 bytes; live heap 324573837)
row-model:193 (161212 bytes; live heap 338248992)
row-model:194 (153300 bytes; live heap 339399697)
certificate:417 (378196 bytes; live heap 345192576)
bitproof:759 (136721 bytes; live heap 338953023)
bitproof:760 (1148342 bytes; live heap 356364181)
certificate:418 (2470 bytes; live heap 359855919)
certificate:419 (97931 bytes; live heap 356125313)
bitproof:761 (759977 bytes; live heap 361051147)
bitproof:762 (3128 bytes; live heap 355364494)
bitproof:763 (3052 bytes; live heap 355264117)
bitproof:764 (119 bytes; live heap 355199868)
bitproof:765 (783 bytes; live heap 355179079)
bitproof:766 (1592 bytes; live heap 355042032)
certificate:420 (93148 bytes; live heap 352898791)
bitproof:767 (758999 bytes; live heap 351457221)
certificate:421 (488 bytes; live heap 351262021)
certificate:422 (97956 bytes; live heap 350701402)
certificate:423 (97928 bytes; live heap 350957343)
certificate:424 (93470 bytes; live heap 350145300)
certificate:425 (471 bytes; live heap 349741315)
certificate:426 (137113 bytes; live heap 347846726)
row-model:195 (174538 bytes; live heap 346389525)
certificate:427 (165447 bytes; live heap 343673954)
bitproof:768 (759453 bytes; live heap 341742282)
certificate:428 (136844 bytes; live heap 341370649)
certificate:429 (98440 bytes; live heap 341022236)
certificate:430 (98484 bytes; live heap 340667401)
certificate:431 (98436 bytes; live heap 340126793)
certificate:432 (110198 bytes; live heap 336174879)
bitproof:769 (1587 bytes; live heap 336103572)
bitproof:770 (102512 bytes; live heap 335953857)
certificate:433 (98485 bytes; live heap 335778630)
bitproof:771 (2123 bytes; live heap 335364184)
certificate:434 (457 bytes; live heap 335914675)
bitproof:772 (143291 bytes; live heap 335307376)
certificate:435 (148548 bytes; live heap 334976738)
bitproof:773 (4045 bytes; live heap 334553502)
bitproof:774 (1110 bytes; live heap 334520770)
bitproof:775 (1591 bytes; live heap 334294638)
bitproof:776 (1199745 bytes; live heap 348465801)
certificate:436 (98484 bytes; live heap 428385098)
row-model:196 (153301 bytes; live heap 444404699)
certificate:437 (467 bytes; live heap 426864817)
certificate:438 (154526 bytes; live heap 420349485)
logic:642 (2700174 bytes; live heap 408780977)
logic:643 (7863 bytes; live heap 402710498)
logic:644 (444 bytes; live heap 401237551)
logic:645 (2075 bytes; live heap 400950973)
logic:646 (2094 bytes; live heap 400871936)
logic:647 (6028 bytes; live heap 400640121)
logic:648 (622 bytes; live heap 400029411)
logic:649 (3422 bytes; live heap 399253496)
logic:650 (2393 bytes; live heap 398676017)
logic:651 (4570 bytes; live heap 396605192)
logic:652 (7580 bytes; live heap 394436163)
logic:653 (221 bytes; live heap 394146715)
logic:654 (2381 bytes; live heap 393358907)
logic:655 (6738 bytes; live heap 388939365)
logic:656 (529 bytes; live heap 388311183)
logic:657 (2577 bytes; live heap 387508487)
logic:658 (5633 bytes; live heap 385464202)
logic:659 (2605 bytes; live heap 384712347)
logic:660 (184 bytes; live heap 383918050)
logic:661 (1702 bytes; live heap 383656357)
bitproof:777 (9831866 bytes; live heap 379987321)
logic:662 (3564 bytes; live heap 388534972)
logic:663 (3988 bytes; live heap 390091478)
logic:664 (1475 bytes; live heap 390247977)
logic:665 (7117 bytes; live heap 390643315)
certificate:439 (449 bytes; live heap 390853533)
logic:666 (3100 bytes; live heap 391209412)
certificate:440 (487 bytes; live heap 391398099)
logic:667 (3734 bytes; live heap 392297447)
logic:668 (6128 bytes; live heap 393401336)
certificate:441 (97909 bytes; live heap 394263369)
logic:669 (8354 bytes; live heap 394580338)
certificate:442 (10408 bytes; live heap 395895486)
certificate:443 (93498 bytes; live heap 397206845)
logic:670 (19037 bytes; live heap 397273535)
logic:671 (2197 bytes; live heap 398165570)
logic:672 (576 bytes; live heap 398583858)
certificate:444 (112460 bytes; live heap 416535038)
certificate:445 (154494 bytes; live heap 420442253)
certificate:446 (149125 bytes; live heap 423837885)
row-model:197 (153387 bytes; live heap 489975219)
bitproof:778 (8864 bytes; live heap 470164849)
bitproof:779 (3050 bytes; live heap 470814289)
bitproof:780 (26159 bytes; live heap 471472533)
bitproof:781 (132925 bytes; live heap 472884136)
bitproof:782 (143647 bytes; live heap 476492348)
certificate:447 (161415 bytes; live heap 504267744)
certificate:448 (476 bytes; live heap 510104923)
row-model:198 (2214152 bytes; live heap 567838698)
bitproof:783 (11688689 bytes; live heap 546931079)
certificate:449 (229103 bytes; live heap 550031487)
certificate:450 (98187 bytes; live heap 549757187)
certificate:451 (484 bytes; live heap 549174474)
certificate:452 (478 bytes; live heap 549103099)
certificate:453 (96430 bytes; live heap 549122386)
certificate:454 (149601 bytes; live heap 501680800)
bitproof:784 (1123 bytes; live heap 501668022)
bitproof:785 (3090 bytes; live heap 501205156)
bitproof:786 (121 bytes; live heap 500889489)
certificate:455 (148611 bytes; live heap 506917116)
certificate:456 (298247 bytes; live heap 502984319)
certificate:457 (154466 bytes; live heap 493722641)
bitproof:787 (871304 bytes; live heap 492686559)
certificate:458 (98484 bytes; live heap 488974059)
certificate:459 (93472 bytes; live heap 489751963)
certificate:460 (93473 bytes; live heap 492498226)
certificate:461 (451 bytes; live heap 490070387)
certificate:462 (90511 bytes; live heap 487767913)
certificate:463 (93464 bytes; live heap 483060451)
bitproof:788 (759263 bytes; live heap 482489145)
bitproof:789 (191 bytes; live heap 466365245)
bitproof:790 (1086 bytes; live heap 466008163)
bitproof:791 (140971 bytes; live heap 465137729)
bitproof:792 (137397 bytes; live heap 462951012)
bitproof:793 (759460 bytes; live heap 451075336)
certificate:464 (148979 bytes; live heap 446112274)
bitproof:794 (74999 bytes; live heap 437093472)
bitproof:795 (132 bytes; live heap 435767700)
bitproof:796 (132 bytes; live heap 435688062)
logic:673 (1519035 bytes; live heap 446981294)
certificate:465 (93522 bytes; live heap 469798699)
row-model:199 (153318 bytes; live heap 456424167)
row-model:200 (36830 bytes; live heap 455133221)
row-model:201 (153300 bytes; live heap 453292705)
row-model:202 (153299 bytes; live heap 451146156)
certificate:466 (448 bytes; live heap 412539537)
certificate:467 (471 bytes; live heap 412032796)
logic:674 (2011 bytes; live heap 399170668)
logic:675 (170 bytes; live heap 398782788)
logic:676 (2417 bytes; live heap 398266293)
logic:677 (836 bytes; live heap 396324565)
logic:678 (4021 bytes; live heap 395815705)
logic:679 (1441 bytes; live heap 395528009)
logic:680 (1253 bytes; live heap 395082593)
logic:681 (4202 bytes; live heap 392728533)
certificate:468 (13997 bytes; live heap 392265563)
logic:682 (3338 bytes; live heap 391794553)
logic:683 (391874 bytes; live heap 392201856)
certificate:469 (104273 bytes; live heap 390014716)
logic:684 (1386 bytes; live heap 389584580)
logic:685 (10086 bytes; live heap 387447887)
logic:686 (14135 bytes; live heap 382108239)
logic:687 (542 bytes; live heap 381632448)
logic:688 (200899 bytes; live heap 381290019)
bitproof:797 (5959711 bytes; live heap 380376043)
logic:689 (1315 bytes; live heap 379917197)
logic:690 (28651 bytes; live heap 378516221)
logic:691 (2595 bytes; live heap 378197592)
logic:692 (6004 bytes; live heap 377978210)
logic:693 (135789 bytes; live heap 371702745)
logic:694 (2325 bytes; live heap 369976530)
logic:695 (3847 bytes; live heap 369588400)
certificate:470 (98363 bytes; live heap 369547374)
certificate:471 (148407 bytes; live heap 369326148)
certificate:472 (10449 bytes; live heap 369139008)
certificate:473 (59642 bytes; live heap 369298202)
certificate:474 (93466 bytes; live heap 368152458)
logic:696 (29916 bytes; live heap 363979072)
logic:697 (2343 bytes; live heap 363902722)
logic:698 (19954 bytes; live heap 363598979)
logic:699 (1863 bytes; live heap 363382259)
logic:700 (7563 bytes; live heap 361995251)
logic:701 (5267 bytes; live heap 362405624)
logic:702 (6645 bytes; live heap 362020776)
logic:703 (2379 bytes; live heap 361899623)
logic:704 (4282 bytes; live heap 361695372)
logic:705 (1117 bytes; live heap 361605427)
logic:706 (1705 bytes; live heap 361551085)
logic:707 (1600 bytes; live heap 361260984)
logic:708 (932 bytes; live heap 361152653)
logic:709 (17313 bytes; live heap 361155423)
logic:710 (985 bytes; live heap 361072443)
logic:711 (3192 bytes; live heap 360705958)
logic:712 (2457 bytes; live heap 360601958)
logic:713 (2343 bytes; live heap 360533371)
logic:714 (1483 bytes; live heap 360217245)
logic:715 (8353 bytes; live heap 360052499)
row-model:203 (155070 bytes; live heap 358150932)
logic:716 (2479 bytes; live heap 357650894)
row-model:204 (155039 bytes; live heap 357708351)
logic:717 (2246 bytes; live heap 357678006)
logic:718 (2228 bytes; live heap 357429670)
logic:719 (1783 bytes; live heap 357312392)
logic:720 (1945 bytes; live heap 357208056)
certificate:475 (149438 bytes; live heap 356168561)
certificate:476 (96453 bytes; live heap 353674521)
certificate:477 (148497 bytes; live heap 339450994)
logic:721 (137168 bytes; live heap 342477282)
logic:722 (2103 bytes; live heap 344205253)
certificate:478 (149126 bytes; live heap 344418315)
logic:723 (477 bytes; live heap 345262602)
logic:724 (558 bytes; live heap 345903323)
logic:725 (1214 bytes; live heap 346247560)
logic:726 (403 bytes; live heap 346366300)
logic:727 (1912 bytes; live heap 346500972)
logic:728 (3766 bytes; live heap 346990430)
logic:729 (25074 bytes; live heap 352750628)
logic:730 (1636 bytes; live heap 352934434)
logic:731 (24810 bytes; live heap 367373909)
logic:732 (736 bytes; live heap 368084994)
logic:733 (136877 bytes; live heap 405998870)
logic:734 (2011 bytes; live heap 405738577)
certificate:479 (148549 bytes; live heap 402668243)
certificate:480 (149147 bytes; live heap 397552957)
certificate:481 (165981 bytes; live heap 397257761)
certificate:482 (495 bytes; live heap 393139295)
certificate:483 (149123 bytes; live heap 384684191)
logic:735 (39183 bytes; live heap 384034871)
logic:736 (11168 bytes; live heap 381639602)
logic:737 (6216 bytes; live heap 380486102)
logic:738 (1529 bytes; live heap 380363885)
row-model:205 (152685 bytes; live heap 366576797)
row-model:206 (153366 bytes; live heap 364890816)
certificate:484 (488 bytes; live heap 331633419)
logic:739 (75447 bytes; live heap 327364352)
certificate:485 (115281 bytes; live heap 322513773)
bitproof:798 (10740102 bytes; live heap 321465158)
logic:740 (1749 bytes; live heap 321522074)
certificate:486 (102778 bytes; live heap 321512855)
logic:741 (3708 bytes; live heap 321782957)
logic:742 (1945 bytes; live heap 321945654)
logic:743 (336 bytes; live heap 321977932)
logic:744 (2302 bytes; live heap 322029416)
logic:745 (1658 bytes; live heap 322125889)
logic:746 (1080 bytes; live heap 322214823)
logic:747 (3287 bytes; live heap 322308698)
logic:748 (438 bytes; live heap 322350828)
logic:749 (326 bytes; live heap 322374524)
logic:750 (2175 bytes; live heap 322446947)
logic:751 (604 bytes; live heap 322560912)
logic:752 (1940 bytes; live heap 322611827)
logic:753 (867 bytes; live heap 322799899)
logic:754 (7908 bytes; live heap 323162216)
logic:755 (1847 bytes; live heap 323595545)
logic:756 (2513 bytes; live heap 323656782)
logic:757 (1013 bytes; live heap 323652944)
logic:758 (690 bytes; live heap 323593586)
logic:759 (1695 bytes; live heap 323768517)
certificate:487 (93469 bytes; live heap 323876980)
logic:760 (616 bytes; live heap 323867162)
certificate:488 (148549 bytes; live heap 324755262)
certificate:489 (154464 bytes; live heap 324809485)
logic:761 (18532 bytes; live heap 325037989)
logic:762 (14692 bytes; live heap 325156384)
logic:763 (270 bytes; live heap 325271893)
certificate:490 (115436 bytes; live heap 326118345)
logic:764 (15388 bytes; live heap 326978497)
logic:765 (5446 bytes; live heap 327839075)
logic:766 (271 bytes; live heap 328845061)
logic:767 (3172 bytes; live heap 328937818)
logic:768 (429 bytes; live heap 329047689)
logic:769 (12350 bytes; live heap 329253452)
logic:770 (2532 bytes; live heap 329371569)
logic:771 (2273 bytes; live heap 329784812)
logic:772 (3655 bytes; live heap 329841246)
logic:773 (332 bytes; live heap 329845352)
logic:774 (197 bytes; live heap 329868050)
logic:775 (431 bytes; live heap 329871233)
logic:776 (24812 bytes; live heap 330153599)
logic:777 (1735 bytes; live heap 330216847)
logic:778 (1287 bytes; live heap 330284782)
logic:779 (2957 bytes; live heap 330489150)
certificate:491 (154466 bytes; live heap 339473483)
certificate:492 (98486 bytes; live heap 341089703)
certificate:493 (97894 bytes; live heap 341666194)
certificate:494 (148549 bytes; live heap 342131608)
certificate:495 (148549 bytes; live heap 343583150)
certificate:496 (99145 bytes; live heap 318241674)
bitproof:799 (136041 bytes; live heap 318797601)
certificate:497 (149131 bytes; live heap 318857901)
bitproof:800 (197 bytes; live heap 318314525)
bitproof:801 (120 bytes; live heap 318248197)
certificate:498 (98484 bytes; live heap 318476671)
row-model:207 (2214152 bytes; live heap 362443987)
certificate:499 (149482 bytes; live heap 350371492)
certificate:500 (97908 bytes; live heap 340597669)
certificate:501 (114315 bytes; live heap 339460577)
certificate:502 (149125 bytes; live heap 335038776)
bitproof:802 (8334041 bytes; live heap 298828299)
certificate:503 (166397 bytes; live heap 325225821)
certificate:504 (478 bytes; live heap 325090763)
certificate:505 (148574 bytes; live heap 322060306)
certificate:506 (93470 bytes; live heap 319305261)
certificate:507 (148558 bytes; live heap 312171287)
certificate:508 (98484 bytes; live heap 304951655)
bitproof:803 (759975 bytes; live heap 299415478)
bitproof:804 (96 bytes; live heap 294760169)
row-model:208 (153349 bytes; live heap 296170659)
row-model:209 (155047 bytes; live heap 295404535)
bitproof:805 (136077 bytes; live heap 295175570)
bitproof:806 (136 bytes; live heap 295141636)
certificate:509 (476 bytes; live heap 300264012)
certificate:510 (93788 bytes; live heap 302527876)
certificate:511 (154490 bytes; live heap 303526734)
bitproof:807 (594334 bytes; live heap 298809563)
certificate:512 (98485 bytes; live heap 299406479)
certificate:513 (98485 bytes; live heap 314118557)
certificate:514 (93470 bytes; live heap 313271381)
bitproof:808 (740138 bytes; live heap 311471050)
logic:780 (594862 bytes; live heap 309584011)
logic:781 (470 bytes; live heap 310863841)
logic:782 (3593 bytes; live heap 311772339)
logic:783 (542 bytes; live heap 311973417)
logic:784 (2127 bytes; live heap 329647747)
logic:785 (1541 bytes; live heap 329961485)
logic:786 (1128 bytes; live heap 330133773)
logic:787 (851 bytes; live heap 330498549)
logic:788 (13719 bytes; live heap 330693767)
logic:789 (2063 bytes; live heap 331443009)
logic:790 (5480 bytes; live heap 331630020)
logic:791 (2752 bytes; live heap 332090822)
logic:792 (730 bytes; live heap 332276688)
bitproof:809 (3099 bytes; live heap 349172110)
logic:793 (86097 bytes; live heap 355650206)
logic:794 (2909 bytes; live heap 361613998)
logic:795 (2562 bytes; live heap 363425254)
logic:796 (667 bytes; live heap 363748348)
logic:797 (346 bytes; live heap 363883386)
logic:798 (3469 bytes; live heap 364106517)
logic:799 (4829 bytes; live heap 364706502)
logic:800 (1763 bytes; live heap 365299089)
bitproof:810 (759976 bytes; live heap 365238230)
logic:801 (66 bytes; live heap 365334265)
logic:802 (2203 bytes; live heap 366212220)
logic:803 (598 bytes; live heap 366726321)
logic:804 (5002 bytes; live heap 369295280)
logic:805 (7044 bytes; live heap 369842506)
logic:806 (4352 bytes; live heap 371875177)
logic:807 (3183 bytes; live heap 374689276)
logic:808 (1753 bytes; live heap 376195112)
row-model:210 (153302 bytes; live heap 378053287)
logic:809 (5604 bytes; live heap 380609613)
logic:810 (2109 bytes; live heap 381868312)
logic:811 (2391 bytes; live heap 382296648)
logic:812 (3316 bytes; live heap 383198719)
bitproof:811 (265729 bytes; live heap 388151752)
bitproof:812 (8795 bytes; live heap 389827776)
bitproof:813 (75004 bytes; live heap 391743270)
logic:813 (87625 bytes; live heap 412124148)
logic:814 (3732 bytes; live heap 414877136)
logic:815 (7399 bytes; live heap 417750072)
logic:816 (2564 bytes; live heap 418603574)
logic:817 (67862 bytes; live heap 439036465)
logic:818 (6571 bytes; live heap 444089435)
logic:819 (496 bytes; live heap 444289040)
logic:820 (673 bytes; live heap 444488140)
row-model:211 (153335 bytes; live heap 460355848)
row-model:212 (153309 bytes; live heap 460243893)
bitproof:814 (1560095 bytes; live heap 449340437)
logic:821 (607107 bytes; live heap 447463956)
logic:822 (3361 bytes; live heap 447429710)
logic:823 (10340 bytes; live heap 447468574)
logic:824 (1175 bytes; live heap 447471758)
logic:825 (572 bytes; live heap 447465535)
logic:826 (1960 bytes; live heap 447466991)
logic:827 (630 bytes; live heap 447489358)
logic:828 (1102 bytes; live heap 447482750)
logic:829 (13010 bytes; live heap 448402197)
row-model:213 (152630 bytes; live heap 488304127)
bitproof:815 (594859 bytes; live heap 525137332)
bitproof:816 (1112 bytes; live heap 523595982)
bitproof:817 (3107 bytes; live heap 523554525)
bitproof:818 (11821528 bytes; live heap 520085467)
logic:830 (1521493 bytes; live heap 519524108)
row-model:214 (153031 bytes; live heap 522222312)
bitproof:819 (96 bytes; live heap 480849717)
bitproof:820 (142003 bytes; live heap 480353609)
bitproof:821 (96 bytes; live heap 479072492)
bitproof:822 (75015 bytes; live heap 478045641)
bitproof:823 (132926 bytes; live heap 475671563)
bitproof:824 (137 bytes; live heap 471176230)
bitproof:825 (144490 bytes; live heap 470126319)
bitproof:826 (1557 bytes; live heap 467164971)
bitproof:827 (120 bytes; live heap 464903448)
bitproof:828 (173 bytes; live heap 463192792)
bitproof:829 (96 bytes; live heap 462830179)
logic:831 (2598 bytes; live heap 455380380)
logic:832 (1492 bytes; live heap 454508040)
logic:833 (529 bytes; live heap 454278584)
logic:834 (917 bytes; live heap 453781150)
logic:835 (8170 bytes; live heap 452851632)
logic:836 (1597 bytes; live heap 452930480)
logic:837 (191 bytes; live heap 452953399)
logic:838 (2238 bytes; live heap 453043931)
logic:839 (2286 bytes; live heap 453145434)
logic:840 (226 bytes; live heap 453165911)
logic:841 (312607 bytes; live heap 448306161)
logic:842 (201101 bytes; live heap 443322886)
logic:843 (1305 bytes; live heap 442387621)
row-model:215 (153235 bytes; live heap 427712562)
row-model:216 (153307 bytes; live heap 427332662)
bitproof:830 (763124 bytes; live heap 414125571)
row-model:217 (1492696 bytes; live heap 406506902)
certificate:515 (1649107 bytes; live heap 399922413)
bitproof:831 (75017 bytes; live heap 393759671)
bitproof:832 (122 bytes; live heap 395259844)
bitproof:833 (169 bytes; live heap 395216424)
bitproof:834 (3148 bytes; live heap 395095587)
bitproof:835 (8827 bytes; live heap 394865423)
certificate:516 (148568 bytes; live heap 361050207)
row-model:218 (41894 bytes; live heap 358301388)
row-model:219 (153307 bytes; live heap 356211043)
row-model:220 (153300 bytes; live heap 354231208)
bitproof:836 (6175307 bytes; live heap 340953535)
certificate:517 (90840 bytes; live heap 354586800)
certificate:518 (98141 bytes; live heap 354043316)
certificate:519 (149125 bytes; live heap 353552853)
row-model:221 (153300 bytes; live heap 347113861)
bitproof:837 (594350 bytes; live heap 313103258)
logic:844 (2239333 bytes; live heap 311008821)
certificate:520 (102787 bytes; live heap 311824788)
certificate:521 (448 bytes; live heap 312490253)
certificate:522 (97908 bytes; live heap 312467540)
bitproof:838 (594334 bytes; live heap 313108162)
bitproof:839 (142011 bytes; live heap 312241209)
bitproof:840 (96 bytes; live heap 312057158)
certificate:523 (148549 bytes; live heap 312014095)
certificate:524 (93469 bytes; live heap 312021311)
bitproof:841 (7888 bytes; live heap 311804067)
certificate:525 (97911 bytes; live heap 311756547)
bitproof:842 (75007 bytes; live heap 313034255)
bitproof:843 (764847 bytes; live heap 324430464)
logic:845 (154 bytes; live heap 398121995)
logic:846 (19946 bytes; live heap 400237317)
logic:847 (842 bytes; live heap 396261873)
bitproof:844 (8323995 bytes; live heap 326270586)
logic:848 (25693 bytes; live heap 318921373)
logic:849 (679 bytes; live heap 320614798)
bitproof:845 (771329 bytes; live heap 315311330)
logic:850 (8124 bytes; live heap 315151390)
logic:851 (1799 bytes; live heap 315934948)
logic:852 (682 bytes; live heap 312687740)
logic:853 (2674 bytes; live heap 313680112)
logic:854 (2970 bytes; live heap 315682739)
logic:855 (2715 bytes; live heap 316112833)
logic:856 (904 bytes; live heap 315543656)
logic:857 (990 bytes; live heap 314252434)
logic:858 (1614 bytes; live heap 313471274)
bitproof:846 (667015 bytes; live heap 309841519)
logic:859 (90247 bytes; live heap 308550530)
logic:860 (433 bytes; live heap 308375216)
logic:861 (2397 bytes; live heap 307825072)
row-model:222 (155048 bytes; live heap 307797337)
logic:862 (2791 bytes; live heap 307518025)
logic:863 (5966 bytes; live heap 271761993)
bitproof:847 (166 bytes; live heap 270832280)
bitproof:848 (5796 bytes; live heap 271387202)
bitproof:849 (276103 bytes; live heap 276477887)
bitproof:850 (8837 bytes; live heap 283621603)
bitproof:851 (629135 bytes; live heap 301025781)
bitproof:852 (759455 bytes; live heap 312547882)
certificate:526 (428532 bytes; live heap 312164027)
certificate:527 (97905 bytes; live heap 320424052)
bitproof:853 (143 bytes; live heap 321644628)
bitproof:854 (3134 bytes; live heap 321500731)
bitproof:855 (893 bytes; live heap 321396418)
bitproof:856 (594550 bytes; live heap 319332801)
certificate:528 (149139 bytes; live heap 310695292)
bitproof:857 (758997 bytes; live heap 306595953)
certificate:529 (98481 bytes; live heap 306230391)
bitproof:858 (3095 bytes; live heap 299973122)
bitproof:859 (155 bytes; live heap 299752271)
bitproof:860 (759584 bytes; live heap 296926891)
row-model:223 (153300 bytes; live heap 295279286)
row-model:224 (155047 bytes; live heap 294927488)
bitproof:861 (28831 bytes; live heap 295597159)
bitproof:862 (136743 bytes; live heap 295265787)
certificate:530 (149127 bytes; live heap 299937342)
certificate:531 (93459 bytes; live heap 301838196)
bitproof:863 (594324 bytes; live heap 297548531)
bitproof:864 (74992 bytes; live heap 295249677)
bitproof:865 (2127 bytes; live heap 295204479)
bitproof:866 (1493430 bytes; live heap 300100219)
certificate:532 (148549 bytes; live heap 302130085)
bitproof:867 (96 bytes; live heap 297293938)
bitproof:868 (4175 bytes; live heap 297334160)
bitproof:869 (2123 bytes; live heap 297352365)
bitproof:870 (132930 bytes; live heap 297845704)
bitproof:871 (135 bytes; live heap 298603758)
bitproof:872 (1117 bytes; live heap 298899053)
row-model:225 (1492718 bytes; live heap 384315831)
certificate:533 (148550 bytes; live heap 391896957)
row-model:226 (153368 bytes; live heap 363684130)
row-model:227 (155047 bytes; live heap 361500073)
row-model:228 (153272 bytes; live heap 357110116)
bitproof:873 (7860620 bytes; live heap 299456522)
certificate:534 (98493 bytes; live heap 299269867)
certificate:535 (98494 bytes; live heap 298913349)
certificate:536 (154500 bytes; live heap 288198227)
bitproof:874 (8830 bytes; live heap 240598656)
row-model:229 (153299 bytes; live heap 233880527)
certificate:537 (149134 bytes; live heap 231395696)
certificate:538 (200448 bytes; live heap 231010292)
certificate:539 (32215 bytes; live heap 228316674)
certificate:540 (98924 bytes; live heap 227402759)
certificate:541 (96758 bytes; live heap 226098599)
certificate:542 (484 bytes; live heap 225964425)
certificate:543 (154468 bytes; live heap 226884659)
certificate:544 (96479 bytes; live heap 200646593)
certificate:545 (102814 bytes; live heap 199418368)
bitproof:875 (763124 bytes; live heap 192080923)
core:239 (3370730 bytes; live heap 178921829)
core:240 (2928 bytes; live heap 174884550)
core:241 (4014 bytes; live heap 175170463)
certificate:546 (98583 bytes; live heap 176599380)
core:242 (2251 bytes; live heap 176579978)
core:243 (2880 bytes; live heap 176567576)
core:244 (1149 bytes; live heap 176538260)
core:245 (6616 bytes; live heap 176438911)
core:246 (910 bytes; live heap 177402657)
core:247 (1461 bytes; live heap 176667631)
row-model:230 (150664 bytes; live heap 180028851)
core:248 (4005 bytes; live heap 179166098)
bitproof:876 (594339 bytes; live heap 175683728)
bitproof:877 (143297 bytes; live heap 177175109)
core:249 (516 bytes; live heap 177583228)
core:250 (1813 bytes; live heap 180104082)
core:251 (13057 bytes; live heap 184690017)
core:252 (601 bytes; live heap 184141373)
core:253 (2485 bytes; live heap 181806597)
core:254 (984 bytes; live heap 180697145)
core:255 (313 bytes; live heap 179704858)
core:256 (10995 bytes; live heap 179585801)
bitproof:878 (772897 bytes; live heap 178217088)
core:257 (2025 bytes; live heap 178379731)
certificate:547 (96451 bytes; live heap 182226367)
bitproof:879 (265756 bytes; live heap 181443483)
bitproof:880 (7064 bytes; live heap 189954360)
core:258 (1100538 bytes; live heap 304360440)
core:259 (1433 bytes; live heap 308332335)
core:260 (151 bytes; live heap 312881157)
core:261 (1470 bytes; live heap 315185043)
core:262 (588 bytes; live heap 315685226)
core:263 (528 bytes; live heap 316401141)
core:264 (1434 bytes; live heap 319359141)
core:265 (1167 bytes; live heap 321994231)
core:266 (3983 bytes; live heap 332096111)
core:267 (2931 bytes; live heap 335247613)
core:268 (1038 bytes; live heap 336432658)
core:269 (4008 bytes; live heap 342415761)
core:270 (1789 bytes; live heap 343541875)
core:271 (1497 bytes; live heap 345146905)
core:272 (1436 bytes; live heap 347182779)
core:273 (2942 bytes; live heap 349906202)
core:274 (2531 bytes; live heap 360612696)
core:275 (2260 bytes; live heap 360825775)
core:276 (544 bytes; live heap 361022132)
row-model:231 (153290 bytes; live heap 362018517)
core:277 (1260 bytes; live heap 362683705)
core:278 (386 bytes; live heap 362696354)
row-model:232 (153299 bytes; live heap 364032309)
core:279 (2931 bytes; live heap 364241401)
core:280 (614 bytes; live heap 365287014)
core:281 (1157 bytes; live heap 366353205)
core:282 (1246 bytes; live heap 367074770)
core:283 (2668 bytes; live heap 366359164)
core:284 (598 bytes; live heap 366328377)
core:285 (2552 bytes; live heap 364094444)
core:286 (1904 bytes; live heap 363121377)
core:287 (5248 bytes; live heap 368982462)
core:288 (5568 bytes; live heap 369397610)
core:289 (2266 bytes; live heap 367878983)
core:290 (1449 bytes; live heap 366300835)
core:291 (530 bytes; live heap 365864064)
core:292 (11207 bytes; live heap 365702849)
core:293 (2936 bytes; live heap 364121760)
core:294 (3654 bytes; live heap 361760822)
core:295 (2266 bytes; live heap 359806943)
core:296 (984 bytes; live heap 359145502)
core:297 (1551 bytes; live heap 357357065)
core:298 (1206 bytes; live heap 355852520)
core:299 (1895 bytes; live heap 348363782)
core:300 (2527 bytes; live heap 343237150)
core:301 (2996 bytes; live heap 342915812)
core:302 (620 bytes; live heap 340942347)
core:303 (9231 bytes; live heap 332652610)
core:304 (985 bytes; live heap 331124393)
core:305 (10571 bytes; live heap 329848743)
core:306 (2536 bytes; live heap 328459023)
core:307 (2522 bytes; live heap 328219053)
core:308 (7195 bytes; live heap 325927708)
core:309 (2277 bytes; live heap 323824739)
core:310 (202557 bytes; live heap 321751871)
core:311 (1208 bytes; live heap 320090911)
core:312 (526 bytes; live heap 318418884)
core:313 (1206 bytes; live heap 317339291)
core:314 (1912 bytes; live heap 313375131)
bitproof:881 (10334821 bytes; live heap 311934619)
core:315 (5283 bytes; live heap 310458540)
core:316 (10598 bytes; live heap 310364650)
core:317 (1114 bytes; live heap 310103929)
core:318 (1455 bytes; live heap 309578896)
core:319 (597 bytes; live heap 309448553)
core:320 (4008 bytes; live heap 312689051)
core:321 (1593 bytes; live heap 312331567)
core:322 (330 bytes; live heap 312328076)
core:323 (528 bytes; live heap 312345572)
core:324 (1004 bytes; live heap 312370437)
core:325 (588 bytes; live heap 312215618)
core:326 (1176 bytes; live heap 311987537)
core:327 (1214 bytes; live heap 312038286)
core:328 (2136 bytes; live heap 312035943)
core:329 (1474 bytes; live heap 311999217)
core:330 (4023 bytes; live heap 311593808)
core:331 (5257 bytes; live heap 310972326)
core:332 (3990 bytes; live heap 310922405)
core:333 (10923 bytes; live heap 309932206)
core:334 (644 bytes; live heap 309857236)
core:335 (1482 bytes; live heap 309603398)
core:336 (1476 bytes; live heap 309279114)
core:337 (2268 bytes; live heap 308732864)
core:338 (436 bytes; live heap 308802263)
row-model:233 (152630 bytes; live heap 388797991)
bitproof:882 (1542563 bytes; live heap 377887253)
bitproof:883 (45435 bytes; live heap 405427358)
bitproof:884 (4743 bytes; live heap 405940921)
bitproof:885 (45425 bytes; live heap 412046695)
bitproof:886 (173 bytes; live heap 412122058)
bitproof:887 (160 bytes; live heap 412094768)
bitproof:888 (4034 bytes; live heap 411892623)
row-model:234 (239129 bytes; live heap 412627262)
row-model:235 (224233 bytes; live heap 397218332)
row-model:236 (152690 bytes; live heap 393979832)
row-model:237 (143999 bytes; live heap 391478798)
row-model:238 (155072 bytes; live heap 389239961)
bitproof:889 (740179 bytes; live heap 367164737)
bitproof:890 (1116 bytes; live heap 353792742)
bitproof:891 (594345 bytes; live heap 341699932)
logic:864 (2574171 bytes; live heap 336748797)
bitproof:892 (105498 bytes; live heap 331511265)
logic:865 (416 bytes; live heap 327356828)
bitproof:893 (50609 bytes; live heap 326858508)
bitproof:894 (173 bytes; live heap 326760349)
bitproof:895 (615007 bytes; live heap 325538247)
logic:866 (72565 bytes; live heap 324580006)
logic:867 (1554 bytes; live heap 324461832)
logic:868 (1660 bytes; live heap 332901913)
logic:869 (600 bytes; live heap 333413025)
logic:870 (6267 bytes; live heap 330307430)
bitproof:896 (143287 bytes; live heap 329613532)
logic:871 (2807 bytes; live heap 329976656)
logic:872 (1375 bytes; live heap 330235374)
logic:873 (560 bytes; live heap 330600666)
logic:874 (25463 bytes; live heap 336083568)
logic:875 (375 bytes; live heap 336071282)
logic:876 (1734 bytes; live heap 336112155)
logic:877 (302652 bytes; live heap 347319996)
logic:878 (2422 bytes; live heap 348105323)
logic:879 (982 bytes; live heap 348294131)
logic:880 (757 bytes; live heap 348574098)
logic:881 (4691 bytes; live heap 350495833)
logic:882 (2139 bytes; live heap 351140652)
logic:883 (5428 bytes; live heap 351350401)
logic:884 (3643 bytes; live heap 351823870)
logic:885 (2123 bytes; live heap 351909747)
logic:886 (3139 bytes; live heap 352041744)
logic:887 (2341 bytes; live heap 352357910)
logic:888 (2713 bytes; live heap 352923017)
logic:889 (12465 bytes; live heap 354618074)
logic:890 (482 bytes; live heap 354908768)
logic:891 (572 bytes; live heap 354941334)
logic:892 (1005 bytes; live heap 356023511)
logic:893 (3705 bytes; live heap 356044925)
logic:894 (6555 bytes; live heap 356144450)
row-model:239 (155047 bytes; live heap 352265278)
row-model:240 (155070 bytes; live heap 352105703)
bitproof:897 (1734391 bytes; live heap 349570786)
logic:895 (152489 bytes; live heap 349779452)
logic:896 (8635 bytes; live heap 347259189)
logic:897 (16443 bytes; live heap 347636916)
logic:898 (1990 bytes; live heap 348015253)
logic:899 (24798 bytes; live heap 351475499)
logic:900 (2515 bytes; live heap 351834113)
logic:901 (394 bytes; live heap 353241494)
bitproof:898 (780428 bytes; live heap 407372732)
bitproof:899 (174 bytes; live heap 420471692)
bitproof:900 (158 bytes; live heap 420831265)
certificate:548 (149312 bytes; live heap 434546368)
certificate:549 (767 bytes; live heap 438325538)
certificate:550 (93414 bytes; live heap 440910298)
row-model:241 (155048 bytes; live heap 479333534)
certificate:551 (149124 bytes; live heap 469342087)
bitproof:901 (2894934 bytes; live heap 430777838)
certificate:552 (149072 bytes; live heap 429831511)
certificate:553 (149152 bytes; live heap 429980045)
certificate:554 (148557 bytes; live heap 430577026)
certificate:555 (154727 bytes; live heap 430749376)
certificate:556 (476 bytes; live heap 430249830)
certificate:557 (31295 bytes; live heap 430389144)
certificate:558 (148561 bytes; live heap 430631673)
certificate:559 (154466 bytes; live heap 431348440)
bitproof:902 (8828 bytes; live heap 423267299)
bitproof:903 (171 bytes; live heap 423307189)
bitproof:904 (884 bytes; live heap 423418809)
row-model:242 (153299 bytes; live heap 471397443)
certificate:560 (93473 bytes; live heap 497665687)
certificate:561 (97910 bytes; live heap 513064254)
certificate:562 (149124 bytes; live heap 492972539)
certificate:563 (155954 bytes; live heap 491659753)
bitproof:905 (9156606 bytes; live heap 406679120)
row-model:243 (155048 bytes; live heap 403386028)
certificate:564 (443 bytes; live heap 393928844)
certificate:565 (148568 bytes; live heap 392502534)
certificate:566 (258500 bytes; live heap 384860588)
certificate:567 (93461 bytes; live heap 384023550)
certificate:568 (93483 bytes; live heap 381427526)
certificate:569 (98371 bytes; live heap 378862879)
certificate:570 (97910 bytes; live heap 377439886)
bitproof:906 (75003 bytes; live heap 325816738)
bitproof:907 (148 bytes; live heap 325664394)
row-model:244 (153299 bytes; live heap 368126143)
certificate:571 (21040 bytes; live heap 382949261)
certificate:572 (527 bytes; live heap 385534162)
certificate:573 (98213 bytes; live heap 393368277)
certificate:574 (475 bytes; live heap 395061847)
certificate:575 (200448 bytes; live heap 395780862)
certificate:576 (148551 bytes; live heap 390662755)
bitproof:908 (9038080 bytes; live heap 334605774)
certificate:577 (102786 bytes; live heap 332682317)
certificate:578 (93474 bytes; live heap 332707839)
certificate:579 (24588 bytes; live heap 332721673)
certificate:580 (93802 bytes; live heap 332675348)
certificate:581 (448 bytes; live heap 332520094)
certificate:582 (149125 bytes; live heap 332731564)
bitproof:909 (142 bytes; live heap 301048789)
bitproof:910 (74590 bytes; live heap 304443286)
row-model:245 (153290 bytes; live heap 309711289)
row-model:246 (153307 bytes; live heap 311179405)
row-model:247 (153301 bytes; live heap 311979879)
bitproof:911 (759648 bytes; live heap 306885037)
bitproof:912 (2129 bytes; live heap 306890824)
bitproof:913 (3082 bytes; live heap 306895117)
bitproof:914 (96 bytes; live heap 306797442)
bitproof:915 (884 bytes; live heap 306799287)
bitproof:916 (3123 bytes; live heap 306456516)
certificate:583 (155112 bytes; live heap 310180548)
certificate:584 (104274 bytes; live heap 311910700)
certificate:585 (93461 bytes; live heap 315125219)
logic:902 (1200997 bytes; live heap 330443247)
certificate:586 (97909 bytes; live heap 369597295)
certificate:587 (149125 bytes; live heap 369001369)
bitproof:917 (2979566 bytes; live heap 369077553)
row-model:248 (155047 bytes; live heap 371081013)
row-model:249 (153307 bytes; live heap 373599688)
row-model:250 (153322 bytes; live heap 374230615)
certificate:588 (154467 bytes; live heap 390301960)
logic:903 (891 bytes; live heap 384572747)
logic:904 (2054 bytes; live heap 384870467)
certificate:589 (93461 bytes; live heap 385444849)
logic:905 (277 bytes; live heap 385447602)
logic:906 (1946 bytes; live heap 385853622)
logic:907 (10760 bytes; live heap 388777003)
logic:908 (5802 bytes; live heap 389884785)
logic:909 (2301 bytes; live heap 391356041)
logic:910 (3310 bytes; live heap 391811426)
logic:911 (953 bytes; live heap 393590629)
logic:912 (1173 bytes; live heap 394013658)
logic:913 (399 bytes; live heap 394230368)
logic:914 (6787 bytes; live heap 395002339)
certificate:590 (573 bytes; live heap 412153466)
certificate:591 (7346 bytes; live heap 411954820)
certificate:592 (98544 bytes; live heap 408889429)
certificate:593 (148557 bytes; live heap 408238097)
logic:915 (486458 bytes; live heap 403925689)
bitproof:918 (74994 bytes; live heap 399949163)
certificate:594 (149122 bytes; live heap 400720354)
bitproof:919 (137093 bytes; live heap 400460751)
logic:916 (356 bytes; live heap 443614887)
logic:917 (2172 bytes; live heap 444774138)
logic:918 (1094 bytes; live heap 445018368)
logic:919 (8719 bytes; live heap 449077471)
logic:920 (2033 bytes; live heap 456026101)
logic:921 (208 bytes; live heap 456153064)
logic:922 (7287 bytes; live heap 455701711)
logic:923 (1580 bytes; live heap 455537492)
logic:924 (5160 bytes; live heap 457199572)
logic:925 (2581 bytes; live heap 456872487)
logic:926 (1693 bytes; live heap 456562635)
logic:927 (326 bytes; live heap 456345406)
logic:928 (1752 bytes; live heap 456044232)
logic:929 (390 bytes; live heap 455894782)
logic:930 (2059 bytes; live heap 455749720)
logic:931 (939 bytes; live heap 459590393)
logic:932 (913 bytes; live heap 459510837)
logic:933 (2171 bytes; live heap 459158586)
logic:934 (2486 bytes; live heap 459066508)
logic:935 (2386 bytes; live heap 458673654)
logic:936 (4523 bytes; live heap 457926423)
logic:937 (8697 bytes; live heap 456619035)
logic:938 (8611 bytes; live heap 456425711)
logic:939 (1088 bytes; live heap 464099571)
logic:940 (230 bytes; live heap 463974788)
logic:941 (6693 bytes; live heap 462190997)
logic:942 (924 bytes; live heap 460564561)
logic:943 (1127 bytes; live heap 459348851)
logic:944 (627309 bytes; live heap 458401307)
logic:945 (1905 bytes; live heap 451625014)
logic:946 (3010 bytes; live heap 449637613)
logic:947 (201930 bytes; live heap 447973032)
logic:948 (374 bytes; live heap 447101626)
logic:949 (4465 bytes; live heap 442916111)
certificate:595 (517 bytes; live heap 437500572)
certificate:596 (155961 bytes; live heap 434511015)
bitproof:920 (8868040 bytes; live heap 389215260)
certificate:597 (148496 bytes; live heap 391809857)
certificate:598 (93341 bytes; live heap 394078197)
certificate:599 (148563 bytes; live heap 397144108)
bitproof:921 (74996 bytes; live heap 345223583)
bitproof:922 (120 bytes; live heap 343557480)
bitproof:923 (3107 bytes; live heap 343724538)
bitproof:924 (8827 bytes; live heap 343360773)
bitproof:925 (136709 bytes; live heap 342538456)
bitproof:926 (8840 bytes; live heap 340796346)
bitproof:927 (151 bytes; live heap 340717761)
row-model:251 (2214090 bytes; live heap 400926067)
row-model:252 (153895 bytes; live heap 399589631)
row-model:253 (153229 bytes; live heap 402908675)
row-model:254 (161273 bytes; live heap 402534695)
certificate:600 (102780 bytes; live heap 355814742)
logic:950 (555949 bytes; live heap 340908592)
certificate:601 (149133 bytes; live heap 334019718)
bitproof:928 (11952916 bytes; live heap 324776341)
certificate:602 (97909 bytes; live heap 325595967)
certificate:603 (81279 bytes; live heap 326752996)
certificate:604 (149207 bytes; live heap 328397256)
certificate:605 (148496 bytes; live heap 328386060)
certificate:606 (156232 bytes; live heap 326019600)
certificate:607 (93480 bytes; live heap 327071548)
logic:951 (43786 bytes; live heap 327643041)
logic:952 (2692 bytes; live heap 331896096)
logic:953 (2393 bytes; live heap 332637307)
logic:954 (6873 bytes; live heap 332888080)
logic:955 (176 bytes; live heap 332777853)
logic:956 (2843 bytes; live heap 333321609)
logic:957 (1896 bytes; live heap 334085780)
logic:958 (1899 bytes; live heap 333954533)
logic:959 (511 bytes; live heap 335507382)
logic:960 (542 bytes; live heap 333091902)
logic:961 (711 bytes; live heap 285324731)
logic:962 (1996 bytes; live heap 285291849)
logic:963 (2305 bytes; live heap 285261602)
logic:964 (996 bytes; live heap 284810360)
bitproof:929 (12766 bytes; live heap 284601985)
logic:965 (8299 bytes; live heap 283966244)
bitproof:930 (133 bytes; live heap 283965320)
logic:966 (792 bytes; live heap 284407913)
logic:967 (2850 bytes; live heap 284467457)
logic:968 (1431 bytes; live heap 284602743)
logic:969 (1947 bytes; live heap 284928632)
logic:970 (2107 bytes; live heap 285034466)
logic:971 (2212 bytes; live heap 285219671)
logic:972 (4086 bytes; live heap 285944687)
logic:973 (183 bytes; live heap 285564508)
bitproof:931 (594340 bytes; live heap 280174469)
certificate:608 (476 bytes; live heap 277884760)
logic:974 (28646 bytes; live heap 276689564)
bitproof:932 (132929 bytes; live heap 274964568)
bitproof:933 (88492 bytes; live heap 274504964)
certificate:609 (148561 bytes; live heap 274316981)
certificate:610 (148563 bytes; live heap 273087300)
row-model:255 (153187 bytes; live heap 269869860)
bitproof:934 (7949 bytes; live heap 269848232)
row-model:256 (153299 bytes; live heap 282875968)
logic:975 (1340406 bytes; live heap 351428444)
logic:976 (2324 bytes; live heap 349327504)
certificate:611 (97898 bytes; live heap 319995145)
certificate:612 (430 bytes; live heap 315827326)
certificate:613 (148549 bytes; live heap 305778769)
certificate:614 (93781 bytes; live heap 295820165)
bitproof:935 (11821164 bytes; live heap 292823354)
certificate:615 (97916 bytes; live heap 294298503)
certificate:616 (97908 bytes; live heap 295809313)
bitproof:936 (594352 bytes; live heap 283988650)
bitproof:937 (265745 bytes; live heap 292024812)
bitproof:938 (7917 bytes; live heap 289467504)
bitproof:939 (104799 bytes; live heap 284966083)
certificate:617 (149125 bytes; live heap 282908198)
certificate:618 (148474 bytes; live heap 283032195)
bitproof:940 (169 bytes; live heap 282454960)
certificate:619 (104273 bytes; live heap 282575572)
row-model:257 (153299 bytes; live heap 267435428)
bitproof:941 (1396322 bytes; live heap 267445024)
bitproof:942 (23094 bytes; live heap 267379639)
bitproof:943 (50607 bytes; live heap 269503433)
bitproof:944 (8849 bytes; live heap 269424424)
bitproof:945 (96 bytes; live heap 269393363)
bitproof:946 (137347 bytes; live heap 269602365)
bitproof:947 (96 bytes; live heap 268931527)
bitproof:948 (8829 bytes; live heap 268723298)
bitproof:949 (136712 bytes; live heap 267908357)
bitproof:950 (2123 bytes; live heap 265890410)
bitproof:951 (140 bytes; live heap 265847556)
bitproof:952 (3170 bytes; live heap 265650802)
bitproof:953 (12 bytes; live heap 265484609)
bitproof:954 (132925 bytes; live heap 265492958)
certificate:620 (460 bytes; live heap 264709498)
certificate:621 (98729 bytes; live heap 265684712)
certificate:622 (149139 bytes; live heap 265886070)
certificate:623 (98564 bytes; live heap 263685798)
certificate:624 (148549 bytes; live heap 261395657)
bitproof:955 (759213 bytes; live heap 261030385)
bitproof:956 (142050 bytes; live heap 259196851)
bitproof:957 (147 bytes; live heap 259006190)
bitproof:958 (136712 bytes; live heap 259389714)
bitproof:959 (132916 bytes; live heap 259376799)
row-model:258 (155047 bytes; live heap 286848441)
row-model:259 (165047 bytes; live heap 287955973)
bitproof:960 (820218 bytes; live heap 272576674)
bitproof:961 (1600 bytes; live heap 261930904)
bitproof:962 (96 bytes; live heap 261652559)
bitproof:963 (1123 bytes; live heap 261569942)
bitproof:964 (135 bytes; live heap 261516532)
bitproof:965 (74995 bytes; live heap 254884242)
logic:977 (759992 bytes; live heap 248489761)
logic:978 (1734 bytes; live heap 247877648)
logic:979 (201800 bytes; live heap 248483185)
logic:980 (2147 bytes; live heap 248228729)
logic:981 (4219 bytes; live heap 248881090)
logic:982 (3410 bytes; live heap 249114289)
logic:983 (562 bytes; live heap 249208417)
logic:984 (2826 bytes; live heap 248930210)
logic:985 (254 bytes; live heap 248928209)
logic:986 (545 bytes; live heap 249081305)
logic:987 (3625 bytes; live heap 249150345)
logic:988 (20117 bytes; live heap 248920196)
logic:989 (1937 bytes; live heap 253009895)
logic:990 (478 bytes; live heap 253031015)
logic:991 (598 bytes; live heap 253041046)
logic:992 (584 bytes; live heap 253047062)
logic:993 (2261 bytes; live heap 253069237)
logic:994 (3360 bytes; live heap 253030233)
bitproof:966 (780135 bytes; live heap 239633376)
row-model:260 (153355 bytes; live heap 245490162)
row-model:261 (353332 bytes; live heap 244936758)
core:339 (2901445 bytes; live heap 240805183)
bitproof:967 (132 bytes; live heap 243802493)
bitproof:968 (74994 bytes; live heap 244530047)
bitproof:969 (120 bytes; live heap 245018815)
bitproof:970 (130 bytes; live heap 245077444)
bitproof:971 (1621455 bytes; live heap 266905876)
bitproof:972 (136349 bytes; live heap 271506935)
bitproof:973 (156 bytes; live heap 272123314)
bitproof:974 (3099 bytes; live heap 272646495)
bitproof:975 (74995 bytes; live heap 273901038)
bitproof:976 (8878 bytes; live heap 275270488)
bitproof:977 (120 bytes; live heap 275606445)
bitproof:978 (3056 bytes; live heap 275875298)
bitproof:979 (132 bytes; live heap 276090157)
bitproof:980 (134 bytes; live heap 276176648)
bitproof:981 (884 bytes; live heap 276270533)
bitproof:982 (166 bytes; live heap 276357712)
bitproof:983 (136254 bytes; live heap 278574573)
bitproof:984 (7934 bytes; live heap 279259456)
bitproof:985 (1108 bytes; live heap 280451874)
bitproof:986 (142125 bytes; live heap 281051131)
core:340 (388 bytes; live heap 340533505)
core:341 (7215 bytes; live heap 345363793)
core:342 (9 bytes; live heap 345898528)
core:343 (15434 bytes; live heap 346730391)
core:344 (3363 bytes; live heap 341434219)
core:345 (981 bytes; live heap 340468852)
core:346 (1057 bytes; live heap 339234596)
row-model:262 (153307 bytes; live heap 324978685)
row-model:263 (153368 bytes; live heap 319667372)
core:347 (10148 bytes; live heap 311688001)
core:348 (1119 bytes; live heap 309759765)
row-model:264 (153311 bytes; live heap 307691413)
core:349 (987 bytes; live heap 305976458)
row-model:265 (153299 bytes; live heap 304338214)
core:350 (14460 bytes; live heap 272706959)
core:351 (2928 bytes; live heap 268834253)
core:352 (4003 bytes; live heap 263162663)
core:353 (1482 bytes; live heap 261221021)
bitproof:987 (8677516 bytes; live heap 260706432)
core:354 (984 bytes; live heap 260766795)
core:355 (2534 bytes; live heap 260785541)
core:356 (620 bytes; live heap 260906291)
core:357 (1206 bytes; live heap 260949442)
core:358 (1944 bytes; live heap 260938832)
core:359 (6 bytes; live heap 261128821)
core:360 (1167 bytes; live heap 260812230)
core:361 (5199 bytes; live heap 256637364)
core:362 (1362 bytes; live heap 256348345)
core:363 (5264 bytes; live heap 257108208)
core:364 (1116 bytes; live heap 257139592)
core:365 (1923 bytes; live heap 257169858)
core:366 (1187 bytes; live heap 256980213)
core:367 (4000 bytes; live heap 256071571)
core:368 (3194 bytes; live heap 256541680)
core:369 (1912 bytes; live heap 256624948)
core:370 (2922 bytes; live heap 259081695)
core:371 (2266 bytes; live heap 258856175)
core:372 (1921 bytes; live heap 258643459)
core:373 (1170 bytes; live heap 258374903)
core:374 (2938 bytes; live heap 258068435)
core:375 (5486 bytes; live heap 257556790)
core:376 (1171 bytes; live heap 257595273)
core:377 (5262 bytes; live heap 257448183)
core:378 (1062 bytes; live heap 257422257)
core:379 (372 bytes; live heap 257371573)
core:380 (529 bytes; live heap 257323279)
core:381 (504 bytes; live heap 257241760)
bitproof:988 (132928 bytes; live heap 219722536)
bitproof:989 (74619 bytes; live heap 219531787)
bitproof:990 (208002 bytes; live heap 219434160)
row-model:266 (153290 bytes; live heap 220262719)
row-model:267 (153163 bytes; live heap 221531458)
row-model:268 (153380 bytes; live heap 223877679)
row-model:269 (148416 bytes; live heap 223941836)
row-model:270 (153238 bytes; live heap 222719935)
bitproof:991 (593987 bytes; live heap 219880160)
bitproof:992 (96 bytes; live heap 218803331)
bitproof:993 (173 bytes; live heap 218798111)
bitproof:994 (169 bytes; live heap 218804693)
bitproof:995 (140 bytes; live heap 218799701)
bitproof:996 (136707 bytes; live heap 219047620)
bitproof:997 (2135 bytes; live heap 214604947)
bitproof:998 (177 bytes; live heap 214592521)
bitproof:999 (14833 bytes; live heap 215643155)
bitproof: 1000 cases in 13.681866583s; 31 mutants accepted; slowest seed 14.041125ms; slowest case 46 125.973542ms; largest heap case 928 32702838 bytes
     184 bit proof hint is not unit or conflicting
     146 unused bit proof hint after conflict
     136 bit proof references missing/future clause
     104 bit proof step count limit
      81 bit proof continues after contradiction
      76 proof literal outside circuit
      51 bit proof clause lacks a unit-propagation derivation
      34 invalid value: integer `-1099511627776`, expected i32 at lin
      28 invalid value: integer `2147483648`, expected i32 at line 1 
      27 bit proof step size limit
      21 invalid proof literal
       5 bit proof circuit identity mismatch
       2 invalid type: map, expected a sequence at line 1 column 115
       2 invalid value: integer `9223372036854775807`, expected i32 a
       1 EOF while parsing a list at line 1 column 36868
       1 EOF while parsing a list at line 1 column 5796
       1 EOF while parsing an object at line 1 column 4743
       1 bit proof has no final contradiction
       1 duplicate field `clause` at line 1 column 115
       1 duplicate field `clause` at line 1 column 1536
       1 duplicate field `steps` at line 1 column 132928
       1 expected `,` or `]` at line 1 column 120
       1 expected `,` or `]` at line 1 column 121777
       1 expected `,` or `]` at line 1 column 14334
       1 expected `,` or `]` at line 1 column 181
logic:995 (627317 bytes; live heap 206234966)
logic:996 (598 bytes; live heap 204390684)
logic:997 (564 bytes; live heap 204271521)
logic:998 (816 bytes; live heap 204149941)
logic:999 (1147 bytes; live heap 203848879)
logic: 1000 cases in 10.902745666s; 80 mutants accepted; slowest seed 218.443917ms; slowest case 276 207.541833ms; largest heap case 276 18850224 bytes
      38 undeclared logic import
      33 duplicate logic identity
      28 logic argument count mismatch
      22 unknown constructor
      19 recursive parameter must be an inductive datatype
      19 unbound logic variable
      17 invalid type: sequence, expected a string at line 1 column 2
      17 unknown or undeclared logic entry
      16 invalid type: sequence, expected a string at line 1 column 1
      13 logic argument type mismatch
       9 invalid type: sequence, expected a string at line 1 column 7
       8 bit proof hint is not unit or conflicting
       8 invalid type: sequence, expected a string at line 1 column 4
       7 control character (\u0000-\u001F) found while parsing a stri
       7 invalid type: sequence, expected a string at line 1 column 3
       7 invalid value: integer `-1`, expected usize at line 1 column
       7 unknown logic hypothesis
       6 invalid length 1, expected a tuple of size 2 at line 1 colum
       6 invalid type: sequence, expected a string at line 1 column 5
       5 invalid datatype constructor
       5 invalid type: sequence, expected a string at line 1 column 6
       4 duplicate logic parameter
       4 invalid logic binder name
       4 invalid type: boolean `true`, expected a string at line 1 co
       4 invalid type: map, expected a tuple of size 2 at line 1 colu
core:382 (302559 bytes; live heap 157024530)
core:383 (1883 bytes; live heap 153828575)
core:384 (1921 bytes; live heap 152359047)
core:385 (2534 bytes; live heap 147275962)
core:386 (15255 bytes; live heap 145805209)
core:387 (213 bytes; live heap 142180346)
test fuzz_bitproof_certificates ... ok
core:388 (985 bytes; live heap 141182533)
core:389 (1146 bytes; live heap 140769898)
core:390 (45386 bytes; live heap 133568490)
core:391 (1138 bytes; live heap 132830050)
core:392 (582 bytes; live heap 132559891)
row-model:271 (152630 bytes; live heap 129772805)
core:393 (99897 bytes; live heap 119741277)
core:394 (1999 bytes; live heap 121597922)
core:395 (1801 bytes; live heap 122210383)
core:396 (1922 bytes; live heap 122909235)
test fuzz_logic_objects ... ok
core:397 (1939 bytes; live heap 124555291)
core:398 (1478 bytes; live heap 125605354)
core:399 (2895 bytes; live heap 126729872)
core:400 (550 bytes; live heap 126934648)
core:401 (695 bytes; live heap 127166416)
core:402 (2588 bytes; live heap 128072636)
core:403 (2266 bytes; live heap 128693486)
core:404 (1351 bytes; live heap 129914587)
core:405 (1153 bytes; live heap 130411230)
row-model:272 (163322 bytes; live heap 130490067)
core:406 (1462 bytes; live heap 131048900)
core:407 (1042 bytes; live heap 131565944)
core:408 (195 bytes; live heap 131914229)
core:409 (1835 bytes; live heap 132426175)
core:410 (2266 bytes; live heap 132958533)
core:411 (1047 bytes; live heap 133574837)
core:412 (1124 bytes; live heap 134279717)
core:413 (2555 bytes; live heap 134904785)
core:414 (1468 bytes; live heap 135657951)
core:415 (1906 bytes; live heap 136249775)
core:416 (387 bytes; live heap 136399491)
core:417 (104 bytes; live heap 136635330)
core:418 (1867 bytes; live heap 137125173)
core:419 (2784 bytes; live heap 137903835)
core:420 (830 bytes; live heap 138260284)
core:421 (1927 bytes; live heap 139685027)
core:422 (1207 bytes; live heap 140023954)
core:423 (1505 bytes; live heap 141222341)
core:424 (591 bytes; live heap 141540265)
core:425 (1172 bytes; live heap 142224895)
core:426 (525 bytes; live heap 142543497)
core:427 (204297 bytes; live heap 143180818)
core:428 (1441 bytes; live heap 143644422)
core:429 (2986 bytes; live heap 144939966)
core:430 (1215 bytes; live heap 145392996)
core:431 (2838 bytes; live heap 147231802)
core:432 (3256 bytes; live heap 148798500)
core:433 (1883 bytes; live heap 149434027)
core:434 (11145 bytes; live heap 149767960)
core:435 (387 bytes; live heap 149773187)
core:436 (1509 bytes; live heap 149086210)
core:437 (13390 bytes; live heap 147860167)
row-model:273 (153289 bytes; live heap 159337186)
row-model:274 (153315 bytes; live heap 163720471)
row-model:275 (154051 bytes; live heap 164121662)
row-model:276 (1492763 bytes; live heap 193062584)
row-model:277 (153668 bytes; live heap 219983227)
row-model:278 (152840 bytes; live heap 220015995)
row-model:279 (153171 bytes; live heap 212044045)
row-model:280 (1492664 bytes; live heap 98231968)
certificate:625 (1748440 bytes; live heap 88938230)
certificate:626 (148520 bytes; live heap 43516223)
certificate:627 (148549 bytes; live heap 42746675)
row-model:281 (153299 bytes; live heap 18437299)
certificate:628 (448 bytes; live heap 16810279)
certificate:629 (460 bytes; live heap 16434059)
certificate:630 (2474 bytes; live heap 16268170)
certificate:631 (98400 bytes; live heap 14744236)
certificate:632 (104322 bytes; live heap 13547876)
core:438 (3428864 bytes; live heap 8552712)
certificate:633 (21518 bytes; live heap 11217340)
certificate:634 (149111 bytes; live heap 11790451)
certificate:635 (96428 bytes; live heap 11708175)
certificate:636 (104273 bytes; live heap 13878491)
certificate:637 (149111 bytes; live heap 16647662)
certificate:638 (149122 bytes; live heap 18525874)
row-model:282 (155047 bytes; live heap 21153777)
certificate:639 (93506 bytes; live heap 24968428)
certificate:640 (148666 bytes; live heap 27264226)
certificate:641 (96430 bytes; live heap 20120644)
certificate:642 (484 bytes; live heap 19829098)
certificate:643 (492 bytes; live heap 19742543)
certificate:644 (97910 bytes; live heap 19760373)
row-model:283 (153232 bytes; live heap 17245468)
certificate:645 (98488 bytes; live heap 16010085)
certificate:646 (434 bytes; live heap 15865853)
certificate:647 (97634 bytes; live heap 15980015)
certificate:648 (98486 bytes; live heap 12406299)
certificate:649 (148549 bytes; live heap 8546702)
row-model:284 (153286 bytes; live heap 14794385)
row-model:285 (152238 bytes; live heap 15195546)
row-model:286 (153318 bytes; live heap 15575822)
row-model:287 (153323 bytes; live heap 15763644)
row-model:288 (155047 bytes; live heap 16709131)
row-model:289 (153271 bytes; live heap 18634206)
certificate:650 (94134 bytes; live heap 18794322)
certificate:651 (93461 bytes; live heap 18978451)
certificate:652 (93464 bytes; live heap 24667766)
certificate:653 (102787 bytes; live heap 24939503)
certificate:654 (149125 bytes; live heap 25540972)
certificate:655 (149125 bytes; live heap 33923136)
row-model:290 (153299 bytes; live heap 33666453)
certificate:656 (538 bytes; live heap 34549074)
certificate:657 (114273 bytes; live heap 34765668)
certificate:658 (168231 bytes; live heap 35891087)
row-model:291 (153299 bytes; live heap 37989195)
certificate:659 (97908 bytes; live heap 37721225)
certificate:660 (406 bytes; live heap 37589841)
certificate:661 (93461 bytes; live heap 37731351)
certificate:662 (148549 bytes; live heap 37973312)
row-model:292 (153567 bytes; live heap 34293383)
row-model:293 (155038 bytes; live heap 34083296)
certificate:663 (148510 bytes; live heap 34128755)
certificate:664 (149153 bytes; live heap 34035721)
certificate:665 (97736 bytes; live heap 33885702)
certificate:666 (155955 bytes; live heap 34052780)
certificate:667 (149125 bytes; live heap 32564635)
certificate:668 (149501 bytes; live heap 26058784)
certificate:669 (450 bytes; live heap 23621421)
certificate:670 (93476 bytes; live heap 23737680)
certificate:671 (93460 bytes; live heap 23718004)
certificate:672 (487 bytes; live heap 23574787)
certificate:673 (98484 bytes; live heap 23668583)
certificate:674 (148568 bytes; live heap 23653700)
certificate:675 (97905 bytes; live heap 23437057)
certificate:676 (97908 bytes; live heap 23180470)
certificate:677 (98106 bytes; live heap 20331484)
row-model:294 (153307 bytes; live heap 17969006)
row-model:295 (153299 bytes; live heap 17820800)
certificate:678 (448 bytes; live heap 16663306)
certificate:679 (455 bytes; live heap 16603738)
certificate:680 (96430 bytes; live heap 16622543)
certificate:681 (499 bytes; live heap 13903340)
certificate:682 (98485 bytes; live heap 13850288)
certificate:683 (98545 bytes; live heap 13566514)
certificate:684 (149097 bytes; live heap 9516958)
certificate:685 (97939 bytes; live heap 9134624)
certificate:686 (93615 bytes; live heap 9030906)
certificate:687 (98486 bytes; live heap 8832208)
certificate:688 (98105 bytes; live heap 8715601)
core:439 (3331383 bytes; live heap 8493804)
core:440 (1991 bytes; live heap 4458488)
certificate:689 (148764 bytes; live heap 4690363)
core:441 (39095 bytes; live heap 4606263)
certificate:690 (97908 bytes; live heap 4414194)
core:442 (1183 bytes; live heap 4389025)
certificate:691 (828 bytes; live heap 4319745)
certificate:692 (479 bytes; live heap 4303663)
core:443 (1982 bytes; live heap 4405656)
certificate:693 (98484 bytes; live heap 4445826)
core:444 (3873 bytes; live heap 4454243)
core:445 (5247 bytes; live heap 4514897)
core:446 (2534 bytes; live heap 3860317)
row-model:296 (155047 bytes; live heap 3962400)
core:447 (528 bytes; live heap 4009250)
core:448 (2978 bytes; live heap 4160952)
core:449 (2542 bytes; live heap 4158627)
core:450 (794 bytes; live heap 4156878)
core:451 (1435 bytes; live heap 4155025)
core:452 (1130 bytes; live heap 4160287)
core:453 (3925 bytes; live heap 4168023)
core:454 (8572 bytes; live heap 4168208)
core:455 (1845 bytes; live heap 4207371)
core:456 (12678 bytes; live heap 4210187)
core:457 (4039 bytes; live heap 4205943)
core:458 (997 bytes; live heap 4182474)
core:459 (2001 bytes; live heap 4201174)
core:460 (1476 bytes; live heap 4212571)
core:461 (995 bytes; live heap 4212134)
core:462 (1485 bytes; live heap 4218535)
core:463 (1300 bytes; live heap 4222027)
core:464 (1206 bytes; live heap 4230075)
core:465 (1443 bytes; live heap 4238216)
core:466 (733 bytes; live heap 4242930)
core:467 (466 bytes; live heap 4234397)
core:468 (2928 bytes; live heap 4226713)
core:469 (530 bytes; live heap 4209395)
core:470 (1876 bytes; live heap 4220175)
certificate:694 (148549 bytes; live heap 11365758)
certificate:695 (98420 bytes; live heap 12766740)
certificate:696 (104267 bytes; live heap 14684311)
certificate:697 (97746 bytes; live heap 31606102)
certificate:698 (93744 bytes; live heap 33456028)
certificate:699 (148567 bytes; live heap 35987684)
certificate:700 (98484 bytes; live heap 38682596)
certificate:701 (477 bytes; live heap 43638042)
certificate:702 (149111 bytes; live heap 45986182)
certificate:703 (154727 bytes; live heap 72347861)
row-model:297 (153238 bytes; live heap 73322272)
certificate:704 (476 bytes; live heap 60573628)
certificate:705 (149125 bytes; live heap 59256047)
row-model:298 (153315 bytes; live heap 31462262)
row-model:299 (153285 bytes; live heap 31361652)
row-model:300 (155047 bytes; live heap 31219249)
row-model:301 (153299 bytes; live heap 31125906)
certificate:706 (476 bytes; live heap 28175411)
certificate:707 (93469 bytes; live heap 27934555)
certificate:708 (458 bytes; live heap 25856716)
certificate:709 (125402 bytes; live heap 25865051)
certificate:710 (97908 bytes; live heap 24720916)
core:471 (1301192 bytes; live heap 6485545)
core:472 (1945 bytes; live heap 4403739)
core:473 (2534 bytes; live heap 4371059)
core:474 (1484 bytes; live heap 4375857)
core:475 (25764 bytes; live heap 4512314)
core:476 (1693 bytes; live heap 4223129)
core:477 (636 bytes; live heap 4373336)
core:478 (1444 bytes; live heap 4363005)
certificate:711 (98353 bytes; live heap 4391661)
core:479 (3963 bytes; live heap 4398744)
core:480 (535 bytes; live heap 4416671)
core:481 (2268 bytes; live heap 4416347)
core:482 (1433 bytes; live heap 4411134)
core:483 (5248 bytes; live heap 4435426)
core:484 (9684 bytes; live heap 4484535)
core:485 (5256 bytes; live heap 4470912)
core:486 (7615 bytes; live heap 4489295)
core:487 (1810 bytes; live heap 4482872)
core:488 (4001 bytes; live heap 4485146)
certificate:712 (98472 bytes; live heap 17613332)
certificate:713 (148559 bytes; live heap 19943680)
row-model:302 (153308 bytes; live heap 22680050)
certificate:714 (78300 bytes; live heap 41903084)
certificate:715 (164502 bytes; live heap 50960965)
certificate:716 (102817 bytes; live heap 52037624)
certificate:717 (448 bytes; live heap 52671911)
certificate:718 (98500 bytes; live heap 54687593)
certificate:719 (148557 bytes; live heap 56202351)
certificate:720 (96430 bytes; live heap 60935504)
certificate:721 (149127 bytes; live heap 70502025)
row-model:303 (153300 bytes; live heap 105561844)
certificate:722 (149125 bytes; live heap 109239953)
certificate:723 (155954 bytes; live heap 110693336)
certificate:724 (476 bytes; live heap 129550114)
certificate:725 (98490 bytes; live heap 132500118)
certificate:726 (148161 bytes; live heap 134978584)
certificate:727 (149143 bytes; live heap 136470737)
certificate:728 (149141 bytes; live heap 139890085)
certificate:729 (462 bytes; live heap 140649851)
certificate:730 (155954 bytes; live heap 142028331)
certificate:731 (148549 bytes; live heap 166881974)
certificate:732 (484 bytes; live heap 168002735)
certificate:733 (148546 bytes; live heap 169659928)
certificate:734 (476 bytes; live heap 170419552)
certificate:735 (96429 bytes; live heap 172186734)
certificate:736 (93871 bytes; live heap 175395674)
certificate:737 (93397 bytes; live heap 176731487)
row-model:304 (155047 bytes; live heap 178372198)
certificate:738 (149143 bytes; live heap 178613578)
certificate:739 (114448 bytes; live heap 182874020)
certificate:740 (147603 bytes; live heap 183017983)
certificate:741 (350864 bytes; live heap 178941722)
certificate:742 (149145 bytes; live heap 176861048)
certificate:743 (148423 bytes; live heap 175417744)
certificate:744 (476 bytes; live heap 175037647)
certificate:745 (488 bytes; live heap 174750456)
certificate:746 (472 bytes; live heap 174473636)
certificate:747 (154452 bytes; live heap 173503003)
certificate:748 (478 bytes; live heap 167770356)
certificate:749 (98277 bytes; live heap 165385595)
row-model:305 (81505 bytes; live heap 164906683)
certificate:750 (1033 bytes; live heap 164405777)
certificate:751 (448 bytes; live heap 164266729)
row-model:306 (153463 bytes; live heap 164063008)
certificate:752 (93458 bytes; live heap 163599976)
row-model:307 (153299 bytes; live heap 163180550)
certificate:753 (97987 bytes; live heap 159397234)
certificate:754 (149142 bytes; live heap 157759790)
certificate:755 (446 bytes; live heap 155812799)
certificate:756 (149495 bytes; live heap 154472599)
certificate:757 (17911 bytes; live heap 148245095)
certificate:758 (149125 bytes; live heap 147744614)
certificate:759 (98484 bytes; live heap 123571970)
certificate:760 (477 bytes; live heap 122807433)
certificate:761 (92764 bytes; live heap 122371106)
certificate:762 (148568 bytes; live heap 121363353)
certificate:763 (99006 bytes; live heap 118131450)
certificate:764 (97875 bytes; live heap 116931286)
certificate:765 (97890 bytes; live heap 92810828)
row-model:308 (153309 bytes; live heap 92074124)
certificate:766 (448 bytes; live heap 91898721)
certificate:767 (102817 bytes; live heap 91658339)
row-model:309 (153965 bytes; live heap 91437098)
row-model:310 (427129 bytes; live heap 87930856)
certificate:768 (149150 bytes; live heap 83091693)
row-model:311 (153299 bytes; live heap 52002077)
certificate:769 (208519 bytes; live heap 40044900)
certificate:770 (98493 bytes; live heap 38112681)
certificate:771 (148547 bytes; live heap 19139401)
certificate:772 (100514 bytes; live heap 11970995)
certificate:773 (148552 bytes; live heap 10189702)
core:489 (3589827 bytes; live heap 8800356)
core:490 (1148 bytes; live heap 4606790)
core:491 (201207 bytes; live heap 4828341)
core:492 (2268 bytes; live heap 4622527)
core:493 (529 bytes; live heap 4618297)
core:494 (1193 bytes; live heap 4644048)
core:495 (528 bytes; live heap 4648509)
core:496 (130 bytes; live heap 4647007)
core:497 (2266 bytes; live heap 4686532)
core:498 (1167 bytes; live heap 4664757)
core:499 (608 bytes; live heap 4697211)
core:500 (1433 bytes; live heap 4674392)
core:501 (387 bytes; live heap 4675182)
core:502 (1459 bytes; live heap 4701536)
core:503 (2961 bytes; live heap 4724644)
core:504 (5246 bytes; live heap 4693624)
row-model:312 (153326 bytes; live heap 5709007)
row-model:313 (153299 bytes; live heap 4887252)
core:505 (69714 bytes; live heap 4477966)
core:506 (2863 bytes; live heap 4465968)
core:507 (2278 bytes; live heap 4475567)
certificate:774 (93428 bytes; live heap 5156598)
certificate:775 (155954 bytes; live heap 4664480)
core:508 (62832 bytes; live heap 4505838)
core:509 (7006 bytes; live heap 4519567)
core:510 (606 bytes; live heap 4520277)
core:511 (2283 bytes; live heap 4535975)
core:512 (4025 bytes; live heap 4543764)
core:513 (2534 bytes; live heap 4583901)
core:514 (1452 bytes; live heap 4587352)
core:515 (992 bytes; live heap 4586453)
core:516 (2899 bytes; live heap 4611979)
core:517 (1783 bytes; live heap 4631107)
core:518 (184 bytes; live heap 4632313)
core:519 (1156 bytes; live heap 4655966)
core:520 (2493 bytes; live heap 4583221)
core:521 (1223 bytes; live heap 4613458)
core:522 (2548 bytes; live heap 4640000)
core:523 (2266 bytes; live heap 4611555)
core:524 (2246 bytes; live heap 4622383)
core:525 (3196 bytes; live heap 4549567)
core:526 (1906 bytes; live heap 4459199)
certificate:776 (97877 bytes; live heap 4594792)
core:527 (400984 bytes; live heap 4882291)
certificate:777 (61774 bytes; live heap 4657051)
core:528 (52308 bytes; live heap 4533761)
core:529 (618 bytes; live heap 4491346)
core:530 (1689 bytes; live heap 4590181)
certificate:778 (148550 bytes; live heap 4521726)
core:531 (1491 bytes; live heap 4605538)
core:532 (1492 bytes; live heap 4645328)
core:533 (200 bytes; live heap 4653555)
core:534 (527 bytes; live heap 4675877)
core:535 (2552 bytes; live heap 4702223)
core:536 (1150 bytes; live heap 4697027)
core:537 (1148 bytes; live heap 4702008)
core:538 (1469 bytes; live heap 4715957)
core:539 (5245 bytes; live heap 4722301)
core:540 (186 bytes; live heap 4714999)
core:541 (4062 bytes; live heap 4682590)
core:542 (4030 bytes; live heap 4717652)
core:543 (4001 bytes; live heap 7238310)
core:544 (2557 bytes; live heap 7811533)
core:545 (515 bytes; live heap 7826708)
core:546 (2606 bytes; live heap 8437005)
core:547 (10 bytes; live heap 8476376)
core:548 (2938 bytes; live heap 8573459)
core:549 (5444 bytes; live heap 9965287)
core:550 (5246 bytes; live heap 10353988)
core:551 (599 bytes; live heap 11633800)
core:552 (597 bytes; live heap 11568932)
core:553 (2084 bytes; live heap 11273956)
certificate:779 (98483 bytes; live heap 18277016)
certificate:780 (484 bytes; live heap 19669093)
certificate:781 (93481 bytes; live heap 20409322)
certificate:782 (148553 bytes; live heap 19983848)
row-model:314 (427128 bytes; live heap 23002182)
certificate:783 (163404 bytes; live heap 26771425)
certificate:784 (149123 bytes; live heap 23879338)
certificate:785 (102809 bytes; live heap 30066421)
row-model:315 (153299 bytes; live heap 20147268)
certificate:786 (93470 bytes; live heap 20121076)
certificate:787 (148205 bytes; live heap 19900440)
certificate:788 (104273 bytes; live heap 19698796)
certificate:789 (476 bytes; live heap 19595818)
certificate:790 (98472 bytes; live heap 19695030)
certificate:791 (98484 bytes; live heap 19692640)
certificate:792 (154490 bytes; live heap 19870847)
certificate:793 (55307 bytes; live heap 6379999)
certificate:794 (10448 bytes; live heap 5645804)
core:554 (201148 bytes; live heap 4541971)
certificate:795 (98486 bytes; live heap 4519834)
certificate:796 (98129 bytes; live heap 5074989)
certificate:797 (93477 bytes; live heap 5081181)
core:555 (80573 bytes; live heap 4420183)
certificate:798 (97910 bytes; live heap 4448244)
core:556 (11997 bytes; live heap 4522589)
core:557 (201700 bytes; live heap 4755638)
certificate:799 (148507 bytes; live heap 4507898)
certificate:800 (96453 bytes; live heap 4465746)
core:558 (3931 bytes; live heap 4497455)
core:559 (353 bytes; live heap 4496642)
core:560 (1488 bytes; live heap 4502853)
core:561 (1281 bytes; live heap 4494312)
core:562 (1466 bytes; live heap 4497429)
core:563 (2534 bytes; live heap 4504053)
core:564 (1909 bytes; live heap 4501336)
core:565 (389 bytes; live heap 4498835)
core:566 (2938 bytes; live heap 4497126)
core:567 (547 bytes; live heap 4511191)
certificate:801 (456 bytes; live heap 4292032)
core:568 (2940 bytes; live heap 4421720)
core:569 (1421 bytes; live heap 4457081)
core:570 (1577 bytes; live heap 4473240)
core:571 (1252 bytes; live heap 4604460)
certificate:802 (147768 bytes; live heap 4703047)
core:572 (4014 bytes; live heap 4468473)
certificate:803 (97925 bytes; live heap 4374158)
row-model:316 (153299 bytes; live heap 4181235)
core:573 (18112 bytes; live heap 4132376)
core:574 (1876 bytes; live heap 4252172)
core:575 (9835 bytes; live heap 4288575)
core:576 (201217 bytes; live heap 4480980)
core:577 (1493 bytes; live heap 4287837)
core:578 (1935 bytes; live heap 4304140)
core:579 (1147 bytes; live heap 4262817)
core:580 (1969 bytes; live heap 4315677)
core:581 (5283 bytes; live heap 4314706)
certificate:804 (149127 bytes; live heap 11385475)
certificate:805 (476 bytes; live heap 49052600)
certificate:806 (149121 bytes; live heap 51878934)
certificate:807 (93469 bytes; live heap 53151301)
certificate:808 (148561 bytes; live heap 55262228)
certificate:809 (155977 bytes; live heap 56463018)
certificate:810 (493 bytes; live heap 56836642)
certificate:811 (98714 bytes; live heap 58618274)
certificate:812 (102787 bytes; live heap 59911403)
certificate:813 (149063 bytes; live heap 76033498)
certificate:814 (148550 bytes; live heap 79891502)
certificate:815 (117136 bytes; live heap 80934993)
certificate:816 (149125 bytes; live heap 80912090)
certificate:817 (15525 bytes; live heap 80907804)
certificate:818 (155954 bytes; live heap 78672674)
certificate:819 (148693 bytes; live heap 78275393)
certificate:820 (93659 bytes; live heap 78509622)
certificate:821 (10448 bytes; live heap 70176745)
row-model:317 (2214152 bytes; live heap 68061635)
certificate:822 (93455 bytes; live heap 67873118)
certificate:823 (93329 bytes; live heap 66933379)
certificate:824 (93416 bytes; live heap 66799267)
certificate:825 (98493 bytes; live heap 63128217)
certificate:826 (149133 bytes; live heap 61519266)
certificate:827 (103884 bytes; live heap 55799889)
certificate:828 (2828 bytes; live heap 53521563)
certificate:829 (149189 bytes; live heap 52892290)
certificate:830 (482 bytes; live heap 23598093)
certificate:831 (97895 bytes; live heap 23540746)
certificate:832 (104273 bytes; live heap 23362008)
row-model:318 (153307 bytes; live heap 11458025)
row-model:319 (153307 bytes; live heap 8933266)
row-model:320 (153301 bytes; live heap 8513628)
certificate:833 (911 bytes; live heap 6746433)
core:582 (1661872 bytes; live heap 6061068)
certificate:834 (93456 bytes; live heap 6324470)
certificate:835 (461 bytes; live heap 11311230)
certificate:836 (93512 bytes; live heap 11679046)
certificate:837 (457 bytes; live heap 11700408)
certificate:838 (149385 bytes; live heap 12159581)
certificate:839 (96440 bytes; live heap 8778776)
certificate:840 (154467 bytes; live heap 8520353)
certificate:841 (98485 bytes; live heap 6005179)
core:583 (389 bytes; live heap 3909257)
core:584 (2539 bytes; live heap 4080223)
row-model:321 (151155 bytes; live heap 3912772)
core:585 (479 bytes; live heap 4171176)
certificate:842 (155961 bytes; live heap 4090105)
core:586 (2183 bytes; live heap 4145484)
row-model:322 (153365 bytes; live heap 4099526)
core:587 (2936 bytes; live heap 4224040)
certificate:843 (149063 bytes; live heap 4612248)
core:588 (201409 bytes; live heap 4679124)
certificate:844 (96690 bytes; live heap 4568383)
core:589 (984 bytes; live heap 4238446)
core:590 (1167 bytes; live heap 4287604)
core:591 (397 bytes; live heap 4304784)
core:592 (1509 bytes; live heap 4292625)
core:593 (980 bytes; live heap 4318814)
core:594 (2538 bytes; live heap 4293867)
core:595 (586 bytes; live heap 4301116)
core:596 (535 bytes; live heap 4320855)
core:597 (1798 bytes; live heap 4329457)
core:598 (985 bytes; live heap 4339787)
core:599 (2266 bytes; live heap 4341186)
core:600 (1879 bytes; live heap 4351733)
core:601 (12958 bytes; live heap 4376480)
core:602 (1192 bytes; live heap 4370354)
core:603 (2959 bytes; live heap 4385725)
core:604 (985 bytes; live heap 4387178)
core:605 (1850 bytes; live heap 4377165)
core:606 (2297 bytes; live heap 4375680)
core:607 (3263 bytes; live heap 4389522)
core:608 (1008 bytes; live heap 4395890)
core:609 (607 bytes; live heap 4396813)
core:610 (2940 bytes; live heap 4389307)
core:611 (4139 bytes; live heap 4387112)
core:612 (2174 bytes; live heap 4418248)
core:613 (395 bytes; live heap 4396016)
core:614 (1224 bytes; live heap 4395259)
core:615 (594 bytes; live heap 4363319)
core:616 (3945 bytes; live heap 4383446)
core:617 (566 bytes; live heap 4397364)
certificate:845 (93467 bytes; live heap 5027718)
core:618 (92044 bytes; live heap 4396712)
core:619 (1338 bytes; live heap 4232196)
certificate:846 (93573 bytes; live heap 4184158)
core:620 (4313 bytes; live heap 4598513)
certificate:847 (148549 bytes; live heap 4355128)
core:621 (4291 bytes; live heap 4538309)
core:622 (574 bytes; live heap 4532152)
core:623 (1474 bytes; live heap 4538138)
core:624 (1225 bytes; live heap 4537287)
core:625 (1167 bytes; live heap 4511897)
core:626 (1149 bytes; live heap 4506198)
core:627 (434 bytes; live heap 4503597)
core:628 (5177 bytes; live heap 4517978)
core:629 (1871 bytes; live heap 4528399)
core:630 (2111 bytes; live heap 4678596)
core:631 (2608 bytes; live heap 4619877)
core:632 (2928 bytes; live heap 4621488)
core:633 (1331 bytes; live heap 4620457)
core:634 (401 bytes; live heap 4607949)
core:635 (619 bytes; live heap 4623574)
certificate:848 (97912 bytes; live heap 6474677)
core:636 (45299 bytes; live heap 4561747)
core:637 (2934 bytes; live heap 4504629)
core:638 (190 bytes; live heap 4513243)
row-model:323 (153299 bytes; live heap 8132760)
certificate:849 (476 bytes; live heap 22973179)
certificate:850 (471 bytes; live heap 25662921)
certificate:851 (148550 bytes; live heap 27637700)
certificate:852 (471 bytes; live heap 28341395)
certificate:853 (97902 bytes; live heap 30561684)
certificate:854 (421 bytes; live heap 30997509)
certificate:855 (104274 bytes; live heap 33247520)
certificate:856 (149212 bytes; live heap 36745483)
certificate:857 (96690 bytes; live heap 39074795)
certificate:858 (98484 bytes; live heap 41079253)
certificate:859 (98928 bytes; live heap 64518985)
row-model:324 (153299 bytes; live heap 79710850)
certificate:860 (158486 bytes; live heap 92255244)
certificate:861 (148504 bytes; live heap 95815063)
certificate:862 (149137 bytes; live heap 130193034)
row-model:325 (155047 bytes; live heap 131605059)
certificate:863 (155954 bytes; live heap 132962248)
certificate:864 (97886 bytes; live heap 136963333)
certificate:865 (149125 bytes; live heap 141697779)
certificate:866 (97905 bytes; live heap 151028426)
certificate:867 (93477 bytes; live heap 151020500)
certificate:868 (111719 bytes; live heap 152220028)
certificate:869 (149137 bytes; live heap 156065624)
certificate:870 (448 bytes; live heap 155845897)
certificate:871 (102786 bytes; live heap 155970440)
row-model:326 (153322 bytes; live heap 160242551)
row-model:327 (153307 bytes; live heap 160337026)
row-model:328 (153318 bytes; live heap 160295137)
row-model:329 (153299 bytes; live heap 160400279)
certificate:872 (155955 bytes; live heap 160791451)
certificate:873 (97916 bytes; live heap 160859988)
certificate:874 (98351 bytes; live heap 160992561)
certificate:875 (93468 bytes; live heap 161030181)
certificate:876 (96430 bytes; live heap 161110768)
certificate:877 (91285 bytes; live heap 170034361)
certificate:878 (94253 bytes; live heap 170072861)
certificate:879 (93447 bytes; live heap 170125445)
row-model:330 (152636 bytes; live heap 170241793)
certificate:880 (437 bytes; live heap 170119470)
row-model:331 (153299 bytes; live heap 170426389)
certificate:881 (149453 bytes; live heap 170598364)
certificate:882 (149133 bytes; live heap 170669166)
certificate:883 (98749 bytes; live heap 170598576)
certificate:884 (483 bytes; live heap 170473425)
certificate:885 (98507 bytes; live heap 170659402)
certificate:886 (149131 bytes; live heap 170852712)
certificate:887 (97916 bytes; live heap 170793946)
certificate:888 (93461 bytes; live heap 170853859)
certificate:889 (97849 bytes; live heap 188269667)
certificate:890 (93383 bytes; live heap 194229777)
certificate:891 (97889 bytes; live heap 197674188)
row-model:332 (153307 bytes; live heap 199906480)
certificate:892 (93602 bytes; live heap 200224117)
row-model:333 (155044 bytes; live heap 200192464)
certificate:893 (692 bytes; live heap 221358453)
certificate:894 (148540 bytes; live heap 224079581)
certificate:895 (149308 bytes; live heap 227318481)
certificate:896 (475 bytes; live heap 227719723)
certificate:897 (149125 bytes; live heap 229924136)
certificate:898 (149126 bytes; live heap 232883344)
certificate:899 (121999 bytes; live heap 236192712)
certificate:900 (476 bytes; live heap 236612926)
certificate:901 (98484 bytes; live heap 237841406)
certificate:902 (148496 bytes; live heap 260134274)
certificate:903 (97908 bytes; live heap 262161404)
row-model:334 (153311 bytes; live heap 266813862)
row-model:335 (153303 bytes; live heap 268095208)
row-model:336 (153307 bytes; live heap 268943013)
row-model:337 (153299 bytes; live heap 269716604)
certificate:904 (93461 bytes; live heap 285913867)
certificate:905 (155835 bytes; live heap 309598996)
certificate:906 (100461 bytes; live heap 310299830)
certificate:907 (97777 bytes; live heap 311266875)
certificate:908 (149125 bytes; live heap 332578368)
row-model:338 (91689 bytes; live heap 332806708)
row-model:339 (102036 bytes; live heap 333574569)
row-model:340 (153299 bytes; live heap 334731420)
certificate:909 (152517 bytes; live heap 335953933)
certificate:910 (98487 bytes; live heap 335843136)
certificate:911 (249052 bytes; live heap 327457091)
certificate:912 (102809 bytes; live heap 324239429)
certificate:913 (155945 bytes; live heap 316827893)
row-model:341 (153371 bytes; live heap 308529272)
row-model:342 (153299 bytes; live heap 307315681)
certificate:914 (93465 bytes; live heap 302380720)
certificate:915 (149125 bytes; live heap 301381045)
certificate:916 (97908 bytes; live heap 299871617)
certificate:917 (101342 bytes; live heap 290526361)
certificate:918 (97800 bytes; live heap 290437461)
certificate:919 (150086 bytes; live heap 288188775)
certificate:920 (93100 bytes; live heap 286340631)
row-model:343 (60119 bytes; live heap 273830689)
row-model:344 (153317 bytes; live heap 272552300)
row-model:345 (153307 bytes; live heap 271816012)
certificate:921 (148535 bytes; live heap 269494246)
certificate:922 (97906 bytes; live heap 268248060)
certificate:923 (476 bytes; live heap 267507669)
certificate:924 (93623 bytes; live heap 266602212)
certificate:925 (97906 bytes; live heap 264998992)
certificate:926 (149131 bytes; live heap 262902810)
certificate:927 (149134 bytes; live heap 261113020)
certificate:928 (97918 bytes; live heap 260257172)
certificate:929 (104296 bytes; live heap 258637642)
certificate:930 (93464 bytes; live heap 255115106)
certificate:931 (153941 bytes; live heap 254820474)
certificate:932 (154457 bytes; live heap 252756832)
certificate:933 (93462 bytes; live heap 252134792)
row-model:346 (1492704 bytes; live heap 247017920)
row-model:347 (153237 bytes; live heap 243251058)
row-model:348 (152369 bytes; live heap 241643574)
row-model:349 (153322 bytes; live heap 241338489)
certificate:934 (476 bytes; live heap 234302379)
certificate:935 (148567 bytes; live heap 233183093)
certificate:936 (97892 bytes; live heap 231327314)
certificate:937 (97900 bytes; live heap 215340145)
certificate:938 (102829 bytes; live heap 213444807)
certificate:939 (109682 bytes; live heap 212053363)
certificate:940 (248601 bytes; live heap 210496041)
certificate:941 (97913 bytes; live heap 208865062)
certificate:942 (356207 bytes; live heap 207708795)
row-model:350 (148925 bytes; live heap 207475107)
certificate:943 (149016 bytes; live heap 206358936)
row-model:351 (153301 bytes; live heap 206110179)
certificate:944 (102809 bytes; live heap 205686089)
certificate:945 (155977 bytes; live heap 191151654)
certificate:946 (96431 bytes; live heap 190745250)
certificate:947 (96690 bytes; live heap 190416213)
certificate:948 (97913 bytes; live heap 189093700)
certificate:949 (98501 bytes; live heap 189099892)
certificate:950 (475 bytes; live heap 188917334)
certificate:951 (16830 bytes; live heap 189131075)
certificate:952 (97895 bytes; live heap 189229803)
certificate:953 (154478 bytes; live heap 189341520)
certificate:954 (382 bytes; live heap 187754706)
certificate:955 (97996 bytes; live heap 187870675)
certificate:956 (447 bytes; live heap 187729735)
certificate:957 (463 bytes; live heap 187726409)
certificate:958 (93470 bytes; live heap 187851305)
certificate:959 (149111 bytes; live heap 187417865)
row-model:352 (153381 bytes; live heap 187430444)
row-model:353 (153299 bytes; live heap 187430586)
certificate:960 (149080 bytes; live heap 186373194)
certificate:961 (93462 bytes; live heap 186235340)
certificate:962 (149138 bytes; live heap 186205782)
certificate:963 (104296 bytes; live heap 186145794)
certificate:964 (98227 bytes; live heap 186006088)
certificate:965 (96405 bytes; live heap 185990705)
certificate:966 (971 bytes; live heap 185837887)
certificate:967 (97908 bytes; live heap 185969025)
row-model:354 (1492696 bytes; live heap 206335975)
row-model:355 (153374 bytes; live heap 201992169)
row-model:356 (155048 bytes; live heap 209212951)
row-model:357 (155084 bytes; live heap 210679113)
row-model:358 (161282 bytes; live heap 100081234)
row-model:359 (152649 bytes; live heap 95953986)
row-model:360 (153307 bytes; live heap 95022796)
row-model:361 (152763 bytes; live heap 94601707)
row-model:362 (152630 bytes; live heap 53261366)
core:639 (3424196 bytes; live heap 52245560)
row-model:363 (153226 bytes; live heap 27608377)
row-model:364 (153235 bytes; live heap 27046150)
row-model:365 (153307 bytes; live heap 26607603)
row-model:366 (138586 bytes; live heap 26492240)
row-model:367 (153359 bytes; live heap 26577524)
row-model:368 (163299 bytes; live heap 27095187)
row-model:369 (153299 bytes; live heap 65108095)
row-model:370 (153305 bytes; live heap 60367208)
core:640 (3276 bytes; live heap 34736431)
core:641 (1005 bytes; live heap 34977872)
core:642 (796 bytes; live heap 34696967)
core:643 (1938 bytes; live heap 34126770)
core:644 (1967 bytes; live heap 34059638)
core:645 (1229 bytes; live heap 34095576)
core:646 (2971 bytes; live heap 33189790)
core:647 (2954 bytes; live heap 31806390)
core:648 (2558 bytes; live heap 31726195)
core:649 (2357 bytes; live heap 30420280)
core:650 (2534 bytes; live heap 27975734)
core:651 (1452 bytes; live heap 27181806)
row-model:371 (1492696 bytes; live heap 17399735)
certificate:968 (2542804 bytes; live heap 16845590)
certificate:969 (148557 bytes; live heap 14120252)
certificate:970 (918 bytes; live heap 13890808)
certificate:971 (98320 bytes; live heap 16194612)
certificate:972 (462 bytes; live heap 16092411)
certificate:973 (104274 bytes; live heap 16331176)
certificate:974 (98517 bytes; live heap 19825229)
certificate:975 (97908 bytes; live heap 19957575)
certificate:976 (155954 bytes; live heap 19796234)
row-model:372 (153238 bytes; live heap 47441027)
row-model:373 (153308 bytes; live heap 51949859)
row-model:374 (161275 bytes; live heap 52866189)
core:652 (601041 bytes; live heap 98773539)
row-model:375 (152703 bytes; live heap 96860261)
core:653 (1010 bytes; live heap 96645908)
row-model:376 (153299 bytes; live heap 95588075)
core:654 (1433 bytes; live heap 95509830)
core:655 (387 bytes; live heap 95260555)
core:656 (1403 bytes; live heap 93403240)
core:657 (1229 bytes; live heap 92898866)
core:658 (1213 bytes; live heap 92711671)
core:659 (587 bytes; live heap 92558786)
core:660 (1483 bytes; live heap 92176870)
core:661 (1435 bytes; live heap 91651615)
core:662 (4017 bytes; live heap 89996230)
core:663 (602 bytes; live heap 89573267)
core:664 (1473 bytes; live heap 88954127)
core:665 (2947 bytes; live heap 87823940)
core:666 (6027 bytes; live heap 83469777)
core:667 (1325 bytes; live heap 83155429)
row-model:377 (152630 bytes; live heap 79500973)
row-model:378 (152640 bytes; live heap 63412529)
row-model:379 (85260 bytes; live heap 61450329)
row-model:380 (152651 bytes; live heap 57738656)
row-model:381 (155541 bytes; live heap 57284879)
row-model:382 (153311 bytes; live heap 56890510)
row-model:383 (153300 bytes; live heap 56820529)
core:668 (320407 bytes; live heap 51233524)
core:669 (5301 bytes; live heap 50732102)
core:670 (41505 bytes; live heap 52989131)
core:671 (1632 bytes; live heap 52968310)
core:672 (1913 bytes; live heap 53014840)
core:673 (1832 bytes; live heap 53053165)
core:674 (1095 bytes; live heap 53080818)
core:675 (5265 bytes; live heap 53119436)
core:676 (5263 bytes; live heap 53253041)
core:677 (5246 bytes; live heap 53317323)
core:678 (5255 bytes; live heap 57929514)
core:679 (408 bytes; live heap 58045151)
core:680 (387 bytes; live heap 58795574)
core:681 (1222 bytes; live heap 59431929)
core:682 (5362 bytes; live heap 63694092)
core:683 (2266 bytes; live heap 64646483)
core:684 (2535 bytes; live heap 65642627)
core:685 (1249 bytes; live heap 66716954)
core:686 (2274 bytes; live heap 68346126)
core:687 (5248 bytes; live heap 70480622)
core:688 (609 bytes; live heap 71164818)
core:689 (201993 bytes; live heap 72518187)
core:690 (1923 bytes; live heap 73590216)
core:691 (2942 bytes; live heap 74705315)
core:692 (1878 bytes; live heap 76379770)
core:693 (7652 bytes; live heap 78125064)
core:694 (1880 bytes; live heap 78955194)
core:695 (1252 bytes; live heap 80526848)
core:696 (195 bytes; live heap 80670050)
core:697 (390 bytes; live heap 81232538)
core:698 (597 bytes; live heap 81734238)
core:699 (1461 bytes; live heap 82289370)
core:700 (1944 bytes; live heap 82508941)
core:701 (558 bytes; live heap 82958500)
core:702 (1206 bytes; live heap 83436422)
core:703 (200597 bytes; live heap 84355573)
core:704 (11025 bytes; live heap 85683527)
core:705 (2151 bytes; live heap 87040255)
core:706 (1927 bytes; live heap 87946332)
core:707 (505 bytes; live heap 88305693)
core:708 (1225 bytes; live heap 88712499)
core:709 (223 bytes; live heap 88917854)
core:710 (2963 bytes; live heap 89970779)
core:711 (1922 bytes; live heap 90607959)
core:712 (1056 bytes; live heap 91838188)
core:713 (406 bytes; live heap 92096462)
core:714 (2266 bytes; live heap 92703959)
core:715 (1885 bytes; live heap 93852983)
core:716 (2557 bytes; live heap 93983915)
core:717 (1279 bytes; live heap 94391796)
core:718 (1422 bytes; live heap 94742761)
core:719 (1148 bytes; live heap 95870853)
core:720 (1223 bytes; live heap 96443053)
core:721 (1206 bytes; live heap 96668819)
core:722 (1201 bytes; live heap 96857518)
row-model:384 (153206 bytes; live heap 97236109)
core:723 (2262 bytes; live heap 97600098)
core:724 (831 bytes; live heap 97719191)
row-model:385 (294477 bytes; live heap 98493533)
row-model:386 (155061 bytes; live heap 98566212)
row-model:387 (153291 bytes; live heap 99230870)
core:725 (4029 bytes; live heap 99290875)
core:726 (201477 bytes; live heap 100381049)
row-model:388 (153153 bytes; live heap 100354284)
core:727 (200 bytes; live heap 100673079)
core:728 (2929 bytes; live heap 100859582)
core:729 (1462 bytes; live heap 101436092)
core:730 (2250 bytes; live heap 101352992)
core:731 (602 bytes; live heap 100818642)
core:732 (2266 bytes; live heap 99939361)
core:733 (4014 bytes; live heap 99646512)
core:734 (451 bytes; live heap 99289087)
core:735 (280987 bytes; live heap 92567588)
core:736 (634 bytes; live heap 92029804)
core:737 (1953 bytes; live heap 91554243)
core:738 (4014 bytes; live heap 90878210)
core:739 (2530 bytes; live heap 83997438)
core:740 (1498 bytes; live heap 83544297)
core:741 (2948 bytes; live heap 81577553)
core:742 (2920 bytes; live heap 80825914)
core:743 (2497 bytes; live heap 79114446)
core:744 (5433 bytes; live heap 77994389)
core:745 (201197 bytes; live heap 77647228)
core:746 (4023 bytes; live heap 76691624)
core:747 (5257 bytes; live heap 70551696)
core:748 (2433 bytes; live heap 69845430)
core:749 (4182 bytes; live heap 67758213)
core:750 (1467 bytes; live heap 66822925)
core:751 (2266 bytes; live heap 66302107)
core:752 (1267 bytes; live heap 66221797)
core:753 (1138 bytes; live heap 65521581)
core:754 (5307 bytes; live heap 65332169)
core:755 (2211 bytes; live heap 64250345)
core:756 (2712 bytes; live heap 63702600)
core:757 (969 bytes; live heap 63276129)
core:758 (4018 bytes; live heap 63215567)
core:759 (5270 bytes; live heap 63153806)
core:760 (2928 bytes; live heap 63039519)
core:761 (1452 bytes; live heap 62432594)
core:762 (1932 bytes; live heap 61784323)
core:763 (2497 bytes; live heap 61422405)
core:764 (320 bytes; live heap 61227087)
row-model:389 (153317 bytes; live heap 59526489)
row-model:390 (61104 bytes; live heap 58961384)
core:765 (5258 bytes; live heap 58853581)
core:766 (300 bytes; live heap 58733882)
core:767 (1964 bytes; live heap 57614945)
core:768 (391 bytes; live heap 57667038)
row-model:391 (153234 bytes; live heap 57991360)
core:769 (2961 bytes; live heap 58480450)
core:770 (554 bytes; live heap 58274894)
core:771 (202972 bytes; live heap 58480533)
core:772 (1980 bytes; live heap 58240221)
row-model:392 (151086 bytes; live heap 44663636)
row-model:393 (153229 bytes; live heap 44566538)
core:773 (500559 bytes; live heap 24344246)
core:774 (506 bytes; live heap 23571004)
core:775 (1148 bytes; live heap 23444592)
core:776 (34195 bytes; live heap 22537271)
row-model:394 (153244 bytes; live heap 19809306)
core:777 (4014 bytes; live heap 19239321)
row-model:395 (153311 bytes; live heap 18980455)
row-model:396 (153299 bytes; live heap 18665208)
core:778 (2535 bytes; live heap 18272477)
core:779 (1383 bytes; live heap 18040273)
core:780 (1860 bytes; live heap 17918454)
core:781 (528 bytes; live heap 17746664)
core:782 (2436 bytes; live heap 16987272)
core:783 (1433 bytes; live heap 16472297)
core:784 (2287 bytes; live heap 15879707)
core:785 (640 bytes; live heap 15355981)
core:786 (1897 bytes; live heap 14561336)
core:787 (2570 bytes; live heap 14423713)
core:788 (2953 bytes; live heap 13716979)
core:789 (1488 bytes; live heap 12872066)
core:790 (788 bytes; live heap 12699493)
core:791 (210597 bytes; live heap 12534335)
core:792 (601 bytes; live heap 10692162)
core:793 (2934 bytes; live heap 8501393)
core:794 (550 bytes; live heap 8867766)
core:795 (1921 bytes; live heap 9027459)
core:796 (1914 bytes; live heap 9832141)
core:797 (1817 bytes; live heap 10723059)
core:798 (387 bytes; live heap 10882559)
core:799 (1171 bytes; live heap 10944133)
core:800 (201148 bytes; live heap 11406364)
core:801 (1922 bytes; live heap 11648799)
core:802 (1004 bytes; live heap 12608260)
core:803 (2266 bytes; live heap 12734168)
core:804 (5679 bytes; live heap 15118101)
core:805 (1459 bytes; live heap 15792397)
core:806 (4014 bytes; live heap 17588396)
core:807 (62 bytes; live heap 17900623)
core:808 (4128 bytes; live heap 20629936)
core:809 (984 bytes; live heap 21087606)
core:810 (5251 bytes; live heap 22517217)
core:811 (4063 bytes; live heap 23362997)
core:812 (204060 bytes; live heap 24156866)
core:813 (1433 bytes; live heap 24135225)
core:814 (2941 bytes; live heap 24640520)
core:815 (1682 bytes; live heap 25027622)
core:816 (2542 bytes; live heap 25846559)
core:817 (387 bytes; live heap 25890633)
core:818 (311 bytes; live heap 25959795)
core:819 (1887 bytes; live heap 26513851)
core:820 (1521 bytes; live heap 26791366)
core:821 (616 bytes; live heap 27081335)
core:822 (1035 bytes; live heap 27353358)
core:823 (1693 bytes; live heap 27417715)
core:824 (1459 bytes; live heap 27499372)
core:825 (1930 bytes; live heap 28175493)
core:826 (1441 bytes; live heap 29277246)
core:827 (4198 bytes; live heap 32012736)
core:828 (11434 bytes; live heap 32588026)
core:829 (1462 bytes; live heap 33548568)
core:830 (1953 bytes; live heap 34801801)
core:831 (3016 bytes; live heap 36669328)
core:832 (4037 bytes; live heap 36849748)
core:833 (2526 bytes; live heap 38490084)
core:834 (8509 bytes; live heap 41551808)
core:835 (1435 bytes; live heap 41713791)
core:836 (985 bytes; live heap 42432555)
core:837 (4462 bytes; live heap 43820500)
row-model:397 (154840 bytes; live heap 65378918)
row-model:398 (153299 bytes; live heap 79816178)
certificate:977 (2591705 bytes; live heap 79461846)
row-model:399 (153299 bytes; live heap 92605084)
certificate:978 (149133 bytes; live heap 87733952)
certificate:979 (104334 bytes; live heap 87871742)
certificate:980 (93492 bytes; live heap 88498364)
certificate:981 (97893 bytes; live heap 88551295)
certificate:982 (478 bytes; live heap 88444877)
certificate:983 (448 bytes; live heap 88447934)
certificate:984 (113843 bytes; live heap 97057203)
certificate:985 (148433 bytes; live heap 97249278)
certificate:986 (113092 bytes; live heap 97189637)
certificate:987 (102787 bytes; live heap 97261111)
certificate:988 (148564 bytes; live heap 97603898)
certificate:989 (93478 bytes; live heap 97565066)
row-model:400 (151759 bytes; live heap 101261283)
row-model:401 (161291 bytes; live heap 153224210)
row-model:402 (153307 bytes; live heap 153717754)
row-model:403 (153302 bytes; live heap 154063595)
row-model:404 (153299 bytes; live heap 160186748)
row-model:405 (427128 bytes; live heap 191027178)
row-model:406 (12121 bytes; live heap 138644416)
row-model:407 (148463 bytes; live heap 138247361)
row-model:408 (153253 bytes; live heap 135782934)
row-model:409 (161270 bytes; live heap 134326262)
row-model:410 (153318 bytes; live heap 132512658)
row-model:411 (155040 bytes; live heap 131984582)
row-model:412 (161272 bytes; live heap 108876420)
row-model:413 (153307 bytes; live heap 117755470)
row-model:414 (153299 bytes; live heap 117782810)
row-model:415 (153299 bytes; live heap 83540699)
row-model:416 (153363 bytes; live heap 59774524)
certificate:990 (400447 bytes; live heap 43653220)
certificate:991 (146120 bytes; live heap 42852311)
certificate:992 (93461 bytes; live heap 42099016)
certificate:993 (443 bytes; live heap 36382284)
certificate:994 (98489 bytes; live heap 36428392)
row-model:417 (155070 bytes; live heap 22485194)
core:838 (2204008 bytes; live heap 13062715)
core:839 (1238 bytes; live heap 8906533)
core:840 (342 bytes; live heap 8913553)
core:841 (2535 bytes; live heap 8930834)
core:842 (1163 bytes; live heap 8939037)
core:843 (2931 bytes; live heap 8902251)
core:844 (11200 bytes; live heap 10056208)
core:845 (1885 bytes; live heap 10191573)
core:846 (2342 bytes; live heap 10200430)
core:847 (11851 bytes; live heap 10309081)
core:848 (2940 bytes; live heap 10341259)
core:849 (1351 bytes; live heap 10358420)
core:850 (2553 bytes; live heap 10385467)
core:851 (992 bytes; live heap 10399649)
core:852 (400 bytes; live heap 10398202)
core:853 (1433 bytes; live heap 10396709)
row-model:418 (155070 bytes; live heap 40959856)
core:854 (661257 bytes; live heap 13124175)
core:855 (1433 bytes; live heap 12011393)
core:856 (1496 bytes; live heap 11907465)
core:857 (350 bytes; live heap 11886406)
core:858 (1945 bytes; live heap 11867727)
core:859 (1851 bytes; live heap 11818949)
core:860 (1001 bytes; live heap 7571597)
core:861 (5249 bytes; live heap 7001381)
certificate:995 (448409 bytes; live heap 4643647)
core:862 (415 bytes; live heap 4613726)
core:863 (19287 bytes; live heap 4585922)
certificate:996 (149133 bytes; live heap 4439788)
core:864 (2567 bytes; live heap 4410049)
core:865 (1183 bytes; live heap 4429946)
core:866 (1473 bytes; live heap 4390832)
core:867 (2279 bytes; live heap 4499238)
certificate:997 (148549 bytes; live heap 4478304)
core:868 (1214 bytes; live heap 4529185)
core:869 (1921 bytes; live heap 4526188)
core:870 (327 bytes; live heap 4564884)
core:871 (3386 bytes; live heap 4587127)
core:872 (1521 bytes; live heap 4601766)
core:873 (1192 bytes; live heap 4610588)
core:874 (240569 bytes; live heap 5053010)
core:875 (1910 bytes; live heap 4887491)
core:876 (387 bytes; live heap 4890362)
certificate:998 (477 bytes; live heap 4389839)
certificate:999 (78 bytes; live heap 4412581)
core:877 (3049 bytes; live heap 4387957)
certificate: 1000 cases in 16.9241575s; 23 mutants accepted; slowest seed 98.29225ms; slowest case 352 261.774583ms; largest heap case 352 20215649 bytes
     117 invalid type: null, expected struct Bundle at line 1 column 
      89 proof library content hash mismatch
      36 legacy certificate cannot contain database evidence
      32 unsupported exact database maintenance semantics
      29 replace source update proof: logic argument count mismatch
      28 replace source update proof: unknown constructor
      24 invalid type: sequence, expected a string at line 1 column 1
      19 invalid type: sequence, expected a string at line 1 column 9
      15 unsupported proof library lock
       9 invalid value: integer `-1`, expected usize at line 1 column
       9 invalid value: integer `-3`, expected u32 at line 1 column 9
       9 tampered aggregate certificate
       9 unknown variant `-`, expected one of `Num`, `Float`, `Neg`, 
       8 control character (\u0000-\u001F) found while parsing a stri
       8 replace source update proof: unbound logic variable
       8 replace source update proof: unknown or undeclared logic ent
       7 invalid length 0, expected tuple variant Expr::Binary with 3
       7 invalid type: sequence, expected a string at line 1 column 3
       7 replace source update proof: logic argument type mismatch
       7 replace source update proof: logic transitivity middle diffe
       6 invalid value: integer `-4`, expected u32 at line 1 column 1
       5 incomplete exact integer semantic model
       5 insert source update proof: logic argument count mismatch
       5 invalid knowledge identity
       5 invalid type: map, expected a string at line 1 column 225
core:878 (1434 bytes; live heap 4298496)
core:879 (2496 bytes; live heap 4296111)
core:880 (26386 bytes; live heap 4184202)
core:881 (201876 bytes; live heap 3983595)
core:882 (968 bytes; live heap 2773352)
test fuzz_maintenance_certificates ... ok
core:883 (11484 bytes; live heap 2697755)
core:884 (2878 bytes; live heap 2695368)
core:885 (2285 bytes; live heap 2703921)
core:886 (1092 bytes; live heap 2701847)
core:887 (3750 bytes; live heap 2691115)
core:888 (1458 bytes; live heap 2689206)
core:889 (1872 bytes; live heap 2695501)
core:890 (998 bytes; live heap 2682588)
core:891 (1110 bytes; live heap 2701028)
core:892 (434 bytes; live heap 2684038)
core:893 (1247 bytes; live heap 2700550)
core:894 (3000 bytes; live heap 2708979)
row-model:419 (152999 bytes; live heap 3031807)
core:895 (161427 bytes; live heap 2800509)
core:896 (546 bytes; live heap 2543946)
core:897 (5265 bytes; live heap 2592119)
core:898 (1378 bytes; live heap 2581342)
core:899 (1228 bytes; live heap 2578268)
core:900 (3728 bytes; live heap 2525222)
core:901 (1445 bytes; live heap 2525823)
core:902 (219 bytes; live heap 2536966)
core:903 (2467 bytes; live heap 2549207)
core:904 (222 bytes; live heap 2564228)
core:905 (11876 bytes; live heap 2576068)
core:906 (1398 bytes; live heap 2526062)
core:907 (1207 bytes; live heap 2525998)
core:908 (2421 bytes; live heap 2539526)
core:909 (605 bytes; live heap 2667950)
core:910 (395 bytes; live heap 2667438)
core:911 (139 bytes; live heap 2667313)
core:912 (1075 bytes; live heap 2668894)
core:913 (1922 bytes; live heap 2669082)
core:914 (500 bytes; live heap 2561171)
core:915 (1279 bytes; live heap 2603009)
core:916 (1926 bytes; live heap 2604238)
core:917 (3817 bytes; live heap 2615756)
core:918 (1186 bytes; live heap 2612154)
core:919 (1881 bytes; live heap 2607767)
core:920 (1167 bytes; live heap 2613012)
core:921 (4101 bytes; live heap 2644512)
core:922 (1442 bytes; live heap 2639421)
core:923 (2237 bytes; live heap 2636880)
core:924 (856 bytes; live heap 2642234)
core:925 (4015 bytes; live heap 2658176)
core:926 (680 bytes; live heap 2650369)
core:927 (486 bytes; live heap 2654714)
core:928 (1441 bytes; live heap 2653355)
core:929 (616 bytes; live heap 2662935)
core:930 (1217 bytes; live heap 2648346)
core:931 (1058 bytes; live heap 2650442)
core:932 (1007 bytes; live heap 2629350)
core:933 (5272 bytes; live heap 2653493)
core:934 (1726 bytes; live heap 2654783)
core:935 (410 bytes; live heap 2650400)
core:936 (1179 bytes; live heap 2654892)
core:937 (1119 bytes; live heap 2657322)
core:938 (1199 bytes; live heap 2665455)
core:939 (1876 bytes; live heap 2658166)
core:940 (5247 bytes; live heap 2711370)
core:941 (2875 bytes; live heap 2701843)
core:942 (1441 bytes; live heap 2707743)
core:943 (597 bytes; live heap 2723070)
core:944 (1968 bytes; live heap 2729752)
core:945 (217201 bytes; live heap 2942619)
core:946 (1860 bytes; live heap 2372554)
core:947 (506 bytes; live heap 2235715)
row-model:420 (153299 bytes; live heap 2292679)
core:948 (985 bytes; live heap 2257699)
core:949 (2826 bytes; live heap 2374918)
core:950 (1215 bytes; live heap 2411397)
core:951 (1921 bytes; live heap 2449950)
core:952 (401180 bytes; live heap 3083555)
core:953 (627 bytes; live heap 2529794)
core:954 (2864 bytes; live heap 2673490)
core:955 (202596 bytes; live heap 2871990)
core:956 (1922 bytes; live heap 2616800)
core:957 (5970 bytes; live heap 2612129)
core:958 (10622 bytes; live heap 2639572)
core:959 (1921 bytes; live heap 2618687)
core:960 (575 bytes; live heap 2638782)
core:961 (5225 bytes; live heap 2650042)
core:962 (1489 bytes; live heap 2652663)
core:963 (588 bytes; live heap 2617518)
core:964 (67158 bytes; live heap 2787235)
core:965 (4015 bytes; live heap 2656660)
core:966 (400529 bytes; live heap 3097460)
core:967 (1926 bytes; live heap 2739636)
core:968 (1347 bytes; live heap 2747026)
core:969 (2122 bytes; live heap 2681555)
core:970 (1151 bytes; live heap 2702004)
core:971 (576 bytes; live heap 2695332)
core:972 (984 bytes; live heap 2721477)
row-model:421 (153299 bytes; live heap 12597507)
row-model:422 (155047 bytes; live heap 69628493)
row-model:423 (153299 bytes; live heap 7876376)
core:973 (1301844 bytes; live heap 4393960)
core:974 (613 bytes; live heap 2410683)
core:975 (1248 bytes; live heap 2430330)
core:976 (389 bytes; live heap 2450708)
core:977 (2854 bytes; live heap 2457806)
core:978 (1176 bytes; live heap 2460516)
core:979 (909 bytes; live heap 2460838)
core:980 (997 bytes; live heap 2454890)
core:981 (991 bytes; live heap 2456096)
core:982 (1433 bytes; live heap 2466024)
core:983 (2260 bytes; live heap 2480293)
core:984 (1985 bytes; live heap 2484840)
core:985 (984 bytes; live heap 2495385)
core:986 (1399 bytes; live heap 2465622)
core:987 (1831 bytes; live heap 2484635)
core:988 (51508 bytes; live heap 2564900)
core:989 (511 bytes; live heap 2572779)
core:990 (197 bytes; live heap 2575320)
core:991 (2293 bytes; live heap 2584339)
core:992 (2532 bytes; live heap 2590815)
core:993 (2998 bytes; live heap 2532993)
core:994 (550 bytes; live heap 2543451)
core:995 (2515 bytes; live heap 2549369)
core:996 (1464 bytes; live heap 2534157)
row-model:424 (153299 bytes; live heap 35666893)
row-model:425 (153318 bytes; live heap 77472318)
row-model:426 (153299 bytes; live heap 77472318)
row-model:427 (153296 bytes; live heap 50239508)
row-model:428 (153326 bytes; live heap 49273219)
row-model:429 (153333 bytes; live heap 48543658)
row-model:430 (1492704 bytes; live heap 24720093)
row-model:431 (155047 bytes; live heap 17055649)
row-model:432 (153319 bytes; live heap 14205470)
core:997 (2602511 bytes; live heap 6661817)
core:998 (127 bytes; live heap 2497545)
core:999 (637 bytes; live heap 2500100)
core: 1000 cases in 17.363497666s; 62 mutants accepted; slowest seed 13.701042ms; slowest case 131 307.46975ms; largest heap case 639 19512378 bytes
      96 invalid core module: invalid type: map, expected a string at
      81 invalid core module: invalid type: sequence, expected a stri
      78 incompatible executable core semantics
      34 invalid core module: invalid type: map, expected a sequence 
      21 invalid core module: invalid type: map, expected tuple varia
      16 invalid core module: EOF while parsing a string at line 1 co
      15 invalid core module: invalid value: integer `-1`, expected u
      13 invalid core module: invalid unicode code point at line 1 co
      12 invalid core module: invalid length 0, expected tuple varian
       8 invalid core module: invalid length 0, expected a tuple of s
       7 invalid core module: invalid length 1, expected a tuple of s
       6 invalid core module: invalid length 2, expected tuple varian
       6 invalid core module: invalid type: map, expected a tuple of 
       5 invalid core module: EOF while parsing a list at line 1 colu
       5 invalid core module: invalid type: boolean `false`, expected
       5 invalid core module: key must be a string at line 1 column 1
       4 invalid core module: invalid length 1, expected tuple varian
       4 invalid core module: invalid type: sequence, expected a map 
       4 invalid core module: invalid value: integer `184467440737095
       4 invalid core module: unknown field `Binary`, expected one of
       4 invalid core module: unknown variant `scale`, expected one o
       4 unbound name x
       3 executable core structural budget exceeded
       3 invalid core module: EOF while parsing a value at line 1 col
       3 invalid core module: EOF while parsing an object at line 1 c
test fuzz_core_modules ... ok
row-model:433 (155065 bytes; live heap 1312008)
row-model:434 (153237 bytes; live heap 1264058)
row-model:435 (153299 bytes; live heap 1264058)
row-model:436 (153299 bytes; live heap 1264058)
row-model:437 (153299 bytes; live heap 1264058)
row-model:438 (153235 bytes; live heap 1264154)
row-model:439 (152668 bytes; live heap 1264154)
row-model:440 (165047 bytes; live heap 1312164)
row-model:441 (153300 bytes; live heap 1264214)
row-model:442 (153700 bytes; live heap 1264310)
row-model:443 (153300 bytes; live heap 1264310)
row-model:444 (153278 bytes; live heap 1264310)
row-model:445 (155452 bytes; live heap 1264310)
row-model:446 (153310 bytes; live heap 1264310)
row-model:447 (153201 bytes; live heap 1264310)
row-model:448 (153300 bytes; live heap 1264406)
row-model:449 (155047 bytes; live heap 1157309)
row-model:450 (427128 bytes; live heap 1526550)
row-model:451 (165047 bytes; live heap 1312356)
row-model:452 (153307 bytes; live heap 1264406)
row-model:453 (153290 bytes; live heap 1264406)
row-model:454 (153256 bytes; live heap 1264484)
row-model:455 (161273 bytes; live heap 1264484)
row-model:456 (155070 bytes; live heap 1312498)
row-model:457 (153447 bytes; live heap 1264548)
row-model:458 (153299 bytes; live heap 1264548)
row-model:459 (153299 bytes; live heap 1264548)
row-model:460 (355047 bytes; live heap 1357451)
row-model:461 (153333 bytes; live heap 1264548)
row-model:462 (152180 bytes; live heap 1264548)
row-model:463 (153299 bytes; live heap 1264548)
row-model:464 (91461 bytes; live heap 1157451)
row-model:465 (153309 bytes; live heap 1201112)
row-model:466 (150501 bytes; live heap 1264600)
row-model:467 (153299 bytes; live heap 1264678)
row-model:468 (155070 bytes; live heap 1312628)
row-model:469 (152415 bytes; live heap 1264678)
row-model:470 (353299 bytes; live heap 1404364)
row-model:471 (152830 bytes; live heap 1265110)
row-model:472 (153299 bytes; live heap 1265110)
row-model:473 (153303 bytes; live heap 1265110)
row-model:474 (155087 bytes; live heap 1313128)
row-model:475 (153316 bytes; live heap 1265178)
row-model:476 (155047 bytes; live heap 1158081)
row-model:477 (1492696 bytes; live heap 3100238)
row-model:478 (153299 bytes; live heap 1265230)
row-model:479 (2272586 bytes; live heap 5197390)
row-model:480 (153299 bytes; live heap 1265230)
row-model:481 (153098 bytes; live heap 1265230)
row-model:482 (153950 bytes; live heap 1265230)
row-model:483 (153299 bytes; live heap 1265230)
row-model:484 (153308 bytes; live heap 1265230)
row-model:485 (223203 bytes; live heap 1265230)
row-model:486 (155070 bytes; live heap 1313180)
row-model:487 (153299 bytes; live heap 1265230)
row-model:488 (153312 bytes; live heap 1265230)
row-model:489 (141293 bytes; live heap 1265230)
row-model:490 (153299 bytes; live heap 1265230)
row-model:491 (294477 bytes; live heap 1527374)
row-model:492 (153299 bytes; live heap 1265230)
row-model:493 (153299 bytes; live heap 1265290)
row-model:494 (155047 bytes; live heap 1158193)
row-model:495 (152630 bytes; live heap 1265290)
row-model:496 (422907 bytes; live heap 1527434)
row-model:497 (155070 bytes; live heap 1313240)
row-model:498 (427143 bytes; live heap 1527434)
row-model:499 (155049 bytes; live heap 1313688)
row-model:500 (150274 bytes; live heap 1202302)
row-model:501 (153328 bytes; live heap 1265886)
row-model:502 (153308 bytes; live heap 1265886)
row-model:503 (153299 bytes; live heap 1265886)
row-model:504 (154398 bytes; live heap 1265886)
row-model:505 (152630 bytes; live heap 1265946)
row-model:506 (153369 bytes; live heap 1265946)
row-model:507 (152630 bytes; live heap 1265946)
row-model:508 (153294 bytes; live heap 1265946)
row-model:509 (161272 bytes; live heap 1266024)
row-model:510 (153424 bytes; live heap 1266024)
row-model:511 (153235 bytes; live heap 1266024)
row-model:512 (153299 bytes; live heap 1266084)
row-model:513 (155042 bytes; live heap 1158987)
row-model:514 (153316 bytes; live heap 1266084)
row-model:515 (153299 bytes; live heap 1266084)
row-model:516 (155086 bytes; live heap 1314034)
row-model:517 (153299 bytes; live heap 1266084)
row-model:518 (113095 bytes; live heap 1158987)
row-model:519 (2214154 bytes; live heap 5198296)
row-model:520 (153235 bytes; live heap 1266136)
row-model:521 (1493362 bytes; live heap 3101144)
row-model:522 (153300 bytes; live heap 1266136)
row-model:523 (155070 bytes; live heap 1314086)
row-model:524 (153299 bytes; live heap 1266136)
row-model:525 (153386 bytes; live heap 1266136)
row-model:526 (155070 bytes; live heap 1314142)
row-model:527 (151100 bytes; live heap 1266192)
row-model:528 (151199 bytes; live heap 1266288)
row-model:529 (153300 bytes; live heap 1266288)
row-model:530 (153175 bytes; live heap 1266288)
row-model:531 (152217 bytes; live heap 1266288)
row-model:532 (2214152 bytes; live heap 5198448)
row-model:533 (153291 bytes; live heap 1266288)
row-model:534 (153299 bytes; live heap 1266288)
row-model:535 (158560 bytes; live heap 1202800)
row-model:536 (153299 bytes; live heap 1266288)
row-model:537 (112416 bytes; live heap 1266288)
row-model:538 (153360 bytes; live heap 1266340)
row-model:539 (153307 bytes; live heap 1266340)
row-model:540 (153299 bytes; live heap 1266340)
row-model:541 (152897 bytes; live heap 1266340)
row-model:542 (153302 bytes; live heap 1266340)
row-model:543 (153243 bytes; live heap 1266396)
row-model:544 (153287 bytes; live heap 1266396)
row-model:545 (153234 bytes; live heap 1266474)
row-model:546 (152694 bytes; live heap 1266474)
row-model:547 (153290 bytes; live heap 1266538)
row-model:548 (156329 bytes; live heap 1266538)
row-model:549 (155102 bytes; live heap 1314916)
row-model:550 (219652 bytes; live heap 1266966)
row-model:551 (155070 bytes; live heap 1314916)
row-model:552 (153296 bytes; live heap 1266966)
row-model:553 (155047 bytes; live heap 1160297)
row-model:554 (153323 bytes; live heap 1267394)
row-model:555 (165070 bytes; live heap 1315408)
row-model:556 (8400 bytes; live heap 1160401)
row-model:557 (155070 bytes; live heap 1315496)
row-model:558 (427128 bytes; live heap 1529690)
row-model:559 (153307 bytes; live heap 1267546)
row-model:560 (153299 bytes; live heap 1267546)
row-model:561 (153330 bytes; live heap 1267546)
row-model:562 (153327 bytes; live heap 1267546)
row-model:563 (153299 bytes; live heap 1267546)
row-model:564 (153368 bytes; live heap 1267546)
row-model:565 (353299 bytes; live heap 1406130)
row-model:566 (155092 bytes; live heap 1315496)
row-model:567 (155070 bytes; live heap 1315496)
row-model:568 (153284 bytes; live heap 1267546)
row-model:569 (153307 bytes; live heap 1267546)
row-model:570 (219621 bytes; live heap 1267546)
row-model:571 (2214152 bytes; live heap 5199770)
row-model:572 (155047 bytes; live heap 1160513)
row-model:573 (153314 bytes; live heap 1267654)
row-model:574 (153324 bytes; live heap 1267654)
row-model:575 (153313 bytes; live heap 1204234)
row-model:576 (153368 bytes; live heap 1267722)
row-model:577 (153297 bytes; live heap 1267722)
row-model:578 (153300 bytes; live heap 1267754)
row-model:579 (153020 bytes; live heap 1267814)
row-model:580 (155087 bytes; live heap 1315824)
row-model:581 (152631 bytes; live heap 1267874)
row-model:582 (153246 bytes; live heap 1267874)
row-model:583 (155047 bytes; live heap 1160777)
row-model:584 (148409 bytes; live heap 1267874)
row-model:585 (153238 bytes; live heap 1267874)
row-model:586 (163292 bytes; live heap 1191634)
row-model:587 (155037 bytes; live heap 1160837)
row-model:588 (153237 bytes; live heap 1267934)
row-model:589 (153308 bytes; live heap 1267934)
row-model:590 (153307 bytes; live heap 1267934)
row-model:591 (153302 bytes; live heap 1267934)
row-model:592 (153240 bytes; live heap 1267998)
row-model:593 (153929 bytes; live heap 1267998)
row-model:594 (153304 bytes; live heap 1267998)
row-model:595 (153106 bytes; live heap 1267998)
row-model:596 (153326 bytes; live heap 1267998)
row-model:597 (59305 bytes; live heap 1161013)
row-model:598 (152565 bytes; live heap 1268162)
row-model:599 (153366 bytes; live heap 1268162)
row-model:600 (155047 bytes; live heap 1161065)
row-model:601 (153307 bytes; live heap 1268162)
row-model:602 (153340 bytes; live heap 1268162)
row-model:603 (153330 bytes; live heap 1268234)
row-model:604 (153360 bytes; live heap 1268234)
row-model:605 (153165 bytes; live heap 1268234)
row-model:606 (153299 bytes; live heap 1268234)
row-model:607 (153252 bytes; live heap 1268234)
row-model:608 (153229 bytes; live heap 1268234)
row-model:609 (155047 bytes; live heap 1161137)
row-model:610 (153238 bytes; live heap 1268234)
row-model:611 (153299 bytes; live heap 1268234)
row-model:612 (153322 bytes; live heap 1268234)
row-model:613 (219629 bytes; live heap 1268234)
row-model:614 (153309 bytes; live heap 1268234)
row-model:615 (153301 bytes; live heap 1268234)
row-model:616 (153309 bytes; live heap 1268234)
row-model:617 (161272 bytes; live heap 1268234)
row-model:618 (182253 bytes; live heap 1268234)
row-model:619 (153225 bytes; live heap 1268290)
row-model:620 (153299 bytes; live heap 1268694)
row-model:621 (153582 bytes; live heap 1223126)
row-model:622 (104587 bytes; live heap 1161597)
row-model:623 (155767 bytes; live heap 1205626)
row-model:624 (153299 bytes; live heap 1269114)
row-model:625 (153300 bytes; live heap 1269114)
row-model:626 (153227 bytes; live heap 1269114)
row-model:627 (153196 bytes; live heap 1269114)
row-model:628 (355043 bytes; live heap 1362053)
row-model:629 (165047 bytes; live heap 1317140)
row-model:630 (153184 bytes; live heap 1205702)
row-model:631 (165047 bytes; live heap 1317212)
row-model:632 (155041 bytes; live heap 1162165)
row-model:633 (155047 bytes; live heap 1162165)
row-model:634 (152631 bytes; live heap 1269310)
row-model:635 (153301 bytes; live heap 1269310)
row-model:636 (155048 bytes; live heap 1317260)
row-model:637 (153256 bytes; live heap 1269310)
row-model:638 (355049 bytes; live heap 1718196)
row-model:639 (124005 bytes; live heap 1163189)
row-model:640 (153299 bytes; live heap 1270338)
row-model:641 (153316 bytes; live heap 1270338)
row-model:642 (153299 bytes; live heap 1270338)
row-model:643 (153322 bytes; live heap 1270338)
row-model:644 (153307 bytes; live heap 1270398)
row-model:645 (155047 bytes; live heap 1163361)
row-model:646 (153301 bytes; live heap 1270458)
row-model:647 (153360 bytes; live heap 1270458)
row-model:648 (153237 bytes; live heap 1270458)
row-model:649 (153829 bytes; live heap 1270458)
row-model:650 (153360 bytes; live heap 1270458)
row-model:651 (353322 bytes; live heap 1411566)
row-model:652 (153316 bytes; live heap 1270458)
row-model:653 (155107 bytes; live heap 1318444)
row-model:654 (153290 bytes; live heap 1270494)
row-model:655 (219629 bytes; live heap 1270494)
row-model:656 (143948 bytes; live heap 1163397)
row-model:657 (153299 bytes; live heap 1270546)
row-model:658 (161280 bytes; live heap 1270546)
row-model:659 (153368 bytes; live heap 1270546)
row-model:660 (153231 bytes; live heap 1270546)
row-model:661 (153596 bytes; live heap 1270642)
row-model:662 (153297 bytes; live heap 1270702)
row-model:663 (153310 bytes; live heap 1270702)
row-model:664 (153299 bytes; live heap 1270762)
row-model:665 (155048 bytes; live heap 1318712)
row-model:666 (153309 bytes; live heap 1270762)
row-model:667 (155031 bytes; live heap 1163665)
row-model:668 (153363 bytes; live heap 1270806)
row-model:669 (153366 bytes; live heap 1270806)
row-model:670 (427128 bytes; live heap 1532950)
row-model:671 (1488475 bytes; live heap 3105814)
row-model:672 (153225 bytes; live heap 1270806)
row-model:673 (153300 bytes; live heap 1270842)
row-model:674 (152639 bytes; live heap 1270842)
row-model:675 (153299 bytes; live heap 1270898)
row-model:676 (152630 bytes; live heap 1270958)
row-model:677 (153299 bytes; live heap 1270958)
row-model:678 (150527 bytes; live heap 1270958)
row-model:679 (153323 bytes; live heap 1270958)
row-model:680 (150043 bytes; live heap 1207566)
row-model:681 (153321 bytes; live heap 1271090)
row-model:682 (153366 bytes; live heap 1271090)
row-model:683 (153299 bytes; live heap 1271090)
row-model:684 (155070 bytes; live heap 1319040)
row-model:685 (153911 bytes; live heap 1271090)
row-model:686 (153307 bytes; live heap 1271090)
row-model:687 (79797 bytes; live heap 1271090)
row-model:688 (153308 bytes; live heap 1271150)
row-model:689 (153302 bytes; live heap 1271210)
row-model:690 (153299 bytes; live heap 1271210)
row-model:691 (153369 bytes; live heap 1271210)
row-model:692 (34632 bytes; live heap 1164113)
row-model:693 (155307 bytes; live heap 1319212)
row-model:694 (153099 bytes; live heap 1271262)
row-model:695 (153318 bytes; live heap 1271298)
row-model:696 (153110 bytes; live heap 1164201)
row-model:697 (153301 bytes; live heap 1271350)
row-model:698 (153299 bytes; live heap 1271350)
row-model:699 (153240 bytes; live heap 1271350)
row-model:700 (153232 bytes; live heap 1271350)
row-model:701 (153307 bytes; live heap 1271350)
row-model:702 (155070 bytes; live heap 1319300)
row-model:703 (1492696 bytes; live heap 3106358)
row-model:704 (153288 bytes; live heap 1271350)
row-model:705 (153299 bytes; live heap 1271350)
row-model:706 (153350 bytes; live heap 1271350)
row-model:707 (2414152 bytes; live heap 5203574)
row-model:708 (151473 bytes; live heap 1271414)
row-model:709 (153299 bytes; live heap 1271474)
row-model:710 (153299 bytes; live heap 1271474)
row-model:711 (153367 bytes; live heap 1271474)
row-model:712 (106724 bytes; live heap 1164377)
row-model:713 (153299 bytes; live heap 1271526)
row-model:714 (155039 bytes; live heap 1164429)
row-model:715 (153300 bytes; live heap 1271578)
row-model:716 (155136 bytes; live heap 1319528)
row-model:717 (153299 bytes; live heap 1271614)
row-model:718 (153299 bytes; live heap 1271614)
row-model:719 (153935 bytes; live heap 1271614)
row-model:720 (2214163 bytes; live heap 4187966)
row-model:721 (153235 bytes; live heap 1271686)
row-model:722 (153416 bytes; live heap 1271686)
row-model:723 (153312 bytes; live heap 1271686)
row-model:724 (152630 bytes; live heap 1271686)
row-model:725 (155047 bytes; live heap 1164653)
row-model:726 (155048 bytes; live heap 1319752)
row-model:727 (153302 bytes; live heap 1271802)
row-model:728 (153311 bytes; live heap 1271802)
row-model:729 (153308 bytes; live heap 1271802)
row-model:730 (151177 bytes; live heap 1271802)
row-model:731 (155047 bytes; live heap 1164765)
row-model:732 (153237 bytes; live heap 1271862)
row-model:733 (153255 bytes; live heap 1271922)
row-model:734 (355047 bytes; live heap 1364825)
row-model:735 (152964 bytes; live heap 1271922)
row-model:736 (153309 bytes; live heap 1271922)
row-model:737 (155048 bytes; live heap 1319872)
row-model:738 (155070 bytes; live heap 1319872)
row-model:739 (153559 bytes; live heap 1271922)
row-model:740 (153299 bytes; live heap 1271922)
row-model:741 (153357 bytes; live heap 1271922)
row-model:742 (2214175 bytes; live heap 5204192)
row-model:743 (153290 bytes; live heap 1272032)
row-model:744 (153322 bytes; live heap 1272032)
row-model:745 (155047 bytes; live heap 1164935)
row-model:746 (155045 bytes; live heap 1164935)
row-model:747 (422994 bytes; live heap 1804512)
row-model:748 (155048 bytes; live heap 1320058)
row-model:749 (155483 bytes; live heap 1272108)
row-model:750 (155048 bytes; live heap 1320058)
row-model:751 (153299 bytes; live heap 1272144)
row-model:752 (153226 bytes; live heap 1272144)
row-model:753 (153290 bytes; live heap 1272180)
row-model:754 (153309 bytes; live heap 1272180)
row-model:755 (153359 bytes; live heap 1272180)
row-model:756 (153369 bytes; live heap 1272628)
row-model:757 (153322 bytes; live heap 1272628)
row-model:758 (153222 bytes; live heap 1272628)
row-model:759 (153316 bytes; live heap 1272628)
row-model:760 (652070 bytes; live heap 1805168)
row-model:761 (154972 bytes; live heap 1272724)
row-model:762 (153299 bytes; live heap 1272724)
row-model:763 (157053 bytes; live heap 1272724)
row-model:764 (153353 bytes; live heap 1272724)
row-model:765 (153299 bytes; live heap 1272724)
row-model:766 (1492696 bytes; live heap 3107732)
row-model:767 (2214153 bytes; live heap 5204884)
row-model:768 (153232 bytes; live heap 1272792)
row-model:769 (153360 bytes; live heap 1272792)
row-model:770 (153299 bytes; live heap 1272792)
row-model:771 (153373 bytes; live heap 1209304)
row-model:772 (153299 bytes; live heap 1272828)
row-model:773 (153244 bytes; live heap 1272924)
row-model:774 (153307 bytes; live heap 1273032)
row-model:775 (153330 bytes; live heap 1273032)
row-model:776 (153299 bytes; live heap 1273032)
row-model:777 (153307 bytes; live heap 1273032)
row-model:778 (99240 bytes; live heap 1165935)
row-model:779 (155047 bytes; live heap 1165987)
row-model:780 (153895 bytes; live heap 1273084)
row-model:781 (355047 bytes; live heap 1366023)
row-model:782 (155029 bytes; live heap 1321070)
row-model:783 (155061 bytes; live heap 1321070)
row-model:784 (161272 bytes; live heap 1273120)
row-model:785 (153299 bytes; live heap 1273120)
row-model:786 (153308 bytes; live heap 1273120)
row-model:787 (153317 bytes; live heap 1273120)
row-model:788 (153302 bytes; live heap 1273200)
row-model:789 (153222 bytes; live heap 1273272)
row-model:790 (153312 bytes; live heap 1273350)
row-model:791 (153442 bytes; live heap 1209958)
row-model:792 (153300 bytes; live heap 1274314)
row-model:793 (155048 bytes; live heap 1322264)
row-model:794 (155077 bytes; live heap 1322672)
row-model:795 (153435 bytes; live heap 1274722)
row-model:796 (150530 bytes; live heap 1274722)
row-model:797 (155047 bytes; live heap 1167665)
row-model:798 (152046 bytes; live heap 1274810)
row-model:799 (153299 bytes; live heap 1274810)
row-model:800 (153299 bytes; live heap 1274810)
row-model:801 (153350 bytes; live heap 1274810)
row-model:802 (153304 bytes; live heap 1274810)
row-model:803 (155053 bytes; live heap 1322760)
row-model:804 (422935 bytes; live heap 1807290)
row-model:805 (153309 bytes; live heap 1274810)
row-model:806 (155070 bytes; live heap 1322760)
row-model:807 (153258 bytes; live heap 1274810)
row-model:808 (153299 bytes; live heap 1274888)
row-model:809 (153285 bytes; live heap 1274888)
row-model:810 (153299 bytes; live heap 1274888)
row-model:811 (7642 bytes; live heap 1167791)
row-model:812 (153242 bytes; live heap 1275304)
row-model:813 (212653 bytes; live heap 1606468)
row-model:814 (155061 bytes; live heap 1323306)
row-model:815 (149248 bytes; live heap 1275396)
row-model:816 (153290 bytes; live heap 1275396)
row-model:817 (153314 bytes; live heap 1275396)
row-model:818 (149669 bytes; live heap 1275396)
row-model:819 (153560 bytes; live heap 1275480)
row-model:820 (153308 bytes; live heap 1275480)
row-model:821 (155051 bytes; live heap 1323894)
row-model:822 (153307 bytes; live heap 1275944)
row-model:823 (155053 bytes; live heap 1323894)
row-model:824 (153231 bytes; live heap 1275944)
row-model:825 (153315 bytes; live heap 1275944)
row-model:826 (153397 bytes; live heap 1275944)
row-model:827 (155453 bytes; live heap 1276004)
row-model:828 (165070 bytes; live heap 1324014)
row-model:829 (153298 bytes; live heap 1276064)
row-model:830 (153309 bytes; live heap 1213004)
row-model:831 (155046 bytes; live heap 1169395)
row-model:832 (163345 bytes; live heap 1200732)
row-model:833 (153328 bytes; live heap 1276492)
row-model:834 (153177 bytes; live heap 1276492)
row-model:835 (153307 bytes; live heap 1276492)
row-model:836 (153308 bytes; live heap 1276492)
row-model:837 (155532 bytes; live heap 1276492)
row-model:838 (153374 bytes; live heap 1276492)
row-model:839 (152904 bytes; live heap 1276492)
row-model:840 (153359 bytes; live heap 1276544)
row-model:841 (153366 bytes; live heap 1276622)
row-model:842 (153322 bytes; live heap 1276622)
row-model:843 (153309 bytes; live heap 1276622)
row-model:844 (153174 bytes; live heap 1276622)
row-model:845 (151868 bytes; live heap 1276682)
row-model:846 (163300 bytes; live heap 1201802)
row-model:847 (74235 bytes; live heap 1169585)
row-model:848 (427128 bytes; live heap 1538878)
row-model:849 (219629 bytes; live heap 1276734)
row-model:850 (1492696 bytes; live heap 3111742)
row-model:851 (155307 bytes; live heap 1324684)
row-model:852 (153324 bytes; live heap 1213246)
row-model:853 (153299 bytes; live heap 1276802)
row-model:854 (155069 bytes; live heap 1324752)
row-model:855 (153299 bytes; live heap 1276846)
row-model:856 (163358 bytes; live heap 1201294)
row-model:857 (153307 bytes; live heap 1276846)
row-model:858 (155047 bytes; live heap 1169749)
row-model:859 (155033 bytes; live heap 1170169)
row-model:860 (155048 bytes; live heap 1325216)
row-model:861 (153293 bytes; live heap 1277266)
row-model:862 (155458 bytes; live heap 1277266)
row-model:863 (1492632 bytes; live heap 3112274)
row-model:864 (124701 bytes; live heap 1170169)
row-model:865 (152174 bytes; live heap 1277318)
row-model:866 (153387 bytes; live heap 1277318)
row-model:867 (1492696 bytes; live heap 3112326)
row-model:868 (155037 bytes; live heap 1170221)
row-model:869 (153296 bytes; live heap 1277318)
row-model:870 (153307 bytes; live heap 1277318)
row-model:871 (153230 bytes; live heap 1277318)
row-model:872 (158969 bytes; live heap 1277354)
row-model:873 (153304 bytes; live heap 1277354)
row-model:874 (153299 bytes; live heap 1277430)
row-model:875 (153299 bytes; live heap 1277430)
row-model:876 (153270 bytes; live heap 1277430)
row-model:877 (156033 bytes; live heap 1241334)
row-model:878 (155105 bytes; live heap 1277430)
row-model:879 (1492696 bytes; live heap 3112438)
row-model:880 (152628 bytes; live heap 1277430)
row-model:881 (152674 bytes; live heap 1277430)
row-model:882 (153322 bytes; live heap 1277430)
row-model:883 (153302 bytes; live heap 1277430)
row-model:884 (155047 bytes; live heap 1170333)
row-model:885 (353300 bytes; live heap 1539574)
row-model:886 (153299 bytes; live heap 1277430)
row-model:887 (153257 bytes; live heap 1277430)
row-model:888 (153297 bytes; live heap 1277430)
row-model:889 (153360 bytes; live heap 1277430)
row-model:890 (2214152 bytes; live heap 5209590)
row-model:891 (153354 bytes; live heap 1277430)
row-model:892 (427128 bytes; live heap 1540002)
row-model:893 (153299 bytes; live heap 1277858)
row-model:894 (153299 bytes; live heap 1277858)
row-model:895 (153299 bytes; live heap 1277858)
row-model:896 (153232 bytes; live heap 1277858)
row-model:897 (153302 bytes; live heap 1277858)
row-model:898 (155047 bytes; live heap 1170761)
row-model:899 (153318 bytes; live heap 1277858)
row-model:900 (43199 bytes; live heap 1170761)
row-model:901 (153251 bytes; live heap 1277910)
row-model:902 (163307 bytes; live heap 1203634)
row-model:903 (151757 bytes; live heap 1277970)
row-model:904 (155047 bytes; live heap 1170873)
row-model:905 (152703 bytes; live heap 1277970)
row-model:906 (153299 bytes; live heap 1277970)
row-model:907 (1492702 bytes; live heap 3112978)
row-model:908 (153232 bytes; live heap 1277970)
row-model:909 (152631 bytes; live heap 1277970)
row-model:910 (153270 bytes; live heap 1277970)
row-model:911 (154183 bytes; live heap 1278070)
row-model:912 (153300 bytes; live heap 1278070)
row-model:913 (155484 bytes; live heap 1278070)
row-model:914 (153307 bytes; live heap 1278070)
row-model:915 (153267 bytes; live heap 1278070)
row-model:916 (94491 bytes; live heap 1170973)
row-model:917 (355047 bytes; live heap 1371025)
row-model:918 (153308 bytes; live heap 1278122)
row-model:919 (153337 bytes; live heap 1278122)
row-model:920 (153263 bytes; live heap 1278122)
row-model:921 (153373 bytes; live heap 1278122)
row-model:922 (153360 bytes; live heap 1278178)
row-model:923 (153318 bytes; live heap 1214690)
row-model:924 (153369 bytes; live heap 1278254)
row-model:925 (149816 bytes; live heap 1278254)
row-model:926 (153238 bytes; live heap 1278254)
row-model:927 (155047 bytes; live heap 1171157)
row-model:928 (133775 bytes; live heap 1171157)
row-model:929 (153307 bytes; live heap 1278306)
row-model:930 (153299 bytes; live heap 1278306)
row-model:931 (153302 bytes; live heap 1278306)
row-model:932 (87762 bytes; live heap 1278306)
row-model:933 (153299 bytes; live heap 1278358)
row-model:934 (38449 bytes; live heap 1171261)
row-model:935 (152909 bytes; live heap 1278394)
row-model:936 (153299 bytes; live heap 1278394)
row-model:937 (153375 bytes; live heap 1214906)
row-model:938 (153377 bytes; live heap 1278430)
row-model:939 (153298 bytes; live heap 1278430)
row-model:940 (155070 bytes; live heap 1326380)
row-model:941 (153299 bytes; live heap 1278430)
row-model:942 (152656 bytes; live heap 1278430)
row-model:943 (355047 bytes; live heap 1371333)
row-model:944 (153384 bytes; live heap 1278430)
row-model:945 (153299 bytes; live heap 1278430)
row-model:946 (153299 bytes; live heap 1278430)
row-model:947 (153290 bytes; live heap 1278430)
row-model:948 (151880 bytes; live heap 1278430)
row-model:949 (155047 bytes; live heap 1171397)
row-model:950 (153299 bytes; live heap 1278546)
row-model:951 (153301 bytes; live heap 1278546)
row-model:952 (2214152 bytes; live heap 5210706)
row-model:953 (153366 bytes; live heap 1278546)
row-model:954 (153299 bytes; live heap 1278546)
row-model:955 (153299 bytes; live heap 1278546)
row-model:956 (153299 bytes; live heap 1278546)
row-model:957 (153308 bytes; live heap 1278546)
row-model:958 (355093 bytes; live heap 1636590)
row-model:959 (153309 bytes; live heap 1278546)
row-model:960 (153326 bytes; live heap 1278606)
row-model:961 (153310 bytes; live heap 1278606)
row-model:962 (153238 bytes; live heap 1278686)
row-model:963 (153371 bytes; live heap 1278686)
row-model:964 (153225 bytes; live heap 1278686)
row-model:965 (153299 bytes; live heap 1278686)
row-model:966 (153962 bytes; live heap 1278686)
row-model:967 (153164 bytes; live heap 1278722)
row-model:968 (153307 bytes; live heap 1278758)
row-model:969 (153300 bytes; live heap 1278758)
row-model:970 (153326 bytes; live heap 1278758)
row-model:971 (153328 bytes; live heap 1278818)
row-model:972 (153322 bytes; live heap 1278818)
row-model:973 (427125 bytes; live heap 1540962)
row-model:974 (153366 bytes; live heap 1278818)
row-model:975 (153237 bytes; live heap 1278818)
row-model:976 (155047 bytes; live heap 1171721)
row-model:977 (153387 bytes; live heap 1278858)
row-model:978 (153299 bytes; live heap 1278858)
row-model:979 (153300 bytes; live heap 1278858)
row-model:980 (152633 bytes; live heap 1278858)
row-model:981 (161284 bytes; live heap 1278858)
row-model:982 (153299 bytes; live heap 1278918)
row-model:983 (163100 bytes; live heap 1190374)
row-model:984 (153299 bytes; live heap 1278958)
row-model:985 (2214164 bytes; live heap 5211118)
row-model:986 (153307 bytes; live heap 1279054)
row-model:987 (153299 bytes; live heap 1279090)
row-model:988 (153311 bytes; live heap 1279090)
row-model:989 (153232 bytes; live heap 1279186)
row-model:990 (165047 bytes; live heap 1327136)
row-model:991 (155048 bytes; live heap 1327136)
row-model:992 (155099 bytes; live heap 1327136)
row-model:993 (153232 bytes; live heap 1279186)
row-model:994 (153322 bytes; live heap 1279186)
row-model:995 (153379 bytes; live heap 1279186)
row-model:996 (151155 bytes; live heap 1279186)
row-model:997 (155047 bytes; live heap 1172089)
row-model:998 (153307 bytes; live heap 1279238)
row-model:999 (153544 bytes; live heap 1279238)
row-model: 1000 cases in 20.357680667s; 10 mutants accepted; slowest seed 501.34075ms; slowest case 23 191.0365ms; largest heap case 671 4122280 bytes
     339 source row description does not match current source/certifi
     101 proof library content hash mismatch
      38 invalid type: sequence, expected a string at line 1 column 1
      21 invalid value: integer `-1`, expected u32 at line 1 column 1
      14 invalid type: sequence, expected a string at line 1 column 2
      11 unsupported proof library lock
      10 invalid type: sequence, expected a string at line 1 column 5
      10 invalid value: integer `18446744073709551615`, expected u32 
       9 control character (\u0000-\u001F) found while parsing a stri
       9 invalid type: sequence, expected a string at line 1 column 3
       6 invalid knowledge identity
       6 invalid type: map, expected a string at line 1 column 1032
       6 invalid type: map, expected a string at line 1 column 734
       6 invalid type: map, expected a string at line 1 column 852
       6 invalid type: sequence, expected a string at line 1 column 6
       6 invalid type: sequence, expected a string at line 1 column 9
       6 unknown variant `"Bool"`, expected one of `Bool`, `U64`, `Da
       5 expected value at line 1 column 813
       5 invalid type: map, expected a sequence at line 1 column 30
       5 invalid type: sequence, expected a string at line 1 column 4
       5 invalid type: sequence, expected a string at line 1 column 7
       5 invalid value: integer `4294967296`, expected u32 at line 1 
       5 unknown variant `273604fa8cc2eefea99058c73ecddef5801a1a92f2a
       5 unknown variant `85fe3480106fa23e84bf844c51bfd10ed8860690bc2
       4 invalid type: boolean `false`, expected a string at line 1 c
test fuzz_row_models ... ok

test result: ok. 19 passed; 0 failed; 0 ignored; 0 measured; 0 filtered out; finished in 21.19s

