   Compiling ink v0.1.0 (/Users/jamesaddison/Documents/Codex/2026-10-09/wha/outputs/verified-language)
    Finished `release` profile [optimized] target(s) in 15.89s
     Running tests/hardening.rs (target/release/deps/hardening-cb36702458ec6c13)

running 19 tests
certificate:seed0 (155954 bytes)
lockfile:seed0 (2373 bytes)
row-model:seed0 (155047 bytes)
lockfile:seed1 (2928 bytes)
snapshot:seed0 (320 bytes)
equality:seed0 (193 bytes)
equality:seed1 (1152 bytes)
snapshot:seed1 (890 bytes)
equality:seed2 (527 bytes)
snapshot:seed2 (412 bytes)
lockfile:seed2 (5673 bytes)
equality:seed3 (526 bytes)
snapshot:0 (448 bytes; live heap 43008511)
equality:seed4 (457 bytes)
equality:seed5 (474 bytes)
snapshot:1 (320 bytes; live heap 45858192)
lockfile:seed3 (13113 bytes)
equality:seed6 (472 bytes)
snapshot:2 (432 bytes; live heap 46268151)
equality:seed7 (921 bytes)
snapshot:3 (890 bytes; live heap 46851652)
equality:seed8 (462 bytes)
snapshot:4 (422 bytes; live heap 47381079)
snapshot:5 (416 bytes; live heap 47437401)
equality:seed9 (883 bytes)
test regression_eval_collection_and_float_frames_are_bounded ... ok
snapshot:6 (704 bytes; live heap 47730171)
equality:seed10 (222 bytes)
snapshot:7 (320 bytes; live heap 61787639)
equality:seed11 (478 bytes)
snapshot:8 (890 bytes; live heap 62553949)
core:seed0 (528 bytes)
lockfile:seed4 (25530 bytes)
core:seed1 (597 bytes)
equality:0 (1149 bytes; live heap 74414768)
core:seed2 (984 bytes)
core:seed3 (4014 bytes)
equality:1 (473 bytes; live heap 73418968)
snapshot:9 (137890 bytes; live heap 88935452)
equality:2 (4183 bytes; live heap 85778031)
snapshot:10 (412 bytes; live heap 86959088)
eval:seed0 (13 bytes)
equality:3 (906 bytes; live heap 101262198)
snapshot:11 (320 bytes; live heap 94886309)
eval:seed1 (7 bytes)
snapshot:12 (890 bytes; live heap 101746753)
equality:4 (1152 bytes; live heap 103568421)
eval:seed2 (13 bytes)
equality:5 (231 bytes; live heap 104988159)
eval:seed3 (19 bytes)
snapshot:13 (1148 bytes; live heap 105176620)
equality:6 (258 bytes; live heap 106445831)
eval:seed4 (19 bytes)
snapshot:14 (320 bytes; live heap 101012481)
equality:7 (245 bytes; live heap 106710726)
eval:seed5 (13 bytes)
snapshot:15 (447 bytes; live heap 106842044)
eval:seed6 (19 bytes)
lockfile:0 (2825 bytes; live heap 106874696)
snapshot:16 (990 bytes; live heap 106884162)
equality:8 (460 bytes; live heap 106890851)
eval:seed7 (4 bytes)
snapshot:17 (1400 bytes; live heap 106998237)
eval:seed8 (4 bytes)
snapshot:18 (412 bytes; live heap 102872788)
eval:seed9 (4 bytes)
snapshot:19 (881 bytes; live heap 109017541)
eval:seed10 (4 bytes)
eval:seed11 (4 bytes)
lockfile:1 (412374 bytes; live heap 109799642)
snapshot:20 (1012 bytes; live heap 103431418)
snapshot:21 (498 bytes; live heap 110912668)
core:seed4 (387 bytes)
eval:seed12 (4 bytes)
snapshot:22 (942 bytes; live heap 111295953)
lockfile:2 (3005 bytes; live heap 112745344)
snapshot:23 (320 bytes; live heap 112895375)
core:seed5 (2534 bytes)
eval:seed13 (4 bytes)
core:seed6 (1921 bytes)
eval:seed14 (19 bytes)
snapshot:24 (320 bytes; live heap 109789738)
snapshot:25 (412 bytes; live heap 117080141)
core:seed7 (5246 bytes)
eval:seed15 (22 bytes)
snapshot:26 (823 bytes; live heap 119341665)
eval:seed16 (22 bytes)
eval:seed17 (22 bytes)
snapshot:27 (480 bytes; live heap 119463355)
eval:seed18 (25 bytes)
eval:seed19 (19 bytes)
lockfile:3 (25508 bytes; live heap 112494228)
snapshot:28 (890 bytes; live heap 117953751)
eval:seed20 (19 bytes)
core:seed8 (1461 bytes)
test regression_eval_nesting_is_bounded ... ok
snapshot:29 (412 bytes; live heap 120009090)
eval:seed21 (19 bytes)
snapshot:30 (412 bytes; live heap 120737873)
lockfile:4 (23854 bytes; live heap 120729699)
core:seed9 (2266 bytes)
core:seed10 (2928 bytes)
snapshot:31 (356 bytes; live heap 121097924)
eval:seed22 (22 bytes)
eval:seed23 (22 bytes)
snapshot:32 (412 bytes; live heap 122158154)
core:seed11 (1206 bytes)
lockfile:5 (5519 bytes; live heap 122130258)
eval:seed24 (25 bytes)
snapshot:33 (304 bytes; live heap 122125444)
snapshot:34 (828 bytes; live heap 122114583)
eval:seed25 (19 bytes)
snapshot:35 (890 bytes; live heap 116366051)
eval:seed26 (19 bytes)
core:seed12 (1433 bytes)
eval:seed27 (22 bytes)
snapshot:36 (890 bytes; live heap 122294448)
lockfile:6 (2371 bytes; live heap 122293164)
equality:9 (57797 bytes; live heap 122144314)
core:seed13 (1876 bytes)
eval:seed28 (19 bytes)
snapshot:37 (653 bytes; live heap 116902146)
eval:seed29 (25 bytes)
equality:10 (497 bytes; live heap 122566426)
snapshot:38 (320 bytes; live heap 122678775)
equality:11 (473 bytes; live heap 122892113)
snapshot:39 (890 bytes; live heap 122918209)
core:seed14 (1148 bytes)
eval:seed30 (19 bytes)
snapshot:40 (138 bytes; live heap 123299331)
eval:seed31 (test regression_boolean_hint_and_definition_expansion_are_bounded ... ok
22 bytes)
snapshot:41 (320 bytes; live heap 123312807)
lockfile:7 (2935 bytes; live heap 123310421)
equality:12 (1065 bytes; live heap 123783330)
snapshot:42 (412 bytes; live heap 124172481)
eval:seed32 (28 bytes)
snapshot:43 (12320 bytes; live heap 125013203)
equality:13 (208 bytes; live heap 125019978)
eval:seed33 (19 bytes)
core:0 (2258 bytes; live heap 125028048)
snapshot:44 (926 bytes; live heap 125050278)
eval:seed34 (22 bytes)
core:1 (1462 bytes; live heap 125375654)
snapshot:45 (452 bytes; live heap 125418958)
equality:14 (841 bytes; live heap 125474051)
eval:seed35 (101 bytes)
lockfile:8 (2338 bytes; live heap 125533356)
snapshot:46 (33420 bytes; live heap 120085143)
eval:seed36 (164 bytes)
core:2 (2918 bytes; live heap 127008980)
snapshot:47 (412 bytes; live heap 127489655)
eval:seed37 (339 bytes)
snapshot:48 (883 bytes; live heap 127750492)
equality:15 (1516 bytes; live heap 127950634)
lockfile:9 (2920 bytes; live heap 127972596)
equality:16 (925 bytes; live heap 128167650)
snapshot:49 (320 bytes; live heap 128168486)
equality:17 (916 bytes; live heap 128367152)
snapshot:50 (890 bytes; live heap 128385125)
eval:seed38 (41 bytes)
equality:18 (222 bytes; live heap 129064122)
core:3 (3395 bytes; live heap 129051129)
eval:seed39 (23 bytes)
snapshot:51 (890 bytes; live heap 129105098)
equality:19 (922 bytes; live heap 129140314)
equality:20 (921 bytes; live heap 129825672)
eval:seed40 (23 bytes)
snapshot:52 (890 bytes; live heap 129845815)
equality:21 (194 bytes; live heap 124362606)
snapshot:53 (320 bytes; live heap 131310907)
eval:seed41 (49 bytes)
equality:22 (632 bytes; live heap 130902145)
lockfile:10 (213164 bytes; live heap 130900462)
eval:seed42 (23 bytes)
snapshot:54 (320 bytes; live heap 125619850)
equality:23 (214 bytes; live heap 131544322)
eval:seed43 (23 bytes)
equality:24 (1112 bytes; live heap 131910296)
core:4 (5252 bytes; live heap 131871255)
snapshot:55 (566 bytes; live heap 131946745)
snapshot:56 (890 bytes; live heap 132200504)
eval:seed44 (25 bytes)
equality:25 (461 bytes; live heap 132571760)
eval:seed45 (5 bytes)
certificate:seed1 (154467 bytes)
equality:26 (200 bytes; live heap 128250634)
core:5 (1921 bytes; live heap 133982897)
snapshot:57 (74412 bytes; live heap 135552311)
eval:seed46 (19 bytes)
equality:27 (921 bytes; live heap 135720448)
lockfile:11 (5709 bytes; live heap 135356378)
eval:seed47 (27 bytes)
equality:28 (881 bytes; live heap 135546854)
eval:seed48 (23 bytes)
snapshot:58 (315 bytes; live heap 135510666)
eval:seed49 (5 bytes)
snapshot:59 (412 bytes; live heap 139288590)
eval:seed50 (23 bytes)
snapshot:60 (876 bytes; live heap 140415865)
eval:seed51 (4 bytes)
eval:seed52 (4 bytes)
eval:seed53 (7 bytes)
snapshot:61 (320 bytes; live heap 140820874)
core:6 (1964 bytes; live heap 140951865)
eval:seed54 (7 bytes)
snapshot:62 (913 bytes; live heap 141063996)
eval:seed55 (4 bytes)
snapshot:63 (541 bytes; live heap 141190640)
eval:seed56 (4 bytes)
eval:seed57 (4 bytes)
snapshot:64 (922 bytes; live heap 141389431)
eval:seed58 (10 bytes)
snapshot:65 (907 bytes; live heap 141702744)
eval:seed59 (25 bytes)
core:7 (1884 bytes; live heap 142038625)
snapshot:66 (412 bytes; live heap 143014098)
eval:seed60 (25 bytes)
eval:seed61 (25 bytes)
snapshot:67 (398 bytes; live heap 143309538)
core:8 (2058 bytes; live heap 149635226)
snapshot:68 (890 bytes; live heap 149688759)
eval:seed62 (25 bytes)
snapshot:69 (900 bytes; live heap 150287194)
eval:seed63 (10 bytes)
snapshot:70 (320 bytes; live heap 152152449)
core:9 (1924 bytes; live heap 153309841)
eval:seed64 (7 bytes)
snapshot:71 (320 bytes; live heap 153470019)
core:10 (4808 bytes; live heap 153636213)
eval:seed65 (28 bytes)
snapshot:72 (320 bytes; live heap 153646845)
eval:seed66 (28 bytes)
snapshot:73 (518 bytes; live heap 153937143)
snapshot:74 (320 bytes; live heap 148524873)
eval:seed67 (28 bytes)
snapshot:75 (1008 bytes; live heap 154361854)
eval:seed68 (28 bytes)
core:11 (616 bytes; live heap 154534181)
snapshot:76 (387 bytes; live heap 154671568)
eval:seed69 (7 bytes)
snapshot:77 (320 bytes; live heap 155358392)
eval:seed70 (4 bytes)
snapshot:78 (890 bytes; live heap 150060565)
eval:seed71 (22 bytes)
core:12 (10266 bytes; live heap 157465719)
eval:seed72 (22 bytes)
eval:seed73 (4 bytes)
snapshot:79 (320 bytes; live heap 159190638)
core:13 (5247 bytes; live heap 158526433)
eval:0 (24 bytes; live heap 159768053)
eval:1 (29 bytes; live heap 160293894)
snapshot:80 (486 bytes; live heap 160360009)
eval:2 (38 bytes; live heap 160762281)
core:14 (566 bytes; live heap 162598912)
snapshot:81 (412 bytes; live heap 162617891)
eval:3 (40 bytes; live heap 157338901)
eval:4 (30 bytes; live heap 164620861)
core:15 (1490 bytes; live heap 159008246)
snapshot:82 (179890 bytes; live heap 164739947)
eval:5 (18 bytes; live heap 164764811)
snapshot:83 (7 bytes; live heap 164976596)
eval:6 (7 bytes; live heap 165006768)
snapshot:84 (321 bytes; live heap 165038097)
eval:7 (200011 bytes; live heap 163399496)
snapshot:85 (320 bytes; live heap 157819165)
core:16 (1196 bytes; live heap 163456424)
snapshot:86 (308 bytes; live heap 163546776)
eval:8 (42 bytes; live heap 163417506)
snapshot:87 (890 bytes; live heap 163565081)
eval:9 (27 bytes; live heap 163593749)
core:17 (326 bytes; live heap 163712738)
eval:10 (4 bytes; live heap 165011752)
eval:11 (13 bytes; live heap 165936780)
core:18 (1472 bytes; live heap 160387118)
snapshot:88 (378 bytes; live heap 160944286)
eval:12 (2 bytes; live heap 167464570)
snapshot:89 (935 bytes; live heap 167541216)
core:19 (1876 bytes; live heap 171003290)
eval:13 (103 bytes; live heap 171173032)
snapshot:90 (412 bytes; live heap 172890697)
core:20 (2526 bytes; live heap 168721143)
eval:14 (7 bytes; live heap 168758207)
snapshot:91 (435 bytes; live heap 174501691)
eval:15 (4516 bytes; live heap 174827451)
snapshot:92 (343 bytes; live heap 174966716)
eval:16 (7 bytes; live heap 175359880)
snapshot:93 (913 bytes; live heap 169768680)
eval:17 (2 bytes; live heap 176146027)
snapshot:94 (320 bytes; live heap 176302837)
core:21 (1497 bytes; live heap 176326484)
eval:18 (3 bytes; live heap 172894647)
snapshot:95 (368 bytes; live heap 178993713)
core:22 (598 bytes; live heap 179222254)
snapshot:96 (31558 bytes; live heap 175423419)
core:23 (2963 bytes; live heap 181063621)
eval:19 (194 bytes; live heap 181492072)
snapshot:97 (508 bytes; live heap 182308555)
core:24 (2270 bytes; live heap 182608629)
eval:20 (53 bytes; live heap 184086135)
snapshot:98 (10442 bytes; live heap 184745388)
eval:21 (2 bytes; live heap 185727961)
snapshot:99 (890 bytes; live heap 185814396)
snapshot:100 (1018 bytes; live heap 187638137)
snapshot:101 (320 bytes; live heap 185000509)
core:25 (3672 bytes; live heap 190780184)
snapshot:102 (412 bytes; live heap 191322233)
core:26 (1148 bytes; live heap 191840802)
snapshot:103 (320 bytes; live heap 192731835)
core:27 (95900 bytes; live heap 193276601)
snapshot:104 (403 bytes; live heap 193374212)
snapshot:105 (694 bytes; live heap 193415759)
core:28 (568 bytes; live heap 194073470)
snapshot:106 (131890 bytes; live heap 196062168)
snapshot:107 (233 bytes; live heap 197513166)
snapshot:108 (147890 bytes; live heap 198897857)
core:29 (4121 bytes; live heap 201128481)
snapshot:109 (10320 bytes; live heap 200999283)
snapshot:110 (412 bytes; live heap 201070811)
snapshot:111 (536 bytes; live heap 201096399)
snapshot:112 (295 bytes; live heap 201275829)
snapshot:113 (320 bytes; live heap 201285206)
snapshot:114 (320 bytes; live heap 201792115)
core:30 (1464 bytes; live heap 201804515)
snapshot:115 (412 bytes; live heap 202015679)
snapshot:116 (311 bytes; live heap 195666532)
core:31 (5256 bytes; live heap 207046803)
snapshot:117 (320 bytes; live heap 202865299)
snapshot:118 (1646 bytes; live heap 196698380)
snapshot:119 (320 bytes; live heap 196782527)
snapshot:120 (343 bytes; live heap 196757652)
snapshot:121 (413 bytes; live heap 196748810)
eval:22 (90134 bytes; live heap 195347083)
snapshot:122 (440 bytes; live heap 195216004)
snapshot:123 (412 bytes; live heap 196219191)
snapshot:124 (435 bytes; live heap 198286170)
snapshot:125 (409 bytes; live heap 195508966)
eval:23 (42 bytes; live heap 196895285)
test regression_parser_bounds_unparenthesised_and_postfix_chains ... ok
snapshot:126 (320 bytes; live heap 197025951)
eval:24 (12 bytes; live heap 197043919)
snapshot:127 (412 bytes; live heap 197822954)
eval:25 (1 bytes; live heap 197861299)
snapshot:128 (890 bytes; live heap 197888101)
eval:26 (22 bytes; live heap 197909587)
snapshot:129 (320 bytes; live heap 198066279)
eval:27 (21 bytes; live heap 198092973)
snapshot:130 (891 bytes; live heap 198116007)
eval:28 (22 bytes; live heap 198322770)
eval:29 (39 bytes; live heap 198390134)
snapshot:131 (94890 bytes; live heap 198329328)
snapshot:132 (412 bytes; live heap 198271698)
eval:30 (23 bytes; live heap 198277989)
snapshot:133 (411 bytes; live heap 198306120)
snapshot:134 (498 bytes; live heap 198295826)
eval:31 (12 bytes; live heap 198326776)
eval:32 (7 bytes; live heap 198512343)
eval:33 (361 bytes; live heap 198621087)
snapshot:135 (53320 bytes; live heap 198663990)
eval:34 (22 bytes; live heap 198662744)
snapshot:136 (890 bytes; live heap 199409208)
snapshot:137 (891 bytes; live heap 199459050)
eval:35 (200004 bytes; live heap 199284573)
snapshot:138 (12175 bytes; live heap 199313961)
snapshot:139 (445 bytes; live heap 199339536)
eval:36 (32 bytes; live heap 199202802)
eval:37 (9 bytes; live heap 199241458)
eval:38 (5 bytes; live heap 199252835)
snapshot:140 (890 bytes; live heap 199292400)
snapshot:141 (891 bytes; live heap 199384728)
eval:39 (40 bytes; live heap 199397804)
snapshot:142 (320 bytes; live heap 199501267)
eval:40 (62 bytes; live heap 199522417)
eval:41 (28 bytes; live heap 210276339)
eval:42 (28 bytes; live heap 210354343)
snapshot:143 (320 bytes; live heap 210372637)
eval:43 (26 bytes; live heap 210614007)
snapshot:144 (890 bytes; live heap 210670711)
eval:44 (73301 bytes; live heap 212515479)
eval:45 (200001 bytes; live heap 212862271)
snapshot:145 (320 bytes; live heap 212882339)
snapshot:146 (890 bytes; live heap 223139350)
snapshot:147 (516 bytes; live heap 223373465)
eval:46 (200101 bytes; live heap 223210327)
snapshot:148 (876 bytes; live heap 216932160)
eval:47 (8 bytes; live heap 216870414)
eval:48 (15 bytes; live heap 217949172)
snapshot:149 (55412 bytes; live heap 221459762)
eval:49 (300004 bytes; live heap 219324864)
snapshot:150 (891 bytes; live heap 219410239)
snapshot:151 (478 bytes; live heap 220606063)
snapshot:152 (890 bytes; live heap 221697000)
snapshot:153 (522 bytes; live heap 223882866)
snapshot:154 (1061 bytes; live heap 223954635)
eval:50 (27 bytes; live heap 219291425)
eval:51 (30 bytes; live heap 213766948)
snapshot:155 (890 bytes; live heap 213865324)
snapshot:156 (159 bytes; live heap 190840556)
eval:52 (22 bytes; live heap 190968401)
snapshot:157 (320 bytes; live heap 190991819)
snapshot:158 (890 bytes; live heap 212164512)
eval:53 (1328 bytes; live heap 212435805)
snapshot:159 (308 bytes; live heap 212439732)
snapshot:160 (91 bytes; live heap 212473316)
eval:54 (4 bytes; live heap 212471394)
snapshot:161 (456 bytes; live heap 207464157)
eval:55 (29 bytes; live heap 207464158)
eval:56 (49 bytes; live heap 213654450)
eval:57 (75 bytes; live heap 213671098)
eval:58 (23 bytes; live heap 213692151)
eval:59 (18 bytes; live heap 213705354)
snapshot:162 (148890 bytes; live heap 214024179)
eval:60 (200027 bytes; live heap 214328771)
eval:61 (2 bytes; live heap 214155221)
eval:62 (6 bytes; live heap 214172770)
eval:63 (28 bytes; live heap 214184111)
snapshot:163 (141412 bytes; live heap 212655427)
test regression_snapshot_int_size_is_bounded ... ok
snapshot:164 (975 bytes; live heap 205846109)
snapshot:165 (890 bytes; live heap 208871219)
snapshot:166 (320 bytes; live heap 208117747)
snapshot:167 (320 bytes; live heap 208167184)
snapshot:168 (1094 bytes; live heap 208237501)
snapshot:169 (320 bytes; live heap 208244230)
snapshot:170 (5998 bytes; live heap 208260270)
snapshot:171 (412 bytes; live heap 206123204)
certificate:seed2 (104273 bytes)
snapshot:172 (320 bytes; live heap 206237436)
snapshot:173 (323 bytes; live heap 210322554)
snapshot:174 (207890 bytes; live heap 210155836)
eval:64 (83744 bytes; live heap 219358937)
snapshot:175 (412 bytes; live heap 220065946)
snapshot:176 (412 bytes; live heap 223999351)
snapshot:177 (1294 bytes; live heap 222988205)
snapshot:178 (320 bytes; live heap 222612530)
eval:65 (343 bytes; live heap 216449743)
snapshot:179 (320 bytes; live heap 221937840)
eval:66 (19 bytes; live heap 222106461)
snapshot:180 (890 bytes; live heap 222093682)
eval:67 (20 bytes; live heap 222015522)
eval:68 (27 bytes; live heap 216531438)
eval:69 (4 bytes; live heap 223907226)
eval:70 (20 bytes; live heap 224605751)
snapshot:181 (435 bytes; live heap 224653874)
eval:71 (40 bytes; live heap 224674980)
snapshot:182 (343 bytes; live heap 224620347)
eval:72 (23 bytes; live heap 224781528)
snapshot:183 (890 bytes; live heap 224784063)
eval:73 (98 bytes; live heap 225134737)
snapshot:184 (890 bytes; live heap 225142949)
eval:74 (21 bytes; live heap 224674558)
snapshot:185 (188 bytes; live heap 219422435)
eval:75 (13 bytes; live heap 219422765)
snapshot:186 (413 bytes; live heap 225497596)
eval:76 (2 bytes; live heap 220020889)
eval:77 (37 bytes; live heap 221240904)
snapshot:187 (435 bytes; live heap 221241162)
snapshot:188 (320 bytes; live heap 231928510)
snapshot:189 (34890 bytes; live heap 224908155)
snapshot:190 (413 bytes; live heap 232763913)
lockfile:12 (2415044 bytes; live heap 229237941)
eval:78 (3001 bytes; live heap 229327595)
snapshot:191 (133412 bytes; live heap 224247706)
snapshot:192 (412 bytes; live heap 230983036)
snapshot:193 (320 bytes; live heap 230874410)
snapshot:194 (320 bytes; live heap 230919240)
snapshot:195 (200404 bytes; live heap 233621314)
eval:79 (26 bytes; live heap 235965453)
snapshot:196 (116 bytes; live heap 235788066)
snapshot:197 (890 bytes; live heap 235812050)
eval:80 (21 bytes; live heap 231591688)
eval:81 (21 bytes; live heap 231647996)
eval:82 (21 bytes; live heap 231978835)
eval:83 (5 bytes; live heap 232016724)
snapshot:198 (132412 bytes; live heap 232078178)
snapshot:199 (412 bytes; live heap 232149398)
snapshot:200 (412 bytes; live heap 232285385)
snapshot:201 (486 bytes; live heap 232508936)
eval:84 (12 bytes; live heap 232154150)
eval:85 (23 bytes; live heap 232476248)
certificate:seed3 (102786 bytes)
snapshot:202 (320 bytes; live heap 232510309)
snapshot:203 (412 bytes; live heap 232666056)
snapshot:204 (890 bytes; live heap 227446128)
snapshot:205 (890 bytes; live heap 233153152)
snapshot:206 (333 bytes; live heap 233570740)
snapshot:207 (321 bytes; live heap 233679571)
eval:86 (8 bytes; live heap 233602918)
snapshot:208 (10320 bytes; live heap 234044081)
snapshot:209 (45412 bytes; live heap 234378533)
eval:87 (19 bytes; live heap 234538635)
eval:88 (7 bytes; live heap 234941373)
snapshot:210 (480 bytes; live heap 234943339)
snapshot:211 (890 bytes; live heap 228640624)
eval:89 (3001 bytes; live heap 235737768)
eval:90 (7 bytes; live heap 235979675)
snapshot:212 (200320 bytes; live heap 236538508)
snapshot:213 (320 bytes; live heap 236435523)
eval:91 (200010 bytes; live heap 236779125)
snapshot:214 (496 bytes; live heap 236812709)
eval:92 (16 bytes; live heap 236725935)
snapshot:215 (412 bytes; live heap 238031532)
eval:93 (15 bytes; live heap 239310361)
snapshot:216 (343 bytes; live heap 241745751)
snapshot:217 (890 bytes; live heap 241805438)
eval:94 (230 bytes; live heap 241823694)
eval:95 (37 bytes; live heap 236396215)
snapshot:218 (320 bytes; live heap 242148895)
eval:96 (24 bytes; live heap 242162876)
snapshot:219 (412 bytes; live heap 242209134)
snapshot:220 (344 bytes; live heap 242798889)
snapshot:221 (412 bytes; live heap 242894331)
snapshot:222 (890 bytes; live heap 243127207)
snapshot:223 (325 bytes; live heap 245400005)
snapshot:224 (320 bytes; live heap 245742161)
snapshot:225 (412 bytes; live heap 245851255)
eval:97 (12300 bytes; live heap 247020184)
snapshot:226 (200890 bytes; live heap 247154307)
eval:98 (7 bytes; live heap 247147079)
eval:99 (2822 bytes; live heap 241789140)
eval:100 (12 bytes; live heap 247606191)
eval:101 (27 bytes; live heap 247290663)
eval:102 (464 bytes; live heap 247299575)
eval:103 (25 bytes; live heap 247361331)
snapshot:227 (412 bytes; live heap 247276913)
eval:104 (13 bytes; live heap 247266434)
snapshot:228 (391 bytes; live heap 247266267)
row-model:seed1 (155047 bytes)
eval:105 (4 bytes; live heap 247286361)
snapshot:229 (320 bytes; live heap 247357529)
snapshot:230 (411 bytes; live heap 247502725)
eval:106 (2 bytes; live heap 247544225)
snapshot:231 (320 bytes; live heap 247613144)
eval:107 (5 bytes; live heap 242217163)
eval:108 (15 bytes; live heap 247855934)
eval:109 (11 bytes; live heap 247885950)
eval:110 (19 bytes; live heap 247894565)
eval:111 (21 bytes; live heap 248137245)
eval:112 (553 bytes; live heap 248298793)
snapshot:232 (321 bytes; live heap 248273235)
eval:113 (5 bytes; live heap 248274250)
snapshot:233 (320 bytes; live heap 248292543)
eval:114 (15 bytes; live heap 248620073)
snapshot:234 (226890 bytes; live heap 248726552)
eval:115 (29 bytes; live heap 243197779)
eval:116 (172 bytes; live heap 249165573)
eval:117 (49 bytes; live heap 249265067)
eval:118 (12 bytes; live heap 249360941)
eval:119 (40 bytes; live heap 249408983)
snapshot:235 (905 bytes; live heap 249202725)
eval:120 (7 bytes; live heap 249381679)
eval:121 (22 bytes; live heap 249957412)
snapshot:236 (412 bytes; live heap 250010174)
snapshot:237 (412 bytes; live heap 244377622)
eval:122 (22 bytes; live heap 244472495)
snapshot:238 (186 bytes; live heap 250749274)
snapshot:239 (343 bytes; live heap 250830857)
eval:123 (31 bytes; live heap 250889317)
snapshot:240 (320 bytes; live heap 250902174)
snapshot:241 (412 bytes; live heap 245943429)
snapshot:242 (412 bytes; live heap 251381005)
snapshot:243 (343 bytes; live heap 251287351)
snapshot:244 (413 bytes; live heap 251254810)
snapshot:245 (75310 bytes; live heap 252202134)
eval:124 (2997 bytes; live heap 252150408)
snapshot:246 (289 bytes; live heap 252096059)
eval:125 (49 bytes; live heap 252534307)
snapshot:247 (200069 bytes; live heap 253052988)
snapshot:248 (320 bytes; live heap 252927533)
eval:126 (10 bytes; live heap 253258344)
snapshot:249 (890 bytes; live heap 253522618)
eval:127 (20 bytes; live heap 253594586)
snapshot:250 (890 bytes; live heap 253620185)
eval:128 (22 bytes; live heap 253862861)
snapshot:251 (412 bytes; live heap 253864160)
snapshot:252 (15412 bytes; live heap 253981640)
eval:129 (10 bytes; live heap 254139164)
snapshot:253 (859 bytes; live heap 248579787)
eval:130 (24 bytes; live heap 248605019)
eval:131 (1 bytes; live heap 254395850)
snapshot:254 (321 bytes; live heap 254440949)
snapshot:255 (320 bytes; live heap 254506387)
eval:132 (262 bytes; live heap 254507334)
snapshot:256 (18432 bytes; live heap 254648835)
snapshot:257 (890 bytes; live heap 254654372)
eval:133 (44 bytes; live heap 254740969)
eval:134 (7 bytes; live heap 254781008)
eval:135 (35 bytes; live heap 254852520)
eval:136 (4 bytes; live heap 254893679)
eval:137 (22 bytes; live heap 249262510)
eval:138 (4 bytes; live heap 254688374)
snapshot:258 (19412 bytes; live heap 254707662)
eval:139 (32 bytes; live heap 254568387)
eval:140 (7 bytes; live heap 254604969)
snapshot:259 (890 bytes; live heap 254596234)
eval:141 (27 bytes; live heap 255529133)
snapshot:260 (412 bytes; live heap 255520560)
snapshot:261 (412 bytes; live heap 252277406)
snapshot:262 (10891 bytes; live heap 252325483)
snapshot:263 (891 bytes; live heap 252297822)
snapshot:264 (343 bytes; live heap 253119600)
snapshot:265 (320 bytes; live heap 258819659)
snapshot:266 (413 bytes; live heap 258897736)
snapshot:267 (1462 bytes; live heap 258923518)
snapshot:268 (321 bytes; live heap 258993443)
snapshot:269 (638 bytes; live heap 259011362)
snapshot:270 (412 bytes; live heap 259008815)
snapshot:271 (412 bytes; live heap 259007806)
snapshot:272 (320 bytes; live heap 259882523)
snapshot:273 (320 bytes; live heap 259993682)
snapshot:274 (900 bytes; live heap 260006935)
snapshot:275 (498 bytes; live heap 260026368)
snapshot:276 (320 bytes; live heap 260056500)
snapshot:277 (878 bytes; live heap 254430492)
snapshot:278 (953 bytes; live heap 254458661)
snapshot:279 (883 bytes; live heap 254474203)
snapshot:280 (320 bytes; live heap 260176391)
snapshot:281 (111435 bytes; live heap 260890449)
snapshot:282 (889 bytes; live heap 260968879)
snapshot:283 (412 bytes; live heap 261147755)
snapshot:284 (412 bytes; live heap 261243109)
snapshot:285 (397 bytes; live heap 261368428)
snapshot:286 (1150 bytes; live heap 261396523)
snapshot:287 (470 bytes; live heap 261452141)
snapshot:288 (890 bytes; live heap 255917329)
snapshot:289 (200412 bytes; live heap 262960984)
snapshot:290 (1134 bytes; live heap 263110971)
snapshot:291 (330 bytes; live heap 257325046)
snapshot:292 (891 bytes; live heap 263037036)
snapshot:293 (474 bytes; live heap 263056356)
snapshot:294 (412 bytes; live heap 263091009)
snapshot:295 (321 bytes; live heap 263102609)
snapshot:296 (890 bytes; live heap 263106566)
snapshot:297 (447 bytes; live heap 263136100)
snapshot:298 (200412 bytes; live heap 263554713)
snapshot:299 (406 bytes; live heap 264117845)
snapshot:300 (320 bytes; live heap 265611053)
snapshot:301 (343 bytes; live heap 265685243)
snapshot:302 (320 bytes; live heap 260151356)
snapshot:303 (412 bytes; live heap 260168963)
snapshot:304 (10890 bytes; live heap 265840369)
snapshot:305 (28320 bytes; live heap 260518635)
snapshot:306 (663 bytes; live heap 266139689)
snapshot:307 (412 bytes; live heap 266171465)
snapshot:308 (80191 bytes; live heap 266593214)
snapshot:309 (321 bytes; live heap 266625472)
snapshot:310 (1059 bytes; live heap 266655401)
snapshot:311 (410 bytes; live heap 266680454)
snapshot:312 (890 bytes; live heap 266720562)
snapshot:313 (413 bytes; live heap 267355784)
snapshot:314 (87320 bytes; live heap 268089982)
snapshot:315 (890 bytes; live heap 268657301)
snapshot:316 (320 bytes; live heap 268751095)
snapshot:317 (321 bytes; live heap 268867327)
snapshot:318 (200320 bytes; live heap 269995121)
snapshot:319 (472 bytes; live heap 265048689)
snapshot:320 (412 bytes; live heap 270754279)
snapshot:321 (319 bytes; live heap 270783612)
snapshot:322 (412 bytes; live heap 270832156)
snapshot:323 (321 bytes; live heap 270847612)
snapshot:324 (452 bytes; live heap 270888236)
snapshot:325 (398 bytes; live heap 271010698)
snapshot:326 (321 bytes; live heap 271120829)
snapshot:327 (15320 bytes; live heap 271273656)
snapshot:328 (412 bytes; live heap 271510942)
snapshot:329 (343 bytes; live heap 271654456)
snapshot:330 (906 bytes; live heap 271750195)
snapshot:331 (890 bytes; live heap 271887793)
snapshot:332 (412 bytes; live heap 271955914)
snapshot:333 (320 bytes; live heap 272077939)
snapshot:334 (412 bytes; live heap 280809812)
snapshot:335 (412 bytes; live heap 275365880)
snapshot:336 (398 bytes; live heap 283734237)
snapshot:337 (352 bytes; live heap 283990327)
snapshot:338 (200320 bytes; live heap 284549741)
certificate:seed4 (96430 bytes)
snapshot:339 (890 bytes; live heap 284543187)
snapshot:340 (10412 bytes; live heap 285686030)
snapshot:341 (320 bytes; live heap 285812298)
snapshot:342 (320 bytes; live heap 285815635)
snapshot:343 (890 bytes; live heap 285794029)
snapshot:344 (999 bytes; live heap 284955356)
snapshot:345 (914 bytes; live heap 284919743)
snapshot:346 (890 bytes; live heap 279304522)
snapshot:347 (359 bytes; live heap 284881250)
snapshot:348 (320 bytes; live heap 284851838)
snapshot:349 (912 bytes; live heap 284742820)
snapshot:350 (412 bytes; live heap 279155818)
snapshot:351 (890 bytes; live heap 284737202)
snapshot:352 (306 bytes; live heap 284738830)
snapshot:353 (320 bytes; live heap 284740707)
snapshot:354 (890 bytes; live heap 284736734)
snapshot:355 (386 bytes; live heap 284702844)
snapshot:356 (412 bytes; live heap 284695823)
snapshot:357 (875 bytes; live heap 284669335)
snapshot:358 (190412 bytes; live heap 289812694)
snapshot:359 (412 bytes; live heap 289231771)
snapshot:360 (443 bytes; live heap 289174459)
snapshot:361 (891 bytes; live heap 289168455)
snapshot:362 (320 bytes; live heap 289169429)
snapshot:363 (413 bytes; live heap 289168402)
snapshot:364 (320 bytes; live heap 289102940)
snapshot:365 (1113 bytes; live heap 289077760)
snapshot:366 (200320 bytes; live heap 288488588)
snapshot:367 (944 bytes; live heap 288150381)
snapshot:368 (320 bytes; live heap 288036494)
snapshot:369 (320 bytes; live heap 288053420)
snapshot:370 (903 bytes; live heap 288200599)
snapshot:371 (472 bytes; live heap 288198925)
snapshot:372 (320 bytes; live heap 288207574)
snapshot:373 (320 bytes; live heap 288215808)
snapshot:374 (602 bytes; live heap 288240147)
snapshot:375 (412 bytes; live heap 288233109)
snapshot:376 (890 bytes; live heap 288247252)
snapshot:377 (987 bytes; live heap 288267505)
snapshot:378 (412 bytes; live heap 288273156)
snapshot:379 (435 bytes; live heap 288273767)
snapshot:380 (320 bytes; live heap 288284633)
snapshot:381 (435 bytes; live heap 288323309)
snapshot:382 (320 bytes; live heap 288329732)
snapshot:383 (412 bytes; live heap 288342710)
snapshot:384 (403 bytes; live heap 288346233)
snapshot:385 (412 bytes; live heap 288353931)
snapshot:386 (412 bytes; live heap 288492610)
snapshot:387 (1006 bytes; live heap 288497699)
snapshot:388 (412 bytes; live heap 288498853)
snapshot:389 (320 bytes; live heap 288492320)
snapshot:390 (46376 bytes; live heap 288571944)
snapshot:391 (890 bytes; live heap 288457528)
snapshot:392 (108412 bytes; live heap 288581881)
snapshot:393 (926 bytes; live heap 288380581)
snapshot:394 (890 bytes; live heap 288639873)
snapshot:395 (412 bytes; live heap 288388369)
snapshot:396 (205 bytes; live heap 288547233)
snapshot:397 (320 bytes; live heap 288550680)
snapshot:398 (200890 bytes; live heap 289235041)
snapshot:399 (326 bytes; live heap 288651909)
snapshot:400 (433 bytes; live heap 288620565)
snapshot:401 (904 bytes; live heap 288606577)
snapshot:402 (913 bytes; live heap 288532291)
snapshot:403 (320 bytes; live heap 288471606)
snapshot:404 (890 bytes; live heap 288450045)
snapshot:405 (413 bytes; live heap 288440474)
snapshot:406 (412 bytes; live heap 288392895)
snapshot:407 (888 bytes; live heap 288325591)
snapshot:408 (412 bytes; live heap 288328026)
snapshot:409 (245320 bytes; live heap 289151130)
certificate:seed5 (448 bytes)
snapshot:410 (321 bytes; live heap 289261900)
snapshot:411 (152 bytes; live heap 289329145)
snapshot:412 (925 bytes; live heap 289358723)
snapshot:413 (53 bytes; live heap 289381958)
snapshot:414 (412 bytes; live heap 289424517)
snapshot:415 (320 bytes; live heap 289443577)
snapshot:416 (435 bytes; live heap 289472106)
snapshot:417 (10411 bytes; live heap 289562724)
snapshot:418 (215 bytes; live heap 289572456)
snapshot:419 (435 bytes; live heap 283785958)
snapshot:420 (10890 bytes; live heap 267888574)
lockfile:13 (13080 bytes; live heap 267683118)
snapshot:421 (454 bytes; live heap 268087413)
lockfile:14 (25551 bytes; live heap 266201453)
snapshot:422 (412 bytes; live heap 266140734)
snapshot:423 (306 bytes; live heap 260871084)
snapshot:424 (934 bytes; live heap 266811536)
snapshot:425 (819 bytes; live heap 266532124)
lockfile:15 (2911 bytes; live heap 266213867)
snapshot:426 (921 bytes; live heap 263374750)
lockfile:16 (2396 bytes; live heap 263882531)
snapshot:427 (390 bytes; live heap 263898205)
bitproof:seed0 (132 bytes)
bitproof:seed1 (74998 bytes)
snapshot:428 (1134 bytes; live heap 264236777)
bitproof:seed2 (136712 bytes)
snapshot:429 (10308 bytes; live heap 264003648)
lockfile:17 (5676 bytes; live heap 264010671)
snapshot:430 (412 bytes; live heap 258275848)
snapshot:431 (320 bytes; live heap 263509740)
bitproof:seed3 (3090 bytes)
snapshot:432 (890 bytes; live heap 262259812)
bitproof:seed4 (134 bytes)
lockfile:18 (83464 bytes; live heap 261758220)
bitproof:seed5 (132920 bytes)
bitproof:seed6 (132 bytes)
bitproof:seed7 (134 bytes)
bitproof:seed8 (1109 bytes)
snapshot:433 (45412 bytes; live heap 242906774)
bitproof:seed9 (143280 bytes)
snapshot:434 (412 bytes; live heap 212749094)
bitproof:seed10 (8829 bytes)
snapshot:435 (890 bytes; live heap 219964619)
bitproof:seed11 (759455 bytes)
snapshot:436 (321 bytes; live heap 225743450)
snapshot:437 (890 bytes; live heap 233997683)
snapshot:438 (200415 bytes; live heap 234071697)
snapshot:439 (906 bytes; live heap 211448131)
snapshot:440 (320 bytes; live heap 215393972)
lockfile:19 (25547 bytes; live heap 234119466)
snapshot:441 (580 bytes; live heap 233949417)
snapshot:442 (890 bytes; live heap 233348697)
snapshot:443 (1246 bytes; live heap 229379729)
eval:142 (300004 bytes; live heap 226148589)
snapshot:444 (321320 bytes; live heap 230712661)
eval:143 (2 bytes; live heap 225838841)
eval:144 (35 bytes; live heap 225832937)
snapshot:445 (320 bytes; live heap 225494993)
eval:145 (296 bytes; live heap 225481609)
snapshot:446 (320 bytes; live heap 225476065)
eval:146 (22 bytes; live heap 225467205)
eval:147 (12 bytes; live heap 225421421)
snapshot:447 (890 bytes; live heap 225406863)
eval:148 (24 bytes; live heap 219562409)
snapshot:448 (907 bytes; live heap 225137220)
snapshot:449 (1147 bytes; live heap 224566509)
eval:149 (5 bytes; live heap 218563243)
eval:150 (4 bytes; live heap 223783454)
bitproof:seed12 (594334 bytes)
snapshot:450 (125320 bytes; live heap 223013702)
eval:151 (1 bytes; live heap 223137723)
snapshot:451 (532 bytes; live heap 223041769)
eval:152 (4 bytes; live heap 223048431)
snapshot:452 (523 bytes; live heap 223348934)
snapshot:453 (463 bytes; live heap 224242649)
snapshot:454 (315 bytes; live heap 224982560)
eval:153 (12293 bytes; live heap 224708694)
eval:154 (10 bytes; live heap 224702157)
snapshot:455 (399 bytes; live heap 224697094)
certificate:0 (373794 bytes; live heap 224581407)
snapshot:456 (890 bytes; live heap 224491255)
eval:155 (13 bytes; live heap 224492470)
eval:156 (200028 bytes; live heap 224172327)
certificate:1 (93469 bytes; live heap 224614051)
bitproof:0 (3841 bytes; live heap 224778208)
eval:157 (25 bytes; live heap 224640050)
snapshot:457 (200424 bytes; live heap 224450882)
eval:158 (0 bytes; live heap 224510126)
eval:159 (6001 bytes; live heap 224620211)
bitproof:1 (80 bytes; live heap 224768666)
eval:160 (4 bytes; live heap 224850201)
bitproof:2 (168 bytes; live heap 224930813)
snapshot:458 (523 bytes; live heap 219389903)
eval:161 (23 bytes; live heap 225087693)
snapshot:459 (412 bytes; live heap 225398684)
bitproof:3 (23090 bytes; live heap 225202352)
eval:162 (45 bytes; live heap 225206213)
snapshot:460 (320 bytes; live heap 225260148)
bitproof:4 (132 bytes; live heap 225408523)
snapshot:461 (552 bytes; live heap 225412867)
eval:163 (90 bytes; live heap 225639700)
snapshot:462 (1150 bytes; live heap 231830669)
eval:164 (22 bytes; live heap 233081651)
certificate:2 (149142 bytes; live heap 228499942)
snapshot:463 (414 bytes; live heap 228466287)
eval:165 (30 bytes; live heap 228463715)
bitproof:5 (802720 bytes; live heap 228174195)
snapshot:464 (435 bytes; live heap 228174977)
snapshot:465 (42320 bytes; live heap 228051426)
snapshot:466 (320 bytes; live heap 229069180)
eval:166 (6001 bytes; live heap 229434064)
certificate:3 (98484 bytes; live heap 230870607)
eval:167 (12 bytes; live heap 233724919)
eval:168 (13 bytes; live heap 231357931)
bitproof:6 (96 bytes; live heap 230543373)
snapshot:467 (200412 bytes; live heap 225123179)
snapshot:468 (1386 bytes; live heap 232330016)
snapshot:469 (18890 bytes; live heap 226831708)
bitproof:7 (136714 bytes; live heap 231895659)
snapshot:470 (117412 bytes; live heap 231818577)
snapshot:471 (100890 bytes; live heap 231806724)
eval:169 (2324 bytes; live heap 231612896)
snapshot:472 (890 bytes; live heap 225114233)
snapshot:473 (320 bytes; live heap 225659070)
bitproof:8 (142 bytes; live heap 225100348)
snapshot:474 (10320 bytes; live heap 225032568)
snapshot:475 (879 bytes; live heap 230761544)
snapshot:476 (428 bytes; live heap 231298973)
eval:170 (2 bytes; live heap 231400875)
snapshot:477 (491 bytes; live heap 231424881)
eval:171 (43 bytes; live heap 231461307)
snapshot:478 (139 bytes; live heap 225769071)
snapshot:479 (412 bytes; live heap 231036670)
snapshot:480 (1039 bytes; live heap 230732683)
eval:172 (165 bytes; live heap 230623435)
bitproof:9 (137044 bytes; live heap 230447941)
eval:173 (1075 bytes; live heap 230573659)
eval:174 (38 bytes; live heap 230225277)
eval:175 (2 bytes; live heap 224319824)
eval:176 (20 bytes; live heap 229489840)
snapshot:481 (149606 bytes; live heap 229498348)
eval:177 (25 bytes; live heap 229511099)
eval:178 (39 bytes; live heap 229458962)
eval:179 (25 bytes; live heap 224449329)
eval:180 (200025 bytes; live heap 224474534)
eval:181 (2 bytes; live heap 223716427)
eval:182 (22 bytes; live heap 223617487)
snapshot:482 (107512 bytes; live heap 223594871)
bitproof:10 (6895 bytes; live heap 223672040)
snapshot:483 (569 bytes; live heap 223422188)
snapshot:484 (320 bytes; live heap 223202371)
snapshot:485 (320 bytes; live heap 217372553)
equality:29 (1600242 bytes; live heap 214181111)
snapshot:486 (890 bytes; live heap 214146908)
snapshot:487 (553 bytes; live heap 220453516)
snapshot:488 (99320 bytes; live heap 221196055)
snapshot:489 (320 bytes; live heap 221906034)
snapshot:490 (891 bytes; live heap 222009363)
snapshot:491 (890 bytes; live heap 221999531)
snapshot:492 (320 bytes; live heap 222119920)
snapshot:493 (104412 bytes; live heap 222205978)
snapshot:494 (413 bytes; live heap 222110860)
snapshot:495 (404 bytes; live heap 222225265)
snapshot:496 (890 bytes; live heap 223182943)
snapshot:497 (890 bytes; live heap 223355811)
snapshot:498 (56435 bytes; live heap 223636244)
equality:30 (474 bytes; live heap 222147800)
snapshot:499 (1335 bytes; live heap 221285090)
snapshot:500 (580 bytes; live heap 221728704)
snapshot:501 (111458 bytes; live heap 221215233)
snapshot:502 (890 bytes; live heap 220453926)
snapshot:503 (1318 bytes; live heap 220051547)
snapshot:504 (890 bytes; live heap 219737861)
eval:183 (18037 bytes; live heap 212441312)
bitproof:11 (594336 bytes; live heap 212000922)
snapshot:505 (402 bytes; live heap 212577313)
snapshot:506 (27320 bytes; live heap 212818106)
snapshot:507 (320 bytes; live heap 213818480)
snapshot:508 (418 bytes; live heap 213845744)
snapshot:509 (891 bytes; live heap 213838281)
snapshot:510 (10412 bytes; live heap 219396194)
snapshot:511 (10891 bytes; live heap 219513804)
snapshot:512 (412 bytes; live heap 219511551)
snapshot:513 (496 bytes; live heap 219571975)
snapshot:514 (890 bytes; live heap 213359344)
lockfile:20 (322903 bytes; live heap 220918771)
snapshot:515 (128890 bytes; live heap 222358803)
eval:184 (21 bytes; live heap 223424494)
snapshot:516 (155320 bytes; live heap 223606741)
snapshot:517 (435 bytes; live heap 223843972)
eval:185 (33 bytes; live heap 223873497)
snapshot:518 (343 bytes; live heap 223910186)
snapshot:519 (413 bytes; live heap 224080338)
snapshot:520 (412 bytes; live heap 224180216)
snapshot:521 (435 bytes; live heap 225225479)
snapshot:522 (890 bytes; live heap 225308187)
snapshot:523 (320 bytes; live heap 225497257)
eval:186 (2325 bytes; live heap 225815043)
snapshot:524 (412 bytes; live heap 225884239)
snapshot:525 (152880 bytes; live heap 220892121)
snapshot:526 (890 bytes; live heap 227706229)
eval:187 (75 bytes; live heap 227810408)
snapshot:527 (890 bytes; live heap 229401263)
snapshot:528 (306 bytes; live heap 229432177)
snapshot:529 (331 bytes; live heap 229444505)
snapshot:530 (307 bytes; live heap 223929738)
snapshot:531 (890 bytes; live heap 229703668)
snapshot:532 (20163 bytes; live heap 229978107)
bitproof:12 (74996 bytes; live heap 229916578)
eval:188 (3009 bytes; live heap 230141013)
snapshot:533 (890 bytes; live heap 224754123)
eval:189 (33 bytes; live heap 230444919)
eval:190 (28 bytes; live heap 230763713)
snapshot:534 (975 bytes; live heap 230802390)
eval:191 (26 bytes; live heap 230931807)
snapshot:535 (1045 bytes; live heap 230963431)
snapshot:536 (1174 bytes; live heap 231139988)
eval:192 (3 bytes; live heap 225353025)
eval:193 (10 bytes; live heap 230739258)
eval:194 (10100 bytes; live heap 230684329)
snapshot:537 (890 bytes; live heap 230682931)
snapshot:538 (886 bytes; live heap 231305517)
eval:195 (148 bytes; live heap 231304742)
snapshot:539 (356 bytes; live heap 231326515)
eval:196 (10 bytes; live heap 232089200)
snapshot:540 (890 bytes; live heap 232103026)
eval:197 (2 bytes; live heap 232883428)
eval:198 (22 bytes; live heap 232920681)
eval:199 (41 bytes; live heap 234461567)
eval:200 (2 bytes; live heap 237738668)
eval:201 (10004 bytes; live heap 237873028)
eval:202 (30 bytes; live heap 237950597)
eval:203 (346 bytes; live heap 243997774)
snapshot:541 (1122 bytes; live heap 245394191)
snapshot:542 (893 bytes; live heap 245458020)
eval:204 (19 bytes; live heap 245413831)
certificate:4 (457 bytes; live heap 245261784)
snapshot:543 (320 bytes; live heap 245246577)
eval:205 (33 bytes; live heap 239083159)
eval:206 (3001 bytes; live heap 245548772)
bitproof:13 (1195328 bytes; live heap 234011661)
eval:207 (31 bytes; live heap 234012421)
snapshot:544 (412 bytes; live heap 234036518)
eval:208 (273 bytes; live heap 234025908)
certificate:5 (478 bytes; live heap 234070975)
eval:209 (3001 bytes; live heap 234170108)
eval:210 (31 bytes; live heap 234238817)
eval:211 (37 bytes; live heap 228894995)
eval:212 (30 bytes; live heap 234482995)
eval:213 (84 bytes; live heap 234470651)
eval:214 (65 bytes; live heap 234395749)
eval:215 (33 bytes; live heap 234898163)
eval:216 (22 bytes; live heap 234998081)
snapshot:545 (21412 bytes; live heap 238086546)
certificate:6 (93461 bytes; live heap 238031257)
snapshot:546 (890 bytes; live heap 238148400)
snapshot:547 (52 bytes; live heap 237157858)
snapshot:548 (397 bytes; live heap 229383141)
snapshot:549 (413 bytes; live heap 235655270)
snapshot:550 (77 bytes; live heap 235657544)
snapshot:551 (590 bytes; live heap 235671656)
snapshot:552 (412 bytes; live heap 235676698)
snapshot:553 (672 bytes; live heap 235694304)
snapshot:554 (583 bytes; live heap 236263142)
snapshot:555 (412 bytes; live heap 236251616)
snapshot:556 (40890 bytes; live heap 236319541)
snapshot:557 (1262 bytes; live heap 236282629)
snapshot:558 (320 bytes; live heap 230702119)
snapshot:559 (498 bytes; live heap 236315732)
snapshot:560 (320 bytes; live heap 236331800)
snapshot:561 (412 bytes; live heap 236357507)
snapshot:562 (412 bytes; live heap 236372075)
snapshot:563 (599 bytes; live heap 236415341)
snapshot:564 (320 bytes; live heap 236473468)
snapshot:565 (80883 bytes; live heap 236624977)
snapshot:566 (904 bytes; live heap 236553615)
snapshot:567 (412 bytes; live heap 236604519)
snapshot:568 (192652 bytes; live heap 236018469)
lockfile:21 (12921 bytes; live heap 230214088)
snapshot:569 (890 bytes; live heap 235583698)
snapshot:570 (412 bytes; live heap 235797202)
snapshot:571 (412 bytes; live heap 235873847)
snapshot:572 (890 bytes; live heap 235920211)
snapshot:573 (412 bytes; live heap 236023872)
snapshot:574 (412 bytes; live heap 236085318)
snapshot:575 (890 bytes; live heap 230575198)
snapshot:576 (890 bytes; live heap 230603053)
snapshot:577 (482 bytes; live heap 237067598)
snapshot:578 (352 bytes; live heap 237160141)
snapshot:579 (360 bytes; live heap 231623238)
snapshot:580 (890 bytes; live heap 237243839)
snapshot:581 (320 bytes; live heap 237298274)
lockfile:22 (12595 bytes; live heap 237520831)
snapshot:582 (72412 bytes; live heap 237540055)
snapshot:583 (425 bytes; live heap 237949547)
snapshot:584 (343 bytes; live heap 238030897)
snapshot:585 (417 bytes; live heap 238079200)
snapshot:586 (913 bytes; live heap 238222840)
snapshot:587 (19 bytes; live heap 238275687)
snapshot:588 (891 bytes; live heap 238336656)
snapshot:589 (936 bytes; live heap 238401216)
snapshot:590 (502 bytes; live heap 238519766)
snapshot:591 (229 bytes; live heap 233072355)
snapshot:592 (320 bytes; live heap 238750158)
snapshot:593 (997 bytes; live heap 238802972)
snapshot:594 (178955 bytes; live heap 239625403)
snapshot:595 (412 bytes; live heap 239321756)
snapshot:596 (334 bytes; live heap 240572194)
snapshot:597 (890 bytes; live heap 240874926)
snapshot:598 (320 bytes; live heap 241074503)
lockfile:23 (25536 bytes; live heap 241193799)
snapshot:599 (318 bytes; live heap 241704650)
snapshot:600 (10884 bytes; live heap 241858315)
snapshot:601 (432 bytes; live heap 241989688)
snapshot:602 (672 bytes; live heap 242042387)
snapshot:603 (10320 bytes; live heap 242170486)
snapshot:604 (412 bytes; live heap 242264132)
snapshot:605 (399 bytes; live heap 242281867)
snapshot:606 (328 bytes; live heap 242318855)
snapshot:607 (913 bytes; live heap 242346319)
snapshot:608 (18320 bytes; live heap 242523739)
snapshot:609 (346 bytes; live heap 242644230)
snapshot:610 (890 bytes; live heap 237114616)
snapshot:611 (320 bytes; live heap 243081458)
snapshot:612 (14890 bytes; live heap 237596070)
snapshot:613 (890 bytes; live heap 243275475)
snapshot:614 (1031 bytes; live heap 243509779)
snapshot:615 (876 bytes; live heap 243520380)
snapshot:616 (305 bytes; live heap 243637398)
snapshot:617 (440 bytes; live heap 238047534)
snapshot:618 (890 bytes; live heap 243684830)
snapshot:619 (412 bytes; live heap 243737489)
snapshot:620 (890 bytes; live heap 243836333)
snapshot:621 (890 bytes; live heap 244051783)
snapshot:622 (139412 bytes; live heap 244769503)
snapshot:623 (410 bytes; live heap 244876393)
snapshot:624 (1294 bytes; live heap 244945917)
snapshot:625 (433 bytes; live heap 244970221)
snapshot:626 (412 bytes; live heap 244985577)
snapshot:627 (890 bytes; live heap 245005817)
snapshot:628 (187343 bytes; live heap 246678957)
snapshot:629 (982 bytes; live heap 247746148)
snapshot:630 (890 bytes; live heap 247875283)
snapshot:631 (1151 bytes; live heap 247929434)
snapshot:632 (336 bytes; live heap 248374054)
snapshot:633 (412 bytes; live heap 248469110)
snapshot:634 (320 bytes; live heap 248709329)
lockfile:24 (1556 bytes; live heap 249042644)
snapshot:635 (1133 bytes; live heap 249257306)
snapshot:636 (579 bytes; live heap 249312092)
snapshot:637 (320 bytes; live heap 249434903)
snapshot:638 (810 bytes; live heap 249863757)
snapshot:639 (413 bytes; live heap 249927496)
snapshot:640 (394 bytes; live heap 249963983)
snapshot:641 (891 bytes; live heap 249971571)
snapshot:642 (327 bytes; live heap 249996517)
lockfile:25 (5660 bytes; live heap 249996081)
snapshot:643 (320 bytes; live heap 250172639)
snapshot:644 (99628 bytes; live heap 252838160)
lockfile:26 (7954 bytes; live heap 254328334)
snapshot:645 (164413 bytes; live heap 254376516)
snapshot:646 (913 bytes; live heap 254122117)
snapshot:647 (719 bytes; live heap 254269618)
snapshot:648 (1018 bytes; live heap 254540225)
snapshot:649 (320 bytes; live heap 254695332)
lockfile:27 (2410 bytes; live heap 255683360)
snapshot:650 (164913 bytes; live heap 256163657)
snapshot:651 (320 bytes; live heap 261156335)
snapshot:652 (412 bytes; live heap 261266942)
snapshot:653 (322 bytes; live heap 261424295)
snapshot:654 (412 bytes; live heap 261531660)
snapshot:655 (181890 bytes; live heap 262751635)
snapshot:656 (451 bytes; live heap 263643060)
snapshot:657 (492 bytes; live heap 263746060)
snapshot:658 (308 bytes; live heap 263874566)
snapshot:659 (482 bytes; live heap 263958775)
snapshot:660 (1156 bytes; live heap 264052783)
snapshot:661 (343 bytes; live heap 264590447)
snapshot:662 (320 bytes; live heap 264656946)
snapshot:663 (672 bytes; live heap 264727256)
snapshot:664 (314 bytes; live heap 264779348)
snapshot:665 (890 bytes; live heap 264872120)
snapshot:666 (431 bytes; live heap 265366941)
snapshot:667 (175 bytes; live heap 265453926)
snapshot:668 (412 bytes; live heap 265535829)
snapshot:669 (129435 bytes; live heap 261061612)
snapshot:670 (890 bytes; live heap 267369717)
snapshot:671 (1239 bytes; live heap 267828223)
snapshot:672 (913 bytes; live heap 268404269)
snapshot:673 (890 bytes; live heap 268547027)
snapshot:674 (890 bytes; live heap 268640066)
snapshot:675 (995 bytes; live heap 269870698)
snapshot:676 (890 bytes; live heap 269974928)
snapshot:677 (413 bytes; live heap 270228741)
snapshot:678 (23320 bytes; live heap 270365908)
snapshot:679 (343 bytes; live heap 270746746)
snapshot:680 (913 bytes; live heap 265843523)
snapshot:681 (335 bytes; live heap 265926720)
snapshot:682 (56412 bytes; live heap 271902327)
snapshot:683 (929 bytes; live heap 272329949)
snapshot:684 (320 bytes; live heap 272450607)
snapshot:685 (110412 bytes; live heap 273306462)
snapshot:686 (1104 bytes; live heap 273239361)
snapshot:687 (890 bytes; live heap 273274681)
snapshot:688 (888 bytes; live heap 273667558)
snapshot:689 (320 bytes; live heap 274097681)
snapshot:690 (412 bytes; live heap 275090917)
snapshot:691 (235 bytes; live heap 276393667)
snapshot:692 (892 bytes; live heap 276406268)
snapshot:693 (890 bytes; live heap 276421656)
snapshot:694 (409 bytes; live heap 276857675)
snapshot:695 (320 bytes; live heap 277114355)
snapshot:696 (320 bytes; live heap 272252006)
snapshot:697 (333 bytes; live heap 277902836)
snapshot:698 (890 bytes; live heap 277921167)
snapshot:699 (343 bytes; live heap 278038332)
snapshot:700 (412 bytes; live heap 278075667)
snapshot:701 (200452 bytes; live heap 278710415)
snapshot:702 (412 bytes; live heap 279161356)
snapshot:703 (884 bytes; live heap 279273410)
snapshot:704 (320 bytes; live heap 273831354)
snapshot:705 (125 bytes; live heap 274246816)
snapshot:706 (244 bytes; live heap 274261725)
snapshot:707 (603 bytes; live heap 279885664)
snapshot:708 (738 bytes; live heap 279897523)
snapshot:709 (412 bytes; live heap 279902965)
snapshot:710 (14 bytes; live heap 279917377)
snapshot:711 (934 bytes; live heap 279946803)
snapshot:712 (890 bytes; live heap 279956725)
snapshot:713 (890 bytes; live heap 273600469)
snapshot:714 (7320 bytes; live heap 280556375)
snapshot:715 (890 bytes; live heap 274934166)
snapshot:716 (435 bytes; live heap 280540697)
snapshot:717 (890 bytes; live heap 280532316)
snapshot:718 (280 bytes; live heap 280988488)
snapshot:719 (890 bytes; live heap 281060869)
snapshot:720 (201890 bytes; live heap 283366569)
snapshot:721 (321 bytes; live heap 284434577)
snapshot:722 (41890 bytes; live heap 284555920)
snapshot:723 (103696 bytes; live heap 284816225)
snapshot:724 (200412 bytes; live heap 285042715)
snapshot:725 (115412 bytes; live heap 279313750)
snapshot:726 (320 bytes; live heap 279370588)
snapshot:727 (890 bytes; live heap 285043137)
snapshot:728 (412 bytes; live heap 284956849)
snapshot:729 (652 bytes; live heap 284934203)
snapshot:730 (890 bytes; live heap 284931569)
snapshot:731 (1104 bytes; live heap 284552142)
snapshot:732 (422 bytes; live heap 284532080)
snapshot:733 (891 bytes; live heap 284494161)
snapshot:734 (126412 bytes; live heap 284646736)
snapshot:735 (412 bytes; live heap 284408288)
snapshot:736 (488 bytes; live heap 284392859)
snapshot:737 (343 bytes; live heap 284332232)
snapshot:738 (412 bytes; live heap 278685484)
snapshot:739 (403 bytes; live heap 284241635)
snapshot:740 (523 bytes; live heap 284220884)
snapshot:741 (332 bytes; live heap 284203161)
snapshot:742 (891 bytes; live heap 284126549)
snapshot:743 (1380 bytes; live heap 283933544)
snapshot:744 (457 bytes; live heap 278275581)
snapshot:745 (320 bytes; live heap 278235734)
snapshot:746 (890 bytes; live heap 283329410)
snapshot:747 (890 bytes; live heap 283435991)
row-model:0 (153321 bytes; live heap 283252671)
row-model:1 (153300 bytes; live heap 282845081)
snapshot:748 (343 bytes; live heap 282740476)
snapshot:749 (929 bytes; live heap 282705520)
snapshot:750 (412 bytes; live heap 282514734)
snapshot:751 (471 bytes; live heap 282341564)
snapshot:752 (200320 bytes; live heap 281076080)
snapshot:753 (947 bytes; live heap 279178882)
snapshot:754 (63 bytes; live heap 278894190)
snapshot:755 (433 bytes; live heap 278825203)
snapshot:756 (1172 bytes; live heap 278779652)
snapshot:757 (524 bytes; live heap 278491673)
snapshot:758 (320 bytes; live heap 278413659)
snapshot:759 (320 bytes; live heap 277133207)
snapshot:760 (412 bytes; live heap 276360158)
snapshot:761 (320 bytes; live heap 276308466)
snapshot:762 (343 bytes; live heap 276242376)
snapshot:763 (419 bytes; live heap 276196640)
snapshot:764 (412 bytes; live heap 276082678)
snapshot:765 (910 bytes; live heap 276037049)
snapshot:766 (890 bytes; live heap 275899337)
snapshot:767 (412 bytes; live heap 275840342)
snapshot:768 (413 bytes; live heap 275683736)
snapshot:769 (97320 bytes; live heap 269600391)
snapshot:770 (1126 bytes; live heap 268998257)
snapshot:771 (10441 bytes; live heap 275227106)
snapshot:772 (412 bytes; live heap 274963442)
snapshot:773 (426 bytes; live heap 274787121)
snapshot:774 (200320 bytes; live heap 272651385)
snapshot:775 (425 bytes; live heap 271450828)
snapshot:776 (413 bytes; live heap 265587138)
snapshot:777 (243412 bytes; live heap 270298646)
snapshot:778 (200328 bytes; live heap 268498600)
snapshot:779 (424 bytes; live heap 266956984)
snapshot:780 (320 bytes; live heap 266854055)
snapshot:781 (412 bytes; live heap 261113136)
snapshot:782 (412 bytes; live heap 266652698)
snapshot:783 (320 bytes; live heap 266359912)
snapshot:784 (412 bytes; live heap 266321507)
snapshot:785 (890 bytes; live heap 266265098)
snapshot:786 (97320 bytes; live heap 265454490)
snapshot:787 (890 bytes; live heap 264692493)
snapshot:788 (502 bytes; live heap 264585440)
snapshot:789 (412 bytes; live heap 264436957)
snapshot:790 (391 bytes; live heap 264191348)
snapshot:791 (412 bytes; live heap 264141613)
snapshot:792 (429 bytes; live heap 258355140)
snapshot:793 (321 bytes; live heap 263846384)
certificate:7 (155244 bytes; live heap 263694691)
snapshot:794 (666 bytes; live heap 263655999)
snapshot:795 (440 bytes; live heap 263619047)
snapshot:796 (916 bytes; live heap 263616140)
snapshot:797 (435 bytes; live heap 263609954)
snapshot:798 (887 bytes; live heap 263503060)
snapshot:799 (428 bytes; live heap 263496104)
snapshot:800 (320 bytes; live heap 263182189)
snapshot:801 (890 bytes; live heap 257646015)
snapshot:802 (1120 bytes; live heap 263169303)
snapshot:803 (890 bytes; live heap 263153066)
snapshot:804 (890 bytes; live heap 263123175)
snapshot:805 (343 bytes; live heap 257359671)
snapshot:806 (913 bytes; live heap 257314747)
snapshot:807 (913 bytes; live heap 257271677)
snapshot:808 (320 bytes; live heap 262807904)
snapshot:809 (239435 bytes; live heap 262301921)
certificate:8 (148549 bytes; live heap 262257624)
snapshot:810 (890 bytes; live heap 262046861)
snapshot:811 (29412 bytes; live heap 262095791)
snapshot:812 (320 bytes; live heap 262087439)
snapshot:813 (320 bytes; live heap 262097298)
snapshot:814 (1150 bytes; live heap 262096391)
snapshot:815 (945 bytes; live heap 256450515)
snapshot:816 (320 bytes; live heap 262054755)
snapshot:817 (476 bytes; live heap 262036358)
snapshot:818 (61320 bytes; live heap 262000411)
snapshot:819 (33890 bytes; live heap 261975433)
snapshot:820 (200343 bytes; live heap 261681395)
snapshot:821 (446 bytes; live heap 260946984)
snapshot:822 (320 bytes; live heap 260953249)
snapshot:823 (412 bytes; live heap 260957810)
snapshot:824 (904 bytes; live heap 260901557)
snapshot:825 (435 bytes; live heap 260707736)
snapshot:826 (320 bytes; live heap 260661595)
snapshot:827 (891 bytes; live heap 260619798)
snapshot:828 (22320 bytes; live heap 260486224)
snapshot:829 (892 bytes; live heap 260171332)
snapshot:830 (911 bytes; live heap 260131119)
snapshot:831 (129890 bytes; live heap 259683221)
snapshot:832 (320 bytes; live heap 258873522)
snapshot:833 (412 bytes; live heap 258432990)
snapshot:834 (1142 bytes; live heap 258611806)
snapshot:835 (890 bytes; live heap 258589315)
snapshot:836 (413 bytes; live heap 258508070)
snapshot:837 (320 bytes; live heap 258492182)
snapshot:838 (315 bytes; live heap 252856751)
snapshot:839 (954 bytes; live heap 252822273)
snapshot:840 (320 bytes; live heap 258318433)
snapshot:841 (320 bytes; live heap 257934755)
snapshot:842 (531 bytes; live heap 257501030)
snapshot:843 (890 bytes; live heap 257456651)
snapshot:844 (73320 bytes; live heap 256348218)
snapshot:845 (412 bytes; live heap 256202836)
snapshot:846 (890 bytes; live heap 256184375)
snapshot:847 (412 bytes; live heap 256210160)
snapshot:848 (412 bytes; live heap 250627547)
snapshot:849 (879 bytes; live heap 256198718)
snapshot:850 (320 bytes; live heap 256149182)
snapshot:851 (412 bytes; live heap 256149915)
snapshot:852 (1046 bytes; live heap 256118658)
snapshot:853 (883 bytes; live heap 256106721)
snapshot:854 (320 bytes; live heap 256072613)
snapshot:855 (856 bytes; live heap 256048951)
snapshot:856 (320 bytes; live heap 256031802)
snapshot:857 (320 bytes; live heap 256017563)
snapshot:858 (320 bytes; live heap 255991117)
snapshot:859 (320 bytes; live heap 255948557)
snapshot:860 (890 bytes; live heap 255927311)
snapshot:861 (321 bytes; live heap 255818423)
snapshot:862 (200890 bytes; live heap 255905605)
snapshot:863 (405 bytes; live heap 255691627)
snapshot:864 (379 bytes; live heap 255689705)
snapshot:865 (890 bytes; live heap 255662103)
snapshot:866 (1104 bytes; live heap 250051366)
snapshot:867 (412 bytes; live heap 255637083)
snapshot:868 (10890 bytes; live heap 255556012)
snapshot:869 (412 bytes; live heap 249887309)
snapshot:870 (320 bytes; live heap 255464467)
snapshot:871 (890 bytes; live heap 255462072)
snapshot:872 (435 bytes; live heap 255394317)
snapshot:873 (913 bytes; live heap 255388960)
snapshot:874 (352 bytes; live heap 255361204)
snapshot:875 (205890 bytes; live heap 254953347)
snapshot:876 (320 bytes; live heap 254460787)
snapshot:877 (891 bytes; live heap 248860475)
snapshot:878 (412 bytes; live heap 254413602)
snapshot:879 (992 bytes; live heap 254110635)
snapshot:880 (890 bytes; live heap 254085187)
snapshot:881 (1104 bytes; live heap 254050555)
snapshot:882 (412 bytes; live heap 254093491)
snapshot:883 (268890 bytes; live heap 254077934)
snapshot:884 (571 bytes; live heap 252973881)
snapshot:885 (426 bytes; live heap 252979037)
snapshot:886 (412 bytes; live heap 247391505)
snapshot:887 (890 bytes; live heap 252993065)
snapshot:888 (313 bytes; live heap 252971667)
snapshot:889 (320 bytes; live heap 252956139)
snapshot:890 (320 bytes; live heap 252918199)
eval:217 (1800019 bytes; live heap 249725625)
snapshot:891 (10734 bytes; live heap 249737037)
snapshot:892 (320 bytes; live heap 249730451)
snapshot:893 (891 bytes; live heap 249860420)
snapshot:894 (598 bytes; live heap 249955205)
snapshot:895 (412 bytes; live heap 249978687)
snapshot:896 (444 bytes; live heap 249995057)
snapshot:897 (346 bytes; live heap 250006772)
snapshot:898 (551 bytes; live heap 250033139)
snapshot:899 (173 bytes; live heap 244503742)
snapshot:900 (200902 bytes; live heap 250670911)
snapshot:901 (948 bytes; live heap 250358749)
snapshot:902 (320 bytes; live heap 250621289)
snapshot:903 (930 bytes; live heap 250636920)
snapshot:904 (580 bytes; live heap 250673922)
snapshot:905 (412 bytes; live heap 250700791)
snapshot:906 (321 bytes; live heap 250721550)
snapshot:907 (412 bytes; live heap 250717473)
snapshot:908 (34412 bytes; live heap 245284187)
snapshot:909 (20024 bytes; live heap 251209911)
snapshot:910 (623 bytes; live heap 251265173)
snapshot:911 (320 bytes; live heap 251375776)
snapshot:912 (412 bytes; live heap 251436406)
snapshot:913 (890 bytes; live heap 251496496)
snapshot:914 (412 bytes; live heap 251661104)
snapshot:915 (1047 bytes; live heap 251736768)
snapshot:916 (890 bytes; live heap 251835254)
snapshot:917 (320 bytes; live heap 251862816)
snapshot:918 (165098 bytes; live heap 246734971)
snapshot:919 (39406 bytes; live heap 253203359)
snapshot:920 (890 bytes; live heap 253319885)
snapshot:921 (10902 bytes; live heap 253373916)
snapshot:922 (498 bytes; live heap 253374109)
snapshot:923 (321 bytes; live heap 253391531)
snapshot:924 (728 bytes; live heap 253418792)
snapshot:925 (50890 bytes; live heap 253570975)
snapshot:926 (412 bytes; live heap 253627353)
snapshot:927 (44890 bytes; live heap 253758385)
snapshot:928 (412 bytes; live heap 253949449)
snapshot:929 (890 bytes; live heap 254285879)
snapshot:930 (390 bytes; live heap 254500679)
snapshot:931 (320 bytes; live heap 254548282)
snapshot:932 (887 bytes; live heap 254578051)
snapshot:933 (890 bytes; live heap 254581273)
snapshot:934 (344 bytes; live heap 249085099)
snapshot:935 (320 bytes; live heap 254700817)
snapshot:936 (320 bytes; live heap 254723628)
snapshot:937 (443 bytes; live heap 254759072)
snapshot:938 (320 bytes; live heap 254759018)
snapshot:939 (404 bytes; live heap 254770319)
snapshot:940 (10425 bytes; live heap 254900127)
snapshot:941 (15 bytes; live heap 255083891)
snapshot:942 (1068 bytes; live heap 255105672)
bitproof:14 (703163 bytes; live heap 254654004)
snapshot:943 (61890 bytes; live heap 254726159)
snapshot:944 (39412 bytes; live heap 255272427)
snapshot:945 (105468 bytes; live heap 256117631)
snapshot:946 (343 bytes; live heap 254322856)
snapshot:947 (396 bytes; live heap 254398889)
snapshot:948 (412 bytes; live heap 254526776)
snapshot:949 (306 bytes; live heap 254548006)
snapshot:950 (96 bytes; live heap 254576301)
snapshot:951 (460 bytes; live heap 254598940)
snapshot:952 (277 bytes; live heap 254792548)
snapshot:953 (913 bytes; live heap 255010656)
snapshot:954 (200412 bytes; live heap 255497049)
snapshot:955 (115 bytes; live heap 255302352)
snapshot:956 (890 bytes; live heap 255304092)
snapshot:957 (913 bytes; live heap 255316499)
snapshot:958 (320 bytes; live heap 255328688)
snapshot:959 (323 bytes; live heap 255316638)
snapshot:960 (321 bytes; live heap 255315954)
snapshot:961 (890 bytes; live heap 249708451)
snapshot:962 (321 bytes; live heap 255704321)
snapshot:963 (412 bytes; live heap 255684926)
snapshot:964 (723 bytes; live heap 255922633)
snapshot:965 (672 bytes; live heap 255917744)
snapshot:966 (401 bytes; live heap 255912646)
snapshot:967 (422 bytes; live heap 255631872)
snapshot:968 (320 bytes; live heap 255746115)
snapshot:969 (57 bytes; live heap 255797699)
snapshot:970 (412 bytes; live heap 255766002)
snapshot:971 (10320 bytes; live heap 255787798)
snapshot:972 (421 bytes; live heap 255771560)
snapshot:973 (215 bytes; live heap 255773148)
snapshot:974 (349 bytes; live heap 255764744)
snapshot:975 (890 bytes; live heap 255783593)
snapshot:976 (412 bytes; live heap 251202363)
snapshot:977 (890 bytes; live heap 256843328)
snapshot:978 (145 bytes; live heap 257001408)
snapshot:979 (469 bytes; live heap 257056097)
snapshot:980 (662 bytes; live heap 257155079)
snapshot:981 (890 bytes; live heap 251592727)
snapshot:982 (101 bytes; live heap 257532534)
snapshot:983 (320 bytes; live heap 257577546)
snapshot:984 (890 bytes; live heap 257642408)
snapshot:985 (364 bytes; live heap 257719726)
snapshot:986 (412 bytes; live heap 252232898)
snapshot:987 (890 bytes; live heap 257953794)
snapshot:988 (396 bytes; live heap 252573404)
snapshot:989 (692 bytes; live heap 258178493)
snapshot:990 (343 bytes; live heap 258225516)
snapshot:991 (880 bytes; live heap 258254162)
snapshot:992 (647 bytes; live heap 258330466)
snapshot:993 (320 bytes; live heap 258362628)
snapshot:994 (586 bytes; live heap 258390307)
snapshot:995 (766 bytes; live heap 258422880)
snapshot:996 (105 bytes; live heap 258438616)
snapshot:997 (320 bytes; live heap 252849118)
snapshot:998 (1186 bytes; live heap 258478431)
snapshot:999 (435 bytes; live heap 258512244)
snapshot: 1000 cases in 906.515625ms; 84 mutants accepted; slowest seed 1.658708ms; slowest case 174 18.81325ms; largest heap case 878 2109396 bytes
     320 truncated snapshot
     122 snapshot program or schema identity mismatch
     103 snapshot value limit exceeded
      87 snapshot payload length mismatch
      45 snapshot integrity check failed
      39 invalid enum tag
      35 noncanonical signed integer
      32 duplicate or unordered snapshot key
      25 unknown snapshot event channel
      19 trailing snapshot payload
      16 snapshot format or semantics version mismatch
      15 invalid UTF-8
      14 snapshot byte length invalid
      12 invalid snapshot event sequence
      11 invalid Option tag
      10 invalid Result tag
       8 invalid Bool tag
       3 snapshot length overflow
test fuzz_snapshots ... ok
certificate:9 (148551 bytes; live heap 263064513)
bitproof:15 (144 bytes; live heap 262131397)
certificate:10 (418836 bytes; live heap 263652032)
certificate:11 (97905 bytes; live heap 265167847)
certificate:12 (155977 bytes; live heap 266508963)
certificate:13 (93400 bytes; live heap 269162459)
equality:31 (240509 bytes; live heap 269480338)
equality:32 (468 bytes; live heap 268406964)
certificate:14 (150233 bytes; live heap 266555949)
certificate:15 (93463 bytes; live heap 266007561)
bitproof:16 (759839 bytes; live heap 269064474)
equality:33 (8149 bytes; live heap 269273166)
bitproof:17 (6590 bytes; live heap 269135862)
bitproof:18 (75009 bytes; live heap 269812613)
bitproof:19 (4842 bytes; live heap 264721176)
equality:34 (24779 bytes; live heap 277266118)
equality:35 (464 bytes; live heap 281648572)
equality:36 (1140 bytes; live heap 285248561)
equality:37 (525 bytes; live heap 288201662)
equality:38 (454 bytes; live heap 285873490)
equality:39 (500 bytes; live heap 293683823)
equality:40 (495 bytes; live heap 294613796)
equality:41 (450 bytes; live heap 296889953)
equality:42 (525 bytes; live heap 292316805)
equality:43 (464 bytes; live heap 300787247)
equality:44 (268 bytes; live heap 301216053)
equality:45 (461 bytes; live heap 303135100)
equality:46 (225 bytes; live heap 304726412)
equality:47 (494 bytes; live heap 305691134)
equality:48 (523 bytes; live heap 310528370)
equality:49 (552 bytes; live heap 315318094)
equality:50 (467 bytes; live heap 316942809)
equality:51 (481 bytes; live heap 317963181)
equality:52 (500 bytes; live heap 323644697)
certificate:16 (489 bytes; live heap 341367600)
certificate:17 (93469 bytes; live heap 343003024)
certificate:18 (98484 bytes; live heap 339098167)
row-model:2 (153308 bytes; live heap 347520563)
row-model:3 (152632 bytes; live heap 346854327)
certificate:19 (104273 bytes; live heap 342278417)
certificate:20 (97911 bytes; live heap 344770773)
certificate:21 (443 bytes; live heap 327291409)
certificate:22 (148586 bytes; live heap 327560356)
equality:53 (104251 bytes; live heap 326692119)
certificate:23 (485 bytes; live heap 326609731)
equality:54 (10787 bytes; live heap 326426947)
certificate:24 (148494 bytes; live heap 326124720)
equality:55 (824 bytes; live heap 325892838)
equality:56 (512 bytes; live heap 325777298)
equality:57 (555 bytes; live heap 325126250)
equality:58 (2587 bytes; live heap 323700698)
equality:59 (192 bytes; live heap 289658169)
equality:60 (461 bytes; live heap 287887246)
equality:61 (195 bytes; live heap 271503749)
equality:62 (456 bytes; live heap 276141630)
equality:63 (923 bytes; live heap 275453673)
equality:64 (454 bytes; live heap 275182346)
equality:65 (778 bytes; live heap 274927568)
equality:66 (318 bytes; live heap 268997940)
equality:67 (753 bytes; live heap 271733798)
equality:68 (463 bytes; live heap 266806334)
bitproof:20 (4693175 bytes; live heap 258502742)
certificate:25 (93232 bytes; live heap 258476511)
equality:69 (533 bytes; live heap 253216039)
equality:70 (185 bytes; live heap 258076902)
certificate:26 (149112 bytes; live heap 258349712)
equality:71 (201 bytes; live heap 258379176)
equality:72 (485 bytes; live heap 258208532)
equality:73 (1140 bytes; live heap 258520887)
equality:74 (233 bytes; live heap 257696275)
equality:75 (425 bytes; live heap 257487532)
equality:76 (477 bytes; live heap 257819804)
equality:77 (1511 bytes; live heap 261417220)
equality:78 (11152 bytes; live heap 262189957)
equality:79 (1348 bytes; live heap 262053452)
test regression_snapshot_schema_expansion_is_bounded ... ok
equality:80 (908 bytes; live heap 261875831)
equality:81 (196 bytes; live heap 256437652)
equality:82 (560 bytes; live heap 261904855)
equality:83 (930 bytes; live heap 261047726)
equality:84 (542 bytes; live heap 261370830)
equality:85 (1151 bytes; live heap 261960258)
equality:86 (882 bytes; live heap 261379812)
equality:87 (528 bytes; live heap 261467801)
equality:88 (1042 bytes; live heap 255876549)
equality:89 (196 bytes; live heap 251972113)
equality:90 (201 bytes; live heap 244317294)
equality:91 (685 bytes; live heap 243486561)
equality:92 (485 bytes; live heap 227046373)
bitproof:21 (8847 bytes; live heap 226827898)
equality:93 (464 bytes; live heap 226732850)
equality:94 (526 bytes; live heap 226285525)
bitproof:22 (157 bytes; live heap 226280941)
bitproof:23 (133 bytes; live heap 225620801)
equality:95 (445 bytes; live heap 224490925)
equality:96 (1151 bytes; live heap 236940722)
equality:97 (230 bytes; live heap 246620830)
equality:98 (470 bytes; live heap 244464477)
equality:99 (1213 bytes; live heap 278580484)
equality:100 (493 bytes; live heap 280559334)
eval:218 (60004 bytes; live heap 282802208)
equality:101 (514 bytes; live heap 283953690)
equality:102 (486 bytes; live heap 283071573)
eval:219 (10 bytes; live heap 283067832)
eval:220 (5 bytes; live heap 283889231)
eval:221 (12 bytes; live heap 278407657)
equality:103 (688 bytes; live heap 284682684)
row-model:4 (152630 bytes; live heap 284506787)
eval:222 (60004 bytes; live heap 286036864)
eval:223 (10003 bytes; live heap 280480019)
equality:104 (928 bytes; live heap 286038025)
eval:224 (22 bytes; live heap 285992115)
eval:225 (36 bytes; live heap 285997849)
eval:226 (25 bytes; live heap 285973627)
eval:227 (2 bytes; live heap 285960319)
eval:228 (5 bytes; live heap 285926263)
equality:105 (473 bytes; live heap 285915065)
eval:229 (30 bytes; live heap 280302314)
eval:230 (7 bytes; live heap 285907553)
equality:106 (486 bytes; live heap 286597954)
equality:107 (456 bytes; live heap 286721105)
equality:108 (499 bytes; live heap 290913887)
equality:109 (59 bytes; live heap 285282666)
equality:110 (483 bytes; live heap 280761177)
lockfile:28 (1702926 bytes; live heap 294253851)
bitproof:24 (11821514 bytes; live heap 226908456)
equality:111 (20551 bytes; live heap 237323064)
equality:112 (2257 bytes; live heap 241123153)
equality:113 (225 bytes; live heap 243197956)
equality:114 (223 bytes; live heap 243765410)
eval:231 (40005 bytes; live heap 242776050)
equality:115 (487 bytes; live heap 245022697)
equality:116 (486 bytes; live heap 240326942)
equality:117 (378 bytes; live heap 247928831)
test regression_eval_scope_is_not_copied_per_element ... ok
bitproof:25 (152 bytes; live heap 180865157)
bitproof:26 (1195345 bytes; live heap 187118728)
bitproof:27 (50620 bytes; live heap 178528546)
bitproof:28 (132920 bytes; live heap 184313771)
bitproof:29 (158 bytes; live heap 183942571)
bitproof:30 (3090 bytes; live heap 183965858)
bitproof:31 (2 bytes; live heap 183179088)
bitproof:32 (311824 bytes; live heap 186790312)
bitproof:33 (96 bytes; live heap 187835418)
bitproof:34 (136712 bytes; live heap 187869789)
bitproof:35 (1003407 bytes; live heap 188717139)
bitproof:36 (1111 bytes; live heap 187095226)
bitproof:37 (3052 bytes; live heap 188002002)
bitproof:38 (144427 bytes; live heap 183310214)
bitproof:39 (170 bytes; live heap 187901464)
bitproof:40 (8844 bytes; live heap 187606324)
bitproof:41 (9039 bytes; live heap 187500121)
eval:232 (34 bytes; live heap 184400517)
eval:233 (22 bytes; live heap 185326925)
eval:234 (200048 bytes; live heap 189288840)
eval:235 (2 bytes; live heap 189852210)
eval:236 (7 bytes; live heap 190619310)
eval:237 (35 bytes; live heap 190882830)
eval:238 (22 bytes; live heap 191040341)
eval:239 (64 bytes; live heap 186073330)
eval:240 (31 bytes; live heap 191968348)
eval:241 (4 bytes; live heap 192152592)
eval:242 (18 bytes; live heap 192253979)
eval:243 (279 bytes; live heap 193513263)
eval:244 (10 bytes; live heap 193731605)
eval:245 (44 bytes; live heap 195907249)
eval:246 (22 bytes; live heap 196304877)
eval:247 (22 bytes; live heap 196450608)
eval:248 (3 bytes; live heap 196736653)
eval:249 (29 bytes; live heap 191503443)
eval:250 (7 bytes; live heap 197820900)
eval:251 (28 bytes; live heap 198189952)
eval:252 (93 bytes; live heap 198956187)
eval:253 (2 bytes; live heap 200331283)
eval:254 (60004 bytes; live heap 216088154)
eval:255 (98 bytes; live heap 212913528)
eval:256 (23 bytes; live heap 207302051)
eval:257 (172 bytes; live heap 212070107)
eval:258 (357 bytes; live heap 205228681)
eval:259 (7 bytes; live heap 208612525)
eval:260 (10033 bytes; live heap 205965769)
eval:261 (5 bytes; live heap 204154328)
eval:262 (34 bytes; live heap 201486738)
eval:263 (12 bytes; live heap 200466520)
eval:264 (6 bytes; live heap 194372108)
eval:265 (200056 bytes; live heap 199157118)
eval:266 (9 bytes; live heap 198920793)
eval:267 (10 bytes; live heap 198925880)
eval:268 (21 bytes; live heap 193331269)
row-model:5 (153244 bytes; live heap 172124545)
row-model:6 (153286 bytes; live heap 169186791)
bitproof:42 (7862115 bytes; live heap 153966534)
eval:269 (73747 bytes; live heap 179012506)
eval:270 (2 bytes; live heap 183648296)
eval:271 (20 bytes; live heap 178616536)
eval:272 (308 bytes; live heap 184461054)
eval:273 (3 bytes; live heap 184683121)
eval:274 (26 bytes; live heap 184789624)
eval:275 (22 bytes; live heap 184884301)
row-model:7 (2209932 bytes; live heap 184475735)
row-model:8 (153371 bytes; live heap 178292265)
bitproof:43 (77904 bytes; live heap 151683748)
bitproof:44 (5436 bytes; live heap 151461317)
bitproof:45 (194 bytes; live heap 145829473)
bitproof:46 (135 bytes; live heap 151408524)
bitproof:47 (140 bytes; live heap 151397654)
bitproof:48 (132 bytes; live heap 145849800)
certificate:27 (451550 bytes; live heap 152014039)
certificate:28 (93411 bytes; live heap 147451873)
certificate:29 (149063 bytes; live heap 149146319)
certificate:30 (477 bytes; live heap 147761914)
bitproof:49 (759138 bytes; live heap 147724193)
certificate:31 (6055 bytes; live heap 147300089)
certificate:32 (155992 bytes; live heap 147619539)
certificate:33 (149115 bytes; live heap 145574239)
core:32 (832507 bytes; live heap 145406458)
certificate:34 (149123 bytes; live heap 147860173)
bitproof:50 (143280 bytes; live heap 147712012)
lockfile:29 (2380 bytes; live heap 137880011)
lockfile:30 (13030 bytes; live heap 143528384)
lockfile:31 (25545 bytes; live heap 142871725)
bitproof:51 (759454 bytes; live heap 141673282)
lockfile:32 (2927 bytes; live heap 138104111)
lockfile:33 (2926 bytes; live heap 144827310)
lockfile:34 (2926 bytes; live heap 146228025)
lockfile:35 (13082 bytes; live heap 147827494)
lockfile:36 (5731 bytes; live heap 149040037)
lockfile:37 (5674 bytes; live heap 149604670)
bitproof:52 (3090 bytes; live heap 147867202)
lockfile:38 (12926 bytes; live heap 149453621)
bitproof:53 (136711 bytes; live heap 148626315)
lockfile:39 (2954 bytes; live heap 146668291)
bitproof:54 (201212 bytes; live heap 147573500)
lockfile:40 (2375 bytes; live heap 148378592)
lockfile:41 (2372 bytes; live heap 149598018)
lockfile:42 (3113 bytes; live heap 152550230)
lockfile:43 (5644 bytes; live heap 149898972)
lockfile:44 (4605 bytes; live heap 153205199)
certificate:35 (93060 bytes; live heap 146863914)
certificate:36 (148550 bytes; live heap 146943958)
lockfile:45 (25676 bytes; live heap 141174470)
bitproof:55 (1211215 bytes; live heap 136997370)
certificate:37 (97908 bytes; live heap 137739209)
lockfile:46 (2428 bytes; live heap 141338236)
lockfile:47 (25382 bytes; live heap 139697928)
bitproof:56 (120 bytes; live heap 130025184)
lockfile:48 (25547 bytes; live heap 129999742)
core:33 (4137 bytes; live heap 129814487)
bitproof:57 (74994 bytes; live heap 128646405)
core:34 (2022 bytes; live heap 121342940)
bitproof:58 (6085 bytes; live heap 126407597)
lockfile:49 (2032 bytes; live heap 120995528)
core:35 (1245 bytes; live heap 127067557)
bitproof:59 (132925 bytes; live heap 126295313)
row-model:9 (153948 bytes; live heap 120572727)
core:36 (607 bytes; live heap 127362954)
lockfile:50 (5596 bytes; live heap 127254632)
bitproof:60 (108 bytes; live heap 125706368)
row-model:10 (153345 bytes; live heap 120189254)
bitproof:61 (26134 bytes; live heap 127511792)
bitproof:62 (19139 bytes; live heap 127277616)
core:37 (1228 bytes; live heap 127250863)
core:38 (1434 bytes; live heap 127597624)
core:39 (986 bytes; live heap 128285241)
core:40 (1468 bytes; live heap 128901860)
lockfile:51 (50444 bytes; live heap 123997917)
lockfile:52 (13145 bytes; live heap 127040492)
core:41 (5264 bytes; live heap 122067968)
bitproof:63 (594344 bytes; live heap 121664988)
lockfile:53 (4459 bytes; live heap 121347061)
lockfile:54 (213102 bytes; live heap 122628530)
lockfile:55 (2394 bytes; live heap 121452375)
core:42 (5246 bytes; live heap 115444447)
core:43 (537 bytes; live heap 119140828)
lockfile:56 (2701 bytes; live heap 119522208)
lockfile:57 (25381 bytes; live heap 119977051)
core:44 (4033 bytes; live heap 121441575)
eval:276 (300004 bytes; live heap 118550285)
certificate:38 (154467 bytes; live heap 121675787)
eval:277 (388 bytes; live heap 115648552)
lockfile:58 (3033 bytes; live heap 109816357)
eval:278 (43 bytes; live heap 109785340)
eval:279 (12 bytes; live heap 114966790)
eval:280 (45 bytes; live heap 114792042)
eval:281 (27 bytes; live heap 114550526)
eval:282 (23 bytes; live heap 114421667)
eval:283 (337 bytes; live heap 113908117)
eval:284 (10 bytes; live heap 115476259)
eval:285 (24 bytes; live heap 115377405)
eval:286 (1 bytes; live heap 115273152)
eval:287 (19 bytes; live heap 115208350)
eval:288 (12 bytes; live heap 115130618)
eval:289 (2 bytes; live heap 115079584)
eval:290 (15 bytes; live heap 115020379)
eval:291 (4 bytes; live heap 114953165)
eval:292 (10 bytes; live heap 114629601)
eval:293 (13 bytes; live heap 114579495)
eval:294 (8 bytes; live heap 108918439)
bitproof:64 (625334 bytes; live heap 107667300)
eval:295 (22 bytes; live heap 107720807)
eval:296 (10 bytes; live heap 108552987)
eval:297 (199986 bytes; live heap 114274962)
test regression_eval_list_copies_cost_fuel ... ok
core:45 (2553 bytes; live heap 93489911)
core:46 (201149 bytes; live heap 95526156)
bitproof:65 (96 bytes; live heap 94787389)
bitproof:66 (9336 bytes; live heap 95443260)
core:47 (2537 bytes; live heap 97380248)
core:48 (1036 bytes; live heap 99936161)
core:49 (397 bytes; live heap 100512643)
core:50 (403 bytes; live heap 102158888)
core:51 (397 bytes; live heap 102750059)
core:52 (7196 bytes; live heap 104560764)
core:53 (123 bytes; live heap 105510120)
core:54 (1187 bytes; live heap 106092262)
core:55 (1205 bytes; live heap 108640563)
core:56 (4129 bytes; live heap 115204443)
core:57 (1147 bytes; live heap 116164518)
core:58 (1221 bytes; live heap 117372743)
core:59 (1915 bytes; live heap 117513698)
core:60 (990 bytes; live heap 117600740)
core:61 (1451 bytes; live heap 119608030)
core:62 (29197 bytes; live heap 140350373)
test regression_logic_substitution_copies_are_charged ... ok
core:63 (5935 bytes; live heap 154430122)
core:64 (585 bytes; live heap 158823464)
core:65 (1167 bytes; live heap 160746150)
core:66 (1924 bytes; live heap 161392947)
certificate:39 (97938 bytes; live heap 163825387)
core:67 (1505 bytes; live heap 163829683)
certificate:40 (210476 bytes; live heap 164797524)
core:68 (5256 bytes; live heap 164830874)
core:69 (995 bytes; live heap 164955181)
certificate:41 (93461 bytes; live heap 165716537)
certificate:42 (477 bytes; live heap 166202972)
certificate:43 (495 bytes; live heap 166390491)
certificate:44 (355954 bytes; live heap 166906165)
core:70 (3418 bytes; live heap 170581889)
core:71 (1883 bytes; live heap 171703586)
core:72 (530 bytes; live heap 172145090)
core:73 (1214 bytes; live heap 172913466)
core:74 (1172 bytes; live heap 173952946)
core:75 (2586 bytes; live heap 171896213)
core:76 (528 bytes; live heap 172237519)
core:77 (982 bytes; live heap 172859677)
core:78 (1058 bytes; live heap 173032795)
core:79 (1469 bytes; live heap 173141459)
core:80 (4022 bytes; live heap 176489209)
core:81 (1170 bytes; live heap 176946723)
core:82 (37185 bytes; live heap 177860852)
core:83 (5246 bytes; live heap 178032669)
core:84 (1607 bytes; live heap 178771922)
core:85 (390 bytes; live heap 179340059)
core:86 (987 bytes; live heap 180100616)
certificate:45 (98343 bytes; live heap 180585737)
core:87 (1434 bytes; live heap 180501841)
core:88 (2864 bytes; live heap 182242778)
core:89 (1134 bytes; live heap 183777887)
core:90 (2929 bytes; live heap 184288337)
core:91 (975 bytes; live heap 185058983)
core:92 (2431 bytes; live heap 186054311)
certificate:46 (93721 bytes; live heap 188514385)
core:93 (5227 bytes; live heap 191702615)
core:94 (2351 bytes; live heap 194232631)
core:95 (5301 bytes; live heap 194500494)
core:96 (5176 bytes; live heap 197572388)
core:97 (2661 bytes; live heap 198820228)
bitproof:67 (780170 bytes; live heap 200483604)
core:98 (5372 bytes; live heap 207241750)
core:99 (1146 bytes; live heap 211963918)
bitproof:68 (136713 bytes; live heap 275937763)
bitproof:69 (205908 bytes; live heap 280401186)
certificate:47 (149090 bytes; live heap 284797341)
bitproof:70 (136390 bytes; live heap 285649562)
bitproof:71 (136 bytes; live heap 291405200)
bitproof:72 (8792 bytes; live heap 291957859)
equality:118 (400466 bytes; live heap 342120036)
equality:119 (281 bytes; live heap 343759152)
equality:120 (107311 bytes; live heap 360647838)
row-model:11 (1492710 bytes; live heap 360671606)
equality:121 (9261 bytes; live heap 360822260)
logic:seed0 (501 bytes)
logic:seed1 (690 bytes)
equality:122 (467 bytes; live heap 360824313)
logic:seed2 (424 bytes)
equality:123 (525 bytes; live heap 360178731)
logic:seed3 (2370 bytes)
equality:124 (826 bytes; live heap 359973187)
equality:125 (772 bytes; live heap 360120666)
logic:seed4 (8555 bytes)
equality:126 (518 bytes; live heap 360174478)
equality:127 (472 bytes; live heap 360308433)
equality:128 (51 bytes; live heap 360360781)
equality:129 (465 bytes; live heap 360847651)
equality:130 (169 bytes; live heap 360993324)
equality:131 (884 bytes; live heap 361231650)
equality:132 (1152 bytes; live heap 361329498)
equality:133 (1204 bytes; live heap 361321692)
equality:134 (475 bytes; live heap 361381799)
equality:135 (469 bytes; live heap 365260499)
equality:136 (485 bytes; live heap 365468967)
logic:seed5 (2385 bytes)
equality:137 (471 bytes; live heap 365914296)
equality:138 (261 bytes; live heap 366005460)
logic:seed6 (1305 bytes)
logic:seed7 (19946 bytes)
equality:139 (472 bytes; live heap 366310563)
equality:140 (549 bytes; live heap 366363661)
equality:141 (477 bytes; live heap 366541293)
row-model:12 (153299 bytes; live heap 366491191)
logic:seed8 (964 bytes)
logic:seed9 (4068 bytes)
logic:seed10 (4296 bytes)
logic:seed11 (2305 bytes)
logic:seed12 (2500 bytes)
logic:seed13 (1102 bytes)
logic:seed14 (1376 bytes)
logic:seed15 (2258 bytes)
logic:seed16 (1128 bytes)
logic:seed17 (1947 bytes)
logic:seed18 (2014 bytes)
logic:seed19 (3160 bytes)
logic:seed20 (2405 bytes)
logic:seed21 (219 bytes)
logic:seed22 (1467 bytes)
logic:seed23 (1625 bytes)
logic:seed24 (891 bytes)
logic:seed25 (1250 bytes)
logic:seed26 (1735 bytes)
bitproof:73 (728869 bytes; live heap 353630601)
logic:seed27 (890 bytes)
logic:seed28 (331 bytes)
logic:seed29 (2604 bytes)
logic:seed30 (2220 bytes)
logic:seed31 (2494 bytes)
logic:seed32 (422 bytes)
logic:seed33 (2253 bytes)
logic:seed34 (3637 bytes)
logic:seed35 (2013 bytes)
certificate:48 (373427 bytes; live heap 349360421)
logic:seed36 (3927 bytes)
core:100 (362921 bytes; live heap 349370168)
core:101 (985 bytes; live heap 350276524)
core:102 (397 bytes; live heap 349493030)
logic:seed37 (1803 bytes)
core:103 (1922 bytes; live heap 349577199)
logic:seed38 (3734 bytes)
logic:seed39 (1727 bytes)
logic:seed40 (615 bytes)
logic:seed41 (1382 bytes)
logic:seed42 (19644 bytes)
logic:seed43 (260 bytes)
logic:seed44 (1237 bytes)
logic:seed45 (2511 bytes)
logic:seed46 (8354 bytes)
logic:seed47 (2513 bytes)
logic:seed48 (1764 bytes)
logic:seed49 (6003 bytes)
bitproof:74 (132920 bytes; live heap 365956962)
bitproof:75 (3090 bytes; live heap 366761779)
logic:seed50 (1058 bytes)
logic:seed51 (4345 bytes)
bitproof:76 (136717 bytes; live heap 367769334)
logic:seed52 (597 bytes)
logic:seed53 (989 bytes)
logic:seed54 (1706 bytes)
logic:seed55 (1552 bytes)
logic:seed56 (4106 bytes)
logic:seed57 (1810 bytes)
logic:seed58 (75448 bytes)
logic:seed59 (5134 bytes)
equality:142 (464 bytes; live heap 370769119)
logic:seed60 (2310 bytes)
bitproof:77 (759170 bytes; live heap 371078662)
logic:seed61 (1451 bytes)
logic:seed62 (625 bytes)
logic:seed63 (4744 bytes)
logic:seed64 (419 bytes)
logic:seed65 (2011 bytes)
logic:seed66 (1703 bytes)
logic:seed67 (1435 bytes)
logic:seed68 (3905 bytes)
logic:seed69 (8708 bytes)
logic:seed70 (11328 bytes)
logic:seed71 (944 bytes)
logic:seed72 (3332 bytes)
bitproof:78 (136723 bytes; live heap 380141073)
certificate:49 (98188 bytes; live heap 380386793)
logic:seed73 (7053 bytes)
certificate:50 (155948 bytes; live heap 382530381)
bitproof:79 (102509 bytes; live heap 382082548)
logic:seed74 (3861 bytes)
logic:seed75 (10078 bytes)
logic:seed76 (5079 bytes)
logic:seed77 (4497 bytes)
logic:seed78 (315 bytes)
logic:seed79 (5881 bytes)
logic:seed80 (2325 bytes)
logic:seed81 (2804 bytes)
logic:seed82 (1973 bytes)
logic:seed83 (2964 bytes)
logic:seed84 (10279 bytes)
logic:seed85 (356 bytes)
logic:seed86 (613 bytes)
logic:seed87 (191 bytes)
logic:seed88 (5534 bytes)
logic:seed89 (1904 bytes)
certificate:51 (96430 bytes; live heap 404185056)
logic:seed90 (2046 bytes)
logic:seed91 (18549 bytes)
certificate:52 (148551 bytes; live heap 400437158)
row-model:13 (153321 bytes; live heap 400197789)
logic:seed92 (2469 bytes)
logic:seed93 (6249 bytes)
logic:seed94 (2702 bytes)
logic:seed95 (420 bytes)
logic:seed96 (5534 bytes)
logic:seed97 (242 bytes)
logic:seed98 (2148 bytes)
logic:seed99 (1080 bytes)
logic:seed100 (1895 bytes)
logic:seed101 (137158 bytes)
eval:298 (442216 bytes; live heap 382408055)
eval:299 (7 bytes; live heap 377442246)
eval:300 (6 bytes; live heap 377338509)
eval:301 (19 bytes; live heap 377217573)
eval:302 (31 bytes; live heap 377040674)
eval:303 (41 bytes; live heap 376637457)
logic:seed102 (3500 bytes)
eval:304 (21 bytes; live heap 376520933)
eval:305 (14 bytes; live heap 376414878)
eval:306 (60012 bytes; live heap 376246218)
logic:seed103 (2526 bytes)
eval:307 (6 bytes; live heap 374271317)
logic:seed104 (891 bytes)
eval:308 (40 bytes; live heap 374146922)
logic:seed105 (7302 bytes)
eval:309 (20 bytes; live heap 373947965)
eval:310 (21 bytes; live heap 373867726)
eval:311 (27 bytes; live heap 373827991)
eval:312 (22 bytes; live heap 373126223)
eval:313 (36 bytes; live heap 373073959)
eval:314 (30 bytes; live heap 372893661)
eval:315 (100004 bytes; live heap 372943335)
eval:316 (5003 bytes; live heap 372215804)
logic:seed106 (4812 bytes)
bitproof:80 (740169 bytes; live heap 369044741)
logic:seed107 (2059 bytes)
logic:seed108 (449 bytes)
logic:seed109 (2459 bytes)
logic:seed110 (1783 bytes)
logic:seed111 (2204 bytes)
logic:seed112 (2209 bytes)
logic:seed113 (1454 bytes)
logic:seed114 (777 bytes)
logic:seed115 (4669 bytes)
logic:seed116 (1371 bytes)
logic:seed117 (4040 bytes)
logic:seed118 (2223 bytes)
logic:seed119 (888 bytes)
logic:seed120 (2395 bytes)
logic:seed121 (1062 bytes)
logic:seed122 (1474 bytes)
logic:seed123 (749 bytes)
logic:seed124 (2629 bytes)
logic:seed125 (1067 bytes)
logic:seed126 (2261 bytes)
row-model:14 (152630 bytes; live heap 357176984)
logic:seed127 (1946 bytes)
logic:seed128 (520 bytes)
logic:seed129 (1322 bytes)
logic:seed130 (2561 bytes)
logic:seed131 (2358 bytes)
logic:seed132 (354 bytes)
logic:seed133 (1488 bytes)
logic:seed134 (2352 bytes)
logic:seed135 (2608 bytes)
logic:seed136 (1304 bytes)
logic:seed137 (539 bytes)
certificate:53 (148550 bytes; live heap 345414509)
logic:seed138 (2459 bytes)
logic:seed139 (1661 bytes)
logic:seed140 (692 bytes)
logic:seed141 (133309 bytes)
bitproof:81 (3111 bytes; live heap 341906628)
bitproof:82 (143291 bytes; live heap 341912367)
eval:317 (4 bytes; live heap 342640575)
eval:318 (20007 bytes; live heap 342596175)
eval:319 (35 bytes; live heap 342505233)
eval:320 (62 bytes; live heap 342432565)
eval:321 (18 bytes; live heap 342394385)
eval:322 (4 bytes; live heap 342372646)
eval:323 (20 bytes; live heap 342354001)
eval:324 (27 bytes; live heap 342313616)
eval:325 (25 bytes; live heap 342296889)
eval:326 (14 bytes; live heap 342259784)
eval:327 (1 bytes; live heap 342199280)
eval:328 (41 bytes; live heap 342164844)
eval:329 (4 bytes; live heap 342333531)
eval:330 (390 bytes; live heap 342144184)
eval:331 (9 bytes; live heap 342096610)
eval:332 (27 bytes; live heap 342078056)
eval:333 (22 bytes; live heap 342052236)
eval:334 (19 bytes; live heap 341978317)
eval:335 (2 bytes; live heap 341903497)
eval:336 (23 bytes; live heap 341855651)
eval:337 (20 bytes; live heap 341774494)
eval:338 (26 bytes; live heap 341722450)
eval:339 (11 bytes; live heap 341692301)
eval:340 (27 bytes; live heap 341668891)
eval:341 (38 bytes; live heap 341633997)
eval:342 (59 bytes; live heap 341611914)
eval:343 (24 bytes; live heap 341593434)
eval:344 (2 bytes; live heap 341574558)
eval:345 (45 bytes; live heap 341555929)
eval:346 (14 bytes; live heap 341529680)
eval:347 (6 bytes; live heap 341516220)
eval:348 (4 bytes; live heap 341482767)
eval:349 (43 bytes; live heap 341439169)
eval:350 (200271 bytes; live heap 341769809)
eval:351 (36 bytes; live heap 341345352)
eval:352 (15 bytes; live heap 341309992)
eval:353 (25 bytes; live heap 341269760)
eval:354 (37 bytes; live heap 341226539)
eval:355 (25 bytes; live heap 341191131)
eval:356 (2007 bytes; live heap 341283258)
eval:357 (4 bytes; live heap 341164310)
eval:358 (3 bytes; live heap 341181054)
eval:359 (1 bytes; live heap 340867755)
eval:360 (29 bytes; live heap 340811715)
eval:361 (2 bytes; live heap 340766316)
eval:362 (38 bytes; live heap 340677666)
eval:363 (24 bytes; live heap 340659319)
eval:364 (23 bytes; live heap 340628991)
eval:365 (39 bytes; live heap 340612988)
eval:366 (10 bytes; live heap 340576074)
eval:367 (6 bytes; live heap 340562677)
equality:143 (2061848 bytes; live heap 339571945)
eval:368 (27 bytes; live heap 339580557)
eval:369 (669 bytes; live heap 339413866)
eval:370 (6 bytes; live heap 340277483)
eval:371 (2 bytes; live heap 340310457)
eval:372 (1 bytes; live heap 340345602)
eval:373 (22 bytes; live heap 340367895)
eval:374 (12 bytes; live heap 340374682)
eval:375 (144 bytes; live heap 340384704)
equality:144 (928 bytes; live heap 340701314)
equality:145 (497 bytes; live heap 340713510)
equality:146 (74 bytes; live heap 340731751)
equality:147 (474 bytes; live heap 340721451)
equality:148 (456 bytes; live heap 338671110)
equality:149 (478 bytes; live heap 338724242)
equality:150 (523 bytes; live heap 338838332)
equality:151 (1143 bytes; live heap 338926900)
equality:152 (528 bytes; live heap 338978063)
equality:153 (465 bytes; live heap 339025867)
equality:154 (523 bytes; live heap 339047321)
equality:155 (891 bytes; live heap 339245144)
equality:156 (225 bytes; live heap 339195464)
equality:157 (222 bytes; live heap 338745463)
equality:158 (210 bytes; live heap 338805353)
equality:159 (2 bytes; live heap 338830817)
equality:160 (461 bytes; live heap 338696436)
equality:161 (526 bytes; live heap 338572025)
equality:162 (535 bytes; live heap 338322758)
equality:163 (480 bytes; live heap 337971057)
certificate:54 (97780 bytes; live heap 330223132)
core:104 (146442 bytes; live heap 312892091)
core:105 (555 bytes; live heap 311776627)
core:106 (2581 bytes; live heap 311494159)
core:107 (2701 bytes; live heap 310918005)
core:108 (5244 bytes; live heap 309907292)
bitproof:83 (928883 bytes; live heap 308439390)
core:109 (2626 bytes; live heap 308356995)
core:110 (2133 bytes; live heap 308534752)
core:111 (2268 bytes; live heap 308719726)
core:112 (797 bytes; live heap 309493328)
core:113 (399 bytes; live heap 309507866)
core:114 (1441 bytes; live heap 309536184)
core:115 (2982 bytes; live heap 309222794)
core:116 (628 bytes; live heap 309216187)
core:117 (2573 bytes; live heap 309212942)
core:118 (2288 bytes; live heap 307630313)
certificate:55 (450 bytes; live heap 304192369)
core:119 (5215 bytes; live heap 303870137)
certificate:56 (95436 bytes; live heap 302975486)
core:120 (2590 bytes; live heap 301961228)
row-model:15 (155070 bytes; live heap 301931142)
certificate:57 (99281 bytes; live heap 305451810)
equality:164 (80214 bytes; live heap 299572239)
equality:165 (161 bytes; live heap 299283262)
equality:166 (483 bytes; live heap 299372309)
equality:167 (222 bytes; live heap 299352396)
equality:168 (456 bytes; live heap 299293783)
equality:169 (533 bytes; live heap 299174750)
equality:170 (487 bytes; live heap 299110176)
equality:171 (347 bytes; live heap 299383620)
certificate:58 (110198 bytes; live heap 295094396)
equality:172 (12431 bytes; live heap 293584202)
certificate:59 (93480 bytes; live heap 293442881)
equality:173 (1576 bytes; live heap 290250657)
bitproof:84 (9329 bytes; live heap 290214059)
equality:174 (447 bytes; live heap 290240480)
bitproof:85 (8829 bytes; live heap 289914217)
equality:175 (470 bytes; live heap 289822547)
bitproof:86 (133 bytes; live heap 289671179)
bitproof:87 (120 bytes; live heap 289607544)
equality:176 (461 bytes; live heap 290882642)
equality:177 (892 bytes; live heap 289645587)
bitproof:88 (103519 bytes; live heap 289435381)
certificate:60 (148565 bytes; live heap 289253777)
bitproof:89 (1112 bytes; live heap 288711120)
equality:178 (3284 bytes; live heap 288811486)
equality:179 (444 bytes; live heap 288942843)
equality:180 (193 bytes; live heap 288991045)
equality:181 (164 bytes; live heap 289058799)
equality:182 (196 bytes; live heap 289119770)
certificate:61 (98515 bytes; live heap 290384259)
certificate:62 (149133 bytes; live heap 286570819)
equality:183 (59561 bytes; live heap 279840687)
equality:184 (138 bytes; live heap 279659896)
equality:185 (471 bytes; live heap 280562262)
equality:186 (206 bytes; live heap 280327886)
certificate:63 (149114 bytes; live heap 280142836)
certificate:64 (93469 bytes; live heap 280452847)
bitproof:90 (775200 bytes; live heap 279883902)
certificate:65 (97986 bytes; live heap 280134568)
certificate:66 (155954 bytes; live heap 280354756)
certificate:67 (476 bytes; live heap 280894757)
certificate:68 (149018 bytes; live heap 283240161)
logic:seed142 (351 bytes)
equality:187 (80877 bytes; live heap 285570141)
logic:seed143 (2385 bytes)
equality:188 (394 bytes; live heap 286207423)
logic:seed144 (223 bytes)
logic:seed145 (4152 bytes)
equality:189 (481 bytes; live heap 286485917)
equality:190 (789 bytes; live heap 286796770)
logic:seed146 (1086 bytes)
logic:seed147 (623 bytes)
logic:seed148 (3680 bytes)
logic:seed149 (2827 bytes)
logic:seed150 (2516 bytes)
logic:seed151 (4246 bytes)
logic:seed152 (2270 bytes)
logic:seed153 (809 bytes)
logic:seed154 (1978 bytes)
logic:seed155 (2293 bytes)
logic:seed156 (801 bytes)
logic:seed157 (4343 bytes)
bitproof:91 (759473 bytes; live heap 300975717)
logic:seed158 (969 bytes)
logic:seed159 (748 bytes)
logic:seed160 (1001 bytes)
logic:seed161 (2067 bytes)
logic:seed162 (2233 bytes)
logic:seed163 (1543 bytes)
logic:seed164 (354 bytes)
logic:seed165 (2258 bytes)
logic:seed166 (2211 bytes)
logic:seed167 (3499 bytes)
logic:seed168 (2019 bytes)
logic:seed169 (1312 bytes)
logic:seed170 (6188 bytes)
logic:seed171 (152005 bytes)
logic:seed172 (1474 bytes)
logic:seed173 (541 bytes)
logic:seed174 (391390 bytes)
bitproof:92 (759455 bytes; live heap 332268412)
eval:376 (300005 bytes; live heap 339727679)
eval:377 (100021 bytes; live heap 340947967)
eval:378 (0 bytes; live heap 340650115)
eval:379 (10220 bytes; live heap 340767587)
certificate:69 (354467 bytes; live heap 340847395)
certificate:70 (473 bytes; live heap 342856020)
eval:380 (3019 bytes; live heap 344140506)
eval:381 (2 bytes; live heap 344265351)
eval:382 (35 bytes; live heap 344413094)
eval:383 (38 bytes; live heap 344394307)
eval:384 (4 bytes; live heap 344409986)
eval:385 (7 bytes; live heap 344425048)
eval:386 (13 bytes; live heap 344453477)
eval:387 (2 bytes; live heap 344504688)
eval:388 (22 bytes; live heap 344548420)
eval:389 (6 bytes; live heap 344538102)
eval:390 (2 bytes; live heap 344532091)
eval:391 (11 bytes; live heap 344551864)
eval:392 (16389 bytes; live heap 344749240)
certificate:71 (148490 bytes; live heap 344847408)
eval:393 (7 bytes; live heap 344493826)
eval:394 (45 bytes; live heap 344268306)
logic:seed175 (1777 bytes)
eval:395 (4 bytes; live heap 344353308)
eval:396 (1828 bytes; live heap 344368320)
eval:397 (6 bytes; live heap 343907589)
eval:398 (4 bytes; live heap 343907820)
logic:seed176 (355 bytes)
eval:399 (5 bytes; live heap 343922941)
logic:seed177 (5447 bytes)
eval:400 (3 bytes; live heap 343956168)
eval:401 (271 bytes; live heap 343992200)
eval:402 (2682 bytes; live heap 344630802)
eval:403 (17 bytes; live heap 344520737)
eval:404 (12 bytes; live heap 344490055)
eval:405 (51 bytes; live heap 344161529)
eval:406 (152 bytes; live heap 346336904)
eval:407 (7 bytes; live heap 346511913)
eval:408 (21 bytes; live heap 346648579)
eval:409 (52 bytes; live heap 346807091)
eval:410 (7 bytes; live heap 346919893)
eval:411 (19 bytes; live heap 347023973)
eval:412 (10022 bytes; live heap 347202911)
eval:413 (25 bytes; live heap 347369273)
eval:414 (2 bytes; live heap 347570843)
eval:415 (34 bytes; live heap 347771556)
eval:416 (34 bytes; live heap 347896426)
eval:417 (13 bytes; live heap 347971647)
logic:seed178 (2892 bytes)
logic:seed179 (1919 bytes)
logic:seed180 (2003 bytes)
logic:seed181 (8354 bytes)
bitproof:93 (759460 bytes; live heap 355364147)
logic:seed182 (2586 bytes)
logic:seed183 (7101 bytes)
logic:seed184 (7588 bytes)
logic:seed185 (890 bytes)
logic:seed186 (8086 bytes)
bitproof:94 (4036 bytes; live heap 363062068)
bitproof:95 (3095 bytes; live heap 363130329)
bitproof:96 (3063 bytes; live heap 363203029)
bitproof:97 (3094 bytes; live heap 363246631)
bitproof:98 (132916 bytes; live heap 363599677)
logic:seed187 (8555 bytes)
bitproof:99 (32430 bytes; live heap 363922216)
certificate:72 (80471 bytes; live heap 368954487)
certificate:73 (98485 bytes; live heap 372651840)
logic:seed188 (627309 bytes)
logic:seed189 (417 bytes)
logic:seed190 (2253 bytes)
logic:seed191 (8610 bytes)
logic:seed192 (889 bytes)
logic:seed193 (3302 bytes)
logic:seed194 (3361 bytes)
core:121 (401397 bytes; live heap 406382239)
logic:seed195 (3275 bytes)
core:122 (405 bytes; live heap 406452609)
core:123 (597 bytes; live heap 406842086)
core:124 (2942 bytes; live heap 406957902)
logic:seed196 (6149 bytes)
core:125 (3676 bytes; live heap 409602669)
logic:seed197 (2878 bytes)
logic:seed198 (2185 bytes)
logic:seed199 (19443 bytes)
certificate:74 (102780 bytes; live heap 422516548)
core:126 (24879 bytes; live heap 425167238)
core:127 (2441 bytes; live heap 424643634)
core:128 (2521 bytes; live heap 424727394)
logic:seed200 (3726 bytes)
logic:seed201 (4343 bytes)
logic:seed202 (8299 bytes)
eval:418 (400031 bytes; live heap 416183844)
core:129 (7424 bytes; live heap 416621238)
certificate:75 (163157 bytes; live heap 418761634)
logic:seed203 (18158 bytes)
certificate:76 (477 bytes; live heap 425039480)
core:130 (2542 bytes; live heap 428428166)
certificate:77 (148550 bytes; live heap 430878184)
core:131 (1866 bytes; live heap 430404144)
core:132 (2267 bytes; live heap 423345126)
row-model:16 (153863 bytes; live heap 427376237)
row-model:17 (153317 bytes; live heap 430032979)
core:133 (5308 bytes; live heap 429863945)
row-model:18 (153369 bytes; live heap 427100078)
logic:seed204 (551 bytes)
logic:seed205 (5225 bytes)
logic:seed206 (6003 bytes)
logic:seed207 (347 bytes)
logic:seed208 (1310 bytes)
logic:seed209 (2024 bytes)
logic:seed210 (2149 bytes)
logic:seed211 (1065 bytes)
logic:seed212 (2454 bytes)
logic:seed213 (617 bytes)
logic:seed214 (4447 bytes)
logic:seed215 (2529 bytes)
logic:seed216 (1923 bytes)
logic:seed217 (6048 bytes)
logic:seed218 (1123 bytes)
logic:seed219 (1815 bytes)
logic:seed220 (1123 bytes)
logic:seed221 (2606 bytes)
logic:seed222 (2260 bytes)
logic:seed223 (3467 bytes)
logic:seed224 (744 bytes)
logic:seed225 (2677 bytes)
logic:seed226 (1943 bytes)
logic:seed227 (3447 bytes)
logic:seed228 (2537 bytes)
eval:419 (824 bytes; live heap 365318113)
eval:420 (37 bytes; live heap 364950204)
eval:421 (21 bytes; live heap 364853129)
eval:422 (37 bytes; live heap 364640998)
eval:423 (2 bytes; live heap 364487635)
logic:seed229 (3321 bytes)
eval:424 (311 bytes; live heap 364356763)
eval:425 (2 bytes; live heap 364276852)
eval:426 (29 bytes; live heap 364178919)
eval:427 (39 bytes; live heap 364086424)
eval:428 (5 bytes; live heap 363983790)
eval:429 (2 bytes; live heap 363872429)
eval:430 (26 bytes; live heap 363738492)
eval:431 (100002 bytes; live heap 363611568)
eval:432 (22 bytes; live heap 363276647)
logic:seed230 (3492 bytes)
eval:433 (12292 bytes; live heap 358722421)
eval:434 (19 bytes; live heap 358536327)
logic:seed231 (912 bytes)
eval:435 (388 bytes; live heap 358316251)
logic:seed232 (1451 bytes)
eval:436 (25 bytes; live heap 358113154)
logic:seed233 (542 bytes)
eval:437 (70 bytes; live heap 357822033)
logic:seed234 (690 bytes)
eval:438 (262 bytes; live heap 357578044)
logic:seed235 (3533 bytes)
eval:439 (42 bytes; live heap 357421219)
eval:440 (4 bytes; live heap 357341548)
eval:441 (2 bytes; live heap 357163614)
eval:442 (15 bytes; live heap 357011362)
eval:443 (4 bytes; live heap 356919127)
eval:444 (9797 bytes; live heap 356775863)
eval:445 (43 bytes; live heap 356610334)
eval:446 (24 bytes; live heap 356488329)
eval:447 (10104 bytes; live heap 356263245)
eval:448 (200020 bytes; live heap 356250927)
eval:449 (44582 bytes; live heap 355066014)
eval:450 (4024 bytes; live heap 354629553)
logic:seed236 (747 bytes)
eval:451 (18 bytes; live heap 354389985)
logic:seed237 (451 bytes)
eval:452 (4 bytes; live heap 354201830)
eval:453 (27 bytes; live heap 354106382)
logic:seed238 (2284 bytes)
eval:454 (7 bytes; live heap 353988160)
eval:455 (40 bytes; live heap 353692439)
logic:seed239 (695 bytes)
logic:seed240 (4774 bytes)
logic:seed241 (588 bytes)
logic:seed242 (427 bytes)
logic:seed243 (2135 bytes)
logic:seed244 (542 bytes)
logic:seed245 (359 bytes)
logic:seed246 (2022 bytes)
logic:seed247 (3476 bytes)
eval:456 (24583 bytes; live heap 345914823)
eval:457 (4 bytes; live heap 345545114)
eval:458 (200010 bytes; live heap 345522498)
eval:459 (60 bytes; live heap 345218734)
eval:460 (50 bytes; live heap 345067528)
eval:461 (41 bytes; live heap 344989942)
eval:462 (42 bytes; live heap 344868546)
eval:463 (2 bytes; live heap 344804908)
eval:464 (40 bytes; live heap 344701676)
eval:465 (19 bytes; live heap 344634536)
eval:466 (28 bytes; live heap 344490350)
eval:467 (28 bytes; live heap 344335283)
eval:468 (1002 bytes; live heap 343818508)
eval:469 (20 bytes; live heap 343576363)
logic:seed248 (152206 bytes)
bitproof:100 (5119674 bytes; live heap 341251714)
eval:470 (388 bytes; live heap 340720513)
logic:seed249 (3067 bytes)
logic:seed250 (353 bytes)
logic:seed251 (10845 bytes)
certificate:78 (149125 bytes; live heap 341591367)
logic:seed252 (11127 bytes)
certificate:79 (104274 bytes; live heap 341006037)
logic:seed253 (4692 bytes)
logic:seed254 (471 bytes)
logic:seed255 (4275 bytes)
logic:seed256 (3415 bytes)
logic:seed257 (2347 bytes)
logic:seed258 (2696 bytes)
logic:seed259 (173 bytes)
logic:seed260 (5069 bytes)
logic:seed261 (332 bytes)
logic:seed262 (4812 bytes)
logic:seed263 (2577 bytes)
logic:seed264 (2524 bytes)
logic:seed265 (1787 bytes)
logic:seed266 (4241 bytes)
logic:seed267 (1509 bytes)
logic:seed268 (2456 bytes)
logic:seed269 (16585 bytes)
certificate:80 (93461 bytes; live heap 334312499)
logic:seed270 (892 bytes)
logic:seed271 (3981 bytes)
logic:seed272 (2563 bytes)
logic:seed273 (1679 bytes)
logic:seed274 (690 bytes)
logic:seed275 (1696 bytes)
logic:seed276 (536 bytes)
logic:seed277 (539 bytes)
logic:seed278 (2350 bytes)
logic:seed279 (4056 bytes)
logic:seed280 (1128 bytes)
logic:seed281 (4811 bytes)
logic:seed282 (2269 bytes)
logic:seed283 (3165 bytes)
logic:seed284 (2471 bytes)
logic:seed285 (186 bytes)
logic:seed286 (1602 bytes)
logic:seed287 (2470 bytes)
logic:seed288 (2687 bytes)
logic:seed289 (1883 bytes)
logic:seed290 (4546 bytes)
logic:seed291 (1930 bytes)
logic:seed292 (2358 bytes)
logic:seed293 (2603 bytes)
logic:seed294 (368 bytes)
logic:seed295 (757 bytes)
logic:seed296 (863 bytes)
logic:seed297 (1598 bytes)
equality:191 (1200508 bytes; live heap 317904190)
logic:seed298 (2872 bytes)
logic:seed299 (2084 bytes)
logic:seed300 (2827 bytes)
logic:seed301 (757 bytes)
lockfile:59 (1605664 bytes; live heap 321890032)
logic:seed302 (8909 bytes)
equality:192 (270 bytes; live heap 320735063)
equality:193 (541 bytes; live heap 320730414)
logic:seed303 (806 bytes)
logic:seed304 (7574 bytes)
certificate:81 (97996 bytes; live heap 325400790)
logic:seed305 (5802 bytes)
row-model:19 (155047 bytes; live heap 323982536)
certificate:82 (149325 bytes; live heap 323796509)
row-model:20 (165047 bytes; live heap 322843268)
logic:seed306 (4744 bytes)
certificate:83 (148549 bytes; live heap 322078019)
logic:seed307 (627108 bytes)
bitproof:101 (155 bytes; live heap 307809397)
bitproof:102 (200218 bytes; live heap 308019501)
bitproof:103 (96 bytes; live heap 307451136)
logic:seed308 (2160 bytes)
logic:seed309 (450 bytes)
logic:seed310 (1904 bytes)
logic:seed311 (358 bytes)
logic:seed312 (152481 bytes)
logic:seed313 (1541 bytes)
bitproof:104 (759450 bytes; live heap 311962967)
logic:seed314 (1453 bytes)
logic:seed315 (464 bytes)
logic:seed316 (2626 bytes)
logic:seed317 (1905 bytes)
logic:seed318 (2403 bytes)
logic:seed319 (2626 bytes)
logic:seed320 (2830 bytes)
logic:seed321 (2151 bytes)
logic:seed322 (212 bytes)
logic:seed323 (534 bytes)
logic:seed324 (3131 bytes)
logic:seed325 (839 bytes)
logic:seed326 (840 bytes)
logic:seed327 (4182 bytes)
logic:seed328 (2454 bytes)
logic:seed329 (2591 bytes)
logic:seed330 (2301 bytes)
logic:seed331 (2174 bytes)
logic:seed332 (3191 bytes)
logic:seed333 (2654 bytes)
logic:seed334 (2548 bytes)
logic:seed335 (427 bytes)
logic:seed336 (245 bytes)
logic:seed337 (1334 bytes)
logic:seed338 (598 bytes)
logic:seed339 (3298 bytes)
logic:seed340 (2299 bytes)
logic:seed341 (1977 bytes)
logic:seed342 (7152 bytes)
logic:seed343 (197 bytes)
logic:seed344 (989 bytes)
logic:seed345 (427 bytes)
logic:seed346 (3772 bytes)
certificate:84 (96431 bytes; live heap 307112291)
logic:seed347 (1988 bytes)
logic:seed348 (534 bytes)
logic:seed349 (2730 bytes)
logic:seed350 (545 bytes)
logic:seed351 (2390 bytes)
logic:seed352 (1995 bytes)
logic:seed353 (1424 bytes)
logic:seed354 (2169 bytes)
logic:seed355 (1866 bytes)
logic:seed356 (2809 bytes)
logic:seed357 (19745 bytes)
logic:seed358 (1287 bytes)
logic:seed359 (2909 bytes)
logic:seed360 (1602 bytes)
logic:seed361 (2032 bytes)
logic:seed362 (452 bytes)
logic:seed363 (1505 bytes)
logic:seed364 (4870 bytes)
eval:471 (360038 bytes; live heap 282700242)
logic:seed365 (1326 bytes)
logic:seed366 (1508 bytes)
logic:seed367 (6852 bytes)
lockfile:60 (2718 bytes; live heap 269271240)
lockfile:61 (2649 bytes; live heap 268472112)
logic:seed368 (3101 bytes)
lockfile:62 (11894 bytes; live heap 267548863)
logic:seed369 (912 bytes)
logic:seed370 (2604 bytes)
logic:seed371 (751 bytes)
logic:seed372 (1013 bytes)
logic:seed373 (2764 bytes)
logic:seed374 (2135 bytes)
lockfile:63 (13030 bytes; live heap 264507390)
logic:seed375 (2218 bytes)
logic:seed376 (1889 bytes)
logic:seed377 (8086 bytes)
certificate:85 (93400 bytes; live heap 262661325)
lockfile:64 (5671 bytes; live heap 262301144)
certificate:86 (470 bytes; live heap 262134272)
lockfile:65 (2995 bytes; live heap 261586830)
certificate:87 (489 bytes; live heap 261366007)
logic:seed378 (330 bytes)
logic:seed379 (3682 bytes)
certificate:88 (148704 bytes; live heap 260063793)
lockfile:66 (13093 bytes; live heap 258957603)
certificate:89 (155954 bytes; live heap 256947884)
logic:seed380 (5339 bytes)
lockfile:67 (12523 bytes; live heap 250830059)
logic:seed381 (7387 bytes)
eval:472 (19 bytes; live heap 246443230)
eval:473 (9 bytes; live heap 246257475)
eval:474 (10 bytes; live heap 246174270)
eval:475 (274 bytes; live heap 246046585)
eval:476 (4 bytes; live heap 245972316)
eval:477 (0 bytes; live heap 245837684)
eval:478 (8 bytes; live heap 245615191)
eval:479 (19 bytes; live heap 245566737)
eval:480 (282 bytes; live heap 245505071)
eval:481 (27 bytes; live heap 245385246)
lockfile:68 (25390 bytes; live heap 245158241)
eval:482 (215 bytes; live heap 245098083)
eval:483 (2992 bytes; live heap 245012753)
eval:484 (26 bytes; live heap 244929012)
eval:485 (2 bytes; live heap 244839677)
eval:486 (29 bytes; live heap 244759957)
eval:487 (391 bytes; live heap 244546684)
eval:488 (37 bytes; live heap 244436226)
eval:489 (77 bytes; live heap 244293997)
logic:seed382 (113182 bytes)
eval:490 (10037 bytes; live heap 244084733)
eval:491 (4 bytes; live heap 243869723)
eval:492 (2212 bytes; live heap 243398867)
eval:493 (2 bytes; live heap 243239816)
eval:494 (25 bytes; live heap 243010390)
eval:495 (25 bytes; live heap 242923007)
lockfile:69 (13111 bytes; live heap 243102231)
bitproof:105 (740169 bytes; live heap 242266631)
logic:seed383 (2133 bytes)
logic:seed384 (1897 bytes)
logic:seed385 (2866 bytes)
logic:seed386 (3165 bytes)
lockfile:70 (5806 bytes; live heap 242604315)
logic:seed387 (902 bytes)
logic:seed388 (6350 bytes)
lockfile:71 (9889 bytes; live heap 236704383)
logic:seed389 (542 bytes)
logic:seed390 (460 bytes)
logic:seed391 (2234 bytes)
core:134 (1382992 bytes; live heap 231195526)
lockfile:72 (5673 bytes; live heap 230989832)
lockfile:73 (5685 bytes; live heap 227198735)
core:135 (1459 bytes; live heap 226391768)
eval:496 (360019 bytes; live heap 225283539)
logic:seed392 (1433 bytes)
core:136 (1206 bytes; live heap 225011707)
logic:seed393 (2696 bytes)
lockfile:74 (5653 bytes; live heap 224915316)
logic:seed394 (890 bytes)
logic:seed395 (11109 bytes)
lockfile:75 (5678 bytes; live heap 224683356)
lockfile:76 (13121 bytes; live heap 223944619)
logic:seed396 (1742 bytes)
logic:seed397 (1549 bytes)
logic:seed398 (143670 bytes)
lockfile:77 (35527 bytes; live heap 221038917)
core:137 (19567 bytes; live heap 224344378)
lockfile:78 (5673 bytes; live heap 225050327)
core:138 (587 bytes; live heap 224536441)
logic:seed399 (1922 bytes)
core:139 (5266 bytes; live heap 222081038)
logic:seed400 (2486 bytes)
logic:seed401 (1428 bytes)
logic:seed402 (4353 bytes)
lockfile:79 (26490 bytes; live heap 220275589)
logic:seed403 (2094 bytes)
logic:seed404 (6772 bytes)
bitproof:106 (784455 bytes; live heap 217681338)
core:140 (7271 bytes; live heap 215402182)
lockfile:80 (13130 bytes; live heap 215066634)
logic:seed405 (1866 bytes)
logic:seed406 (2247 bytes)
logic:seed407 (2513 bytes)
lockfile:81 (2639 bytes; live heap 211727244)
core:141 (5271 bytes; live heap 211704360)
core:142 (792 bytes; live heap 211694044)
core:143 (1469 bytes; live heap 210979790)
certificate:90 (148645 bytes; live heap 210957772)
logic:seed408 (718 bytes)
logic:seed409 (2647 bytes)
lockfile:82 (2831 bytes; live heap 210179230)
core:144 (2282 bytes; live heap 209595819)
logic:seed410 (629 bytes)
logic:seed411 (2299 bytes)
logic:seed412 (420 bytes)
logic:seed413 (1102 bytes)
bitproof:107 (2120 bytes; live heap 206231374)
core:145 (2266 bytes; live heap 206673756)
logic:seed414 (536 bytes)
bitproof:108 (132921 bytes; live heap 205990318)
logic:seed415 (3616 bytes)
bitproof:109 (131 bytes; live heap 205675633)
bitproof:110 (2773 bytes; live heap 202119607)
certificate:91 (98484 bytes; live heap 200918282)
eval:497 (2 bytes; live heap 200394675)
bitproof:111 (8834 bytes; live heap 199988356)
lockfile:83 (34621 bytes; live heap 199909460)
eval:498 (60004 bytes; live heap 199874604)
logic:seed416 (5426 bytes)
core:146 (5270 bytes; live heap 199854151)
bitproof:112 (8830 bytes; live heap 199742975)
eval:499 (793 bytes; live heap 200078201)
eval:500 (37 bytes; live heap 200329823)
eval:501 (33 bytes; live heap 200129767)
eval:502 (52 bytes; live heap 199775404)
eval:503 (10004 bytes; live heap 199469242)
logic:seed417 (4062 bytes)
bitproof:113 (169208 bytes; live heap 198663691)
bitproof:114 (226 bytes; live heap 197515395)
core:147 (3270 bytes; live heap 197414716)
bitproof:115 (136 bytes; live heap 197412326)
logic:seed418 (2466 bytes)
logic:seed419 (4543 bytes)
core:148 (3154 bytes; live heap 197911805)
row-model:21 (153299 bytes; live heap 197719171)
core:149 (1944 bytes; live heap 197683423)
logic:seed420 (3331 bytes)
core:150 (1284 bytes; live heap 194195407)
lockfile:84 (5647 bytes; live heap 194601652)
core:151 (1455 bytes; live heap 194854948)
logic:seed421 (17957 bytes)
core:152 (1469 bytes; live heap 195750776)
core:153 (2538 bytes; live heap 197471542)
core:154 (1940 bytes; live heap 195942442)
core:155 (1433 bytes; live heap 194905757)
lockfile:85 (32034 bytes; live heap 194627834)
core:156 (529 bytes; live heap 194460764)
core:157 (2144 bytes; live heap 192759820)
core:158 (1440 bytes; live heap 191373441)
core:159 (638 bytes; live heap 190877725)
core:160 (597 bytes; live heap 189789200)
lockfile:86 (2448 bytes; live heap 189396067)
bitproof:116 (759816 bytes; live heap 187678818)
core:161 (1164 bytes; live heap 187534254)
lockfile:87 (2379 bytes; live heap 187505836)
core:162 (528 bytes; live heap 187414190)
logic:seed422 (5802 bytes)
lockfile:88 (2373 bytes; live heap 187220026)
lockfile:89 (25527 bytes; live heap 187917040)
logic:seed423 (749 bytes)
logic:seed424 (422 bytes)
logic:seed425 (3895 bytes)
logic:seed426 (2778 bytes)
lockfile:90 (2141 bytes; live heap 186875792)
logic:seed427 (3291 bytes)
lockfile:91 (2398 bytes; live heap 185832081)
logic:seed428 (7909 bytes)
logic:seed429 (2562 bytes)
lockfile:92 (13044 bytes; live heap 183046779)
logic:seed430 (5179 bytes)
eval:504 (49539 bytes; live heap 180596949)
lockfile:93 (25320 bytes; live heap 180485748)
eval:505 (57 bytes; live heap 183124783)
eval:506 (6 bytes; live heap 183199906)
lockfile:94 (25396 bytes; live heap 187343159)
logic:seed431 (113383 bytes)
core:163 (124864 bytes; live heap 185626983)
core:164 (1145 bytes; live heap 182615872)
lockfile:95 (2371 bytes; live heap 181758945)
certificate:92 (148551 bytes; live heap 179878852)
bitproof:117 (759542 bytes; live heap 179104306)
logic:seed432 (2526 bytes)
lockfile:96 (5009 bytes; live heap 177907190)
core:165 (5265 bytes; live heap 177863729)
core:166 (201148 bytes; live heap 181406658)
logic:seed433 (2738 bytes)
core:167 (605 bytes; live heap 181076395)
core:168 (10994 bytes; live heap 180998512)
logic:seed434 (391591 bytes)
core:169 (982 bytes; live heap 180789859)
lockfile:97 (25504 bytes; live heap 180802254)
core:170 (1594 bytes; live heap 180859091)
core:171 (201197 bytes; live heap 181017276)
core:172 (1207 bytes; live heap 180660031)
lockfile:98 (5672 bytes; live heap 181529466)
lockfile:99 (3100 bytes; live heap 178261646)
bitproof:118 (139349 bytes; live heap 177406426)
bitproof:119 (1127 bytes; live heap 176754594)
lockfile:100 (7649 bytes; live heap 177544643)
bitproof:120 (136708 bytes; live heap 176394854)
lockfile:101 (2339 bytes; live heap 175417686)
lockfile:102 (25468 bytes; live heap 174075886)
bitproof:121 (26391 bytes; live heap 173524954)
bitproof:122 (132926 bytes; live heap 173427370)
logic:seed435 (6611 bytes)
bitproof:123 (132953 bytes; live heap 172773635)
bitproof:124 (266 bytes; live heap 172337433)
bitproof:125 (731 bytes; live heap 172334881)
bitproof:126 (142 bytes; live heap 172303146)
logic:seed436 (4136 bytes)
logic:seed437 (6410 bytes)
lockfile:103 (13111 bytes; live heap 173565295)
logic:seed438 (2334 bytes)
logic:seed439 (1354 bytes)
logic:seed440 (2670 bytes)
lockfile:104 (23951 bytes; live heap 173207865)
logic:seed441 (3224 bytes)
logic:seed442 (18348 bytes)
lockfile:105 (2925 bytes; live heap 171732769)
lockfile:106 (13122 bytes; live heap 171655817)
lockfile:107 (5806 bytes; live heap 171877709)
logic:seed443 (2839 bytes)
lockfile:108 (11656 bytes; live heap 172135382)
logic:seed444 (358 bytes)
logic:seed445 (211 bytes)
logic:seed446 (3120 bytes)
lockfile:109 (13198 bytes; live heap 172760735)
logic:seed447 (589 bytes)
logic:seed448 (1093 bytes)
logic:seed449 (843 bytes)
logic:seed450 (520 bytes)
logic:seed451 (5982 bytes)
logic:seed452 (757 bytes)
logic:seed453 (1123 bytes)
logic:seed454 (213 bytes)
logic:seed455 (2265 bytes)
logic:seed456 (619 bytes)
lockfile:110 (2926 bytes; live heap 172687965)
logic:seed457 (9224 bytes)
lockfile:111 (13118 bytes; live heap 172682739)
logic:seed458 (558 bytes)
logic:seed459 (867 bytes)
logic:seed460 (1126 bytes)
logic:seed461 (184 bytes)
logic:seed462 (1842 bytes)
lockfile:112 (2943 bytes; live heap 172437148)
logic:seed463 (1776 bytes)
logic:seed464 (7178 bytes)
lockfile:113 (213177 bytes; live heap 172973616)
logic:seed465 (547 bytes)
logic:seed466 (2083 bytes)
logic:seed467 (2131 bytes)
logic:seed468 (627 bytes)
logic:seed469 (1665 bytes)
logic:seed470 (1893 bytes)
logic:seed471 (1803 bytes)
logic:seed472 (2100 bytes)
logic:seed473 (1555 bytes)
certificate:93 (148913 bytes; live heap 172257533)
logic:seed474 (356 bytes)
logic:seed475 (152682 bytes)
lockfile:114 (10071 bytes; live heap 171076681)
lockfile:115 (25550 bytes; live heap 170473203)
certificate:94 (149759 bytes; live heap 169850930)
logic:seed476 (15604 bytes)
certificate:95 (148614 bytes; live heap 164056153)
logic:seed477 (229 bytes)
certificate:96 (149145 bytes; live heap 162571810)
logic:seed478 (3073 bytes)
logic:seed479 (748 bytes)
lockfile:116 (205734 bytes; live heap 162216004)
logic:seed480 (8098 bytes)
row-model:22 (153366 bytes; live heap 161562044)
logic:seed481 (266 bytes)
logic:seed482 (888 bytes)
logic:seed483 (3425 bytes)
lockfile:117 (5690 bytes; live heap 161570536)
row-model:23 (153179 bytes; live heap 161677789)
core:173 (502514 bytes; live heap 155240077)
logic:seed484 (3694 bytes)
row-model:24 (153299 bytes; live heap 153850435)
test regression_eval_compute_values_charge_copies_and_preserve_context ... ok
lockfile:118 (13123 bytes; live heap 152886783)
logic:seed485 (520 bytes)
logic:seed486 (4275 bytes)
core:174 (2928 bytes; live heap 153515360)
logic:seed487 (10824 bytes)
core:175 (948 bytes; live heap 153737211)
lockfile:119 (5669 bytes; live heap 153861189)
core:176 (1007 bytes; live heap 153853172)
logic:seed488 (543 bytes)
logic:seed489 (235 bytes)
logic:seed490 (5280 bytes)
lockfile:120 (14770 bytes; live heap 154007619)
logic:seed491 (450 bytes)
logic:seed492 (2403 bytes)
logic:seed493 (1893 bytes)
logic:seed494 (2892 bytes)
core:177 (5853 bytes; live heap 153910318)
logic:seed495 (4257 bytes)
core:178 (2051 bytes; live heap 153986824)
lockfile:121 (31227 bytes; live heap 153946323)
lockfile:122 (25394 bytes; live heap 153896830)
core:179 (1214 bytes; live heap 153996169)
logic:seed496 (151670 bytes)
core:180 (1462 bytes; live heap 154286317)
core:181 (7073 bytes; live heap 155914769)
core:182 (582 bytes; live heap 156011754)
core:183 (202194 bytes; live heap 156193664)
logic:seed497 (751 bytes)
logic:seed498 (4868 bytes)
core:184 (2500 bytes; live heap 156084049)
core:185 (528 bytes; live heap 156172024)
logic:seed499 (2194 bytes)
core:186 (539 bytes; live heap 156465791)
logic:seed500 (4611 bytes)
core:187 (1182 bytes; live heap 156146877)
core:188 (381 bytes; live heap 156016276)
logic:seed501 (15805 bytes)
core:189 (3968 bytes; live heap 153283216)
core:190 (598 bytes; live heap 152583673)
core:191 (2534 bytes; live heap 150899948)
core:192 (1428 bytes; live heap 149757593)
bitproof:127 (820177 bytes; live heap 147532846)
core:193 (204022 bytes; live heap 147303300)
core:194 (532 bytes; live heap 148458240)
logic:seed502 (529 bytes)
logic:seed503 (1634 bytes)
logic:seed504 (2325 bytes)
core:195 (1433 bytes; live heap 147543927)
logic:seed505 (2332 bytes)
logic:seed506 (2147 bytes)
logic:seed507 (2270 bytes)
logic:seed508 (2392 bytes)
logic:seed509 (540 bytes)
logic:seed510 (967 bytes)
logic:seed511 (1615 bytes)
logic:seed512 (981 bytes)
logic:seed513 (10623 bytes)
core:196 (4048 bytes; live heap 142841414)
core:197 (2535 bytes; live heap 142172070)
core:198 (1271 bytes; live heap 142060719)
core:199 (387 bytes; live heap 141979408)
logic:seed514 (3668 bytes)
core:200 (176 bytes; live heap 141762550)
core:201 (387 bytes; live heap 141619877)
logic:seed515 (2964 bytes)
core:202 (2302 bytes; live heap 141290159)
logic:seed516 (2196 bytes)
logic:seed517 (2453 bytes)
core:203 (1877 bytes; live heap 135920757)
logic:seed518 (3361 bytes)
core:204 (2929 bytes; live heap 135843569)
core:205 (3005 bytes; live heap 135833965)
core:206 (571 bytes; live heap 135006093)
core:207 (1899 bytes; live heap 135045388)
logic:seed519 (486 bytes)
logic:seed520 (1640 bytes)
logic:seed521 (3867 bytes)
lockfile:123 (2146995 bytes; live heap 138586710)
logic:seed522 (356 bytes)
logic:seed523 (587 bytes)
logic:seed524 (2725 bytes)
lockfile:124 (5645 bytes; live heap 140010456)
logic:seed525 (2104 bytes)
logic:seed526 (4543 bytes)
lockfile:125 (2418 bytes; live heap 140234843)
logic:seed527 (1098 bytes)
logic:seed528 (587 bytes)
logic:seed529 (1694 bytes)
lockfile:126 (5674 bytes; live heap 140453367)
logic:seed530 (6951 bytes)
logic:seed531 (2708 bytes)
logic:seed532 (1694 bytes)
core:208 (37697 bytes; live heap 141156641)
lockfile:127 (246771 bytes; live heap 141107757)
logic:seed533 (869 bytes)
logic:seed534 (2586 bytes)
logic:seed535 (4611 bytes)
logic:seed536 (1493 bytes)
logic:seed537 (1775 bytes)
core:209 (1452 bytes; live heap 144417618)
logic:seed538 (2014 bytes)
lockfile:128 (13099 bytes; live heap 143856895)
core:210 (10387 bytes; live heap 143847631)
core:211 (1914 bytes; live heap 144318258)
logic:seed539 (587 bytes)
logic:seed540 (10908 bytes)
core:212 (1159 bytes; live heap 144860668)
core:213 (466 bytes; live heap 145035292)
core:214 (501 bytes; live heap 144727936)
lockfile:129 (2984 bytes; live heap 144877302)
core:215 (528 bytes; live heap 144859198)
logic:seed541 (751 bytes)
logic:seed542 (3010 bytes)
logic:seed543 (1675 bytes)
lockfile:130 (5659 bytes; live heap 145052703)
logic:seed544 (16384 bytes)
core:216 (2559 bytes; live heap 144630164)
bitproof:128 (7927 bytes; live heap 147704183)
bitproof:129 (3097 bytes; live heap 147992856)
eval:507 (700010 bytes; live heap 147495936)
logic:seed545 (5648 bytes)
logic:seed546 (759966 bytes)
equality:194 (400330 bytes; live heap 223365001)
equality:195 (523 bytes; live heap 230462141)
equality:196 (482 bytes; live heap 230833673)
equality:197 (774 bytes; live heap 231923765)
equality:198 (526 bytes; live heap 233239599)
equality:199 (476 bytes; live heap 233905443)
equality:200 (176 bytes; live heap 234891792)
certificate:97 (492627 bytes; live heap 236318301)
logic:seed547 (2191 bytes)
logic:seed548 (3935 bytes)
logic:seed549 (594846 bytes)
equality:201 (23363 bytes; live heap 252772383)
logic:seed550 (2361 bytes)
logic:seed551 (8811 bytes)
row-model:25 (155040 bytes; live heap 306119138)
logic:seed552 (890 bytes)
logic:seed553 (2376 bytes)
logic:seed554 (1123 bytes)
logic:seed555 (353 bytes)
logic:seed556 (8110 bytes)
logic:seed557 (5138 bytes)
logic:seed558 (2608 bytes)
logic:seed559 (3160 bytes)
logic:0 (381 bytes; live heap 308227984)
certificate:98 (448 bytes; live heap 307723487)
certificate:99 (487 bytes; live heap 308044596)
logic:1 (45693 bytes; live heap 310171170)
certificate:100 (98485 bytes; live heap 310190205)
logic:2 (1290 bytes; live heap 310302152)
logic:3 (11780 bytes; live heap 310668462)
logic:4 (3681 bytes; live heap 310392539)
logic:5 (1775 bytes; live heap 311397779)
logic:6 (2476 bytes; live heap 311992098)
logic:7 (2167 bytes; live heap 312546896)
logic:8 (2083 bytes; live heap 312580012)
logic:9 (2718 bytes; live heap 312679408)
logic:10 (2095 bytes; live heap 312662517)
logic:11 (6571 bytes; live heap 312472652)
logic:12 (255 bytes; live heap 311915715)
logic:13 (2910 bytes; live heap 312132497)
bitproof:130 (8398294 bytes; live heap 311281961)
logic:14 (1996 bytes; live heap 311826469)
logic:15 (7198 bytes; live heap 311972374)
logic:16 (1554 bytes; live heap 312389161)
logic:17 (1297 bytes; live heap 314788355)
logic:18 (780 bytes; live heap 315256778)
logic:19 (433 bytes; live heap 315398361)
logic:20 (7573 bytes; live heap 321274752)
logic:21 (8353 bytes; live heap 335319999)
logic:22 (2413 bytes; live heap 351244017)
logic:23 (2305 bytes; live heap 351553122)
logic:24 (1495 bytes; live heap 352864012)
logic:25 (596 bytes; live heap 353481211)
certificate:101 (93461 bytes; live heap 378793331)
certificate:102 (148403 bytes; live heap 400080038)
certificate:103 (97910 bytes; live heap 409291148)
certificate:104 (474 bytes; live heap 412032108)
certificate:105 (98483 bytes; live heap 419310134)
eval:508 (48 bytes; live heap 418708346)
eval:509 (23 bytes; live heap 420450000)
eval:510 (25 bytes; live heap 420718623)
eval:511 (80010 bytes; live heap 422617712)
eval:512 (10 bytes; live heap 485341031)
eval:513 (6 bytes; live heap 485832485)
eval:514 (23 bytes; live heap 486168637)
eval:515 (30 bytes; live heap 486613608)
eval:516 (7 bytes; live heap 486986648)
eval:517 (6 bytes; live heap 487293089)
eval:518 (25 bytes; live heap 487575525)
eval:519 (80010 bytes; live heap 488725839)
row-model:26 (155047 bytes; live heap 522179565)
logic:26 (2062362 bytes; live heap 522786450)
logic:27 (3952 bytes; live heap 521612798)
eval:520 (48 bytes; live heap 536254912)
eval:521 (2 bytes; live heap 536649925)
eval:522 (20 bytes; live heap 536849996)
eval:523 (4 bytes; live heap 537051425)
eval:524 (36 bytes; live heap 537320309)
eval:525 (2 bytes; live heap 545824734)
eval:526 (4 bytes; live heap 545922576)
eval:527 (42 bytes; live heap 546032832)
eval:528 (12 bytes; live heap 546325234)
eval:529 (40 bytes; live heap 546550432)
eval:530 (2 bytes; live heap 546652593)
eval:531 (24 bytes; live heap 546799328)
eval:532 (12 bytes; live heap 547019075)
eval:533 (27 bytes; live heap 547110930)
eval:534 (7 bytes; live heap 547380688)
logic:28 (18072 bytes; live heap 547284846)
eval:535 (4 bytes; live heap 547439343)
logic:29 (2031 bytes; live heap 547590839)
eval:536 (8 bytes; live heap 547711441)
eval:537 (2 bytes; live heap 547835101)
eval:538 (88 bytes; live heap 548003227)
eval:539 (347 bytes; live heap 548228104)
logic:30 (1032 bytes; live heap 548830790)
logic:31 (887 bytes; live heap 549220453)
eval:540 (2 bytes; live heap 550113377)
logic:32 (8716 bytes; live heap 550254731)
eval:541 (22001 bytes; live heap 550229235)
eval:542 (19 bytes; live heap 549255139)
eval:543 (10024 bytes; live heap 549253156)
eval:544 (11 bytes; live heap 549230161)
eval:545 (45 bytes; live heap 549214715)
eval:546 (43 bytes; live heap 549169246)
logic:33 (3521 bytes; live heap 549375658)
logic:34 (200724 bytes; live heap 550025756)
logic:35 (1676 bytes; live heap 549727071)
logic:36 (1000 bytes; live heap 550057212)
eval:547 (4011 bytes; live heap 549712592)
logic:37 (2472 bytes; live heap 549671474)
eval:548 (57 bytes; live heap 549627280)
eval:549 (191 bytes; live heap 549792881)
logic:38 (1775 bytes; live heap 549794744)
eval:550 (26 bytes; live heap 549867538)
eval:551 (3 bytes; live heap 549949508)
eval:552 (3 bytes; live heap 549999312)
logic:39 (5867 bytes; live heap 553286527)
logic:40 (366 bytes; live heap 553542304)
logic:41 (6341 bytes; live heap 555101719)
eval:553 (400155 bytes; live heap 553567642)
certificate:106 (120616 bytes; live heap 555389090)
certificate:107 (98484 bytes; live heap 557282466)
bitproof:131 (8396355 bytes; live heap 562792875)
certificate:108 (102787 bytes; live heap 583429684)
certificate:109 (97943 bytes; live heap 587150925)
certificate:110 (93411 bytes; live heap 589156476)
logic:42 (134533 bytes; live heap 591307957)
eval:554 (73752 bytes; live heap 592473666)
logic:43 (1906 bytes; live heap 595091114)
logic:44 (2877 bytes; live heap 595478356)
logic:45 (2687 bytes; live heap 596591960)
eval:555 (29 bytes; live heap 596091603)
logic:46 (520 bytes; live heap 596091657)
eval:556 (32 bytes; live heap 596119052)
eval:557 (23 bytes; live heap 596174864)
eval:558 (32 bytes; live heap 596237817)
eval:559 (386 bytes; live heap 596304120)
eval:560 (4 bytes; live heap 596370102)
eval:561 (9 bytes; live heap 596413774)
eval:562 (13 bytes; live heap 596423947)
eval:563 (26 bytes; live heap 596459609)
eval:564 (18 bytes; live heap 596494162)
eval:565 (36 bytes; live heap 596551908)
eval:566 (25 bytes; live heap 596643260)
eval:567 (2 bytes; live heap 596776334)
eval:568 (3001 bytes; live heap 596851087)
eval:569 (5 bytes; live heap 596910556)
eval:570 (7 bytes; live heap 596916455)
eval:571 (24 bytes; live heap 596908416)
eval:572 (8 bytes; live heap 596900085)
logic:47 (8429 bytes; live heap 599135291)
logic:48 (544 bytes; live heap 599321873)
logic:49 (11140 bytes; live heap 601456319)
logic:50 (3392 bytes; live heap 601986185)
logic:51 (792 bytes; live heap 602032431)
logic:52 (313 bytes; live heap 602167590)
logic:53 (672 bytes; live heap 602280212)
logic:54 (6851 bytes; live heap 602689168)
logic:55 (3332 bytes; live heap 604536425)
logic:56 (2337 bytes; live heap 605747003)
logic:57 (16239 bytes; live heap 608651528)
logic:58 (8507 bytes; live heap 611840746)
logic:59 (2873 bytes; live heap 611674439)
logic:60 (1526 bytes; live heap 611663684)
logic:61 (2349 bytes; live heap 611625875)
logic:62 (4498 bytes; live heap 611306480)
logic:63 (10908 bytes; live heap 610591675)
certificate:111 (101879 bytes; live heap 609655885)
logic:64 (795 bytes; live heap 608967687)
logic:65 (4126 bytes; live heap 609305678)
logic:66 (2541 bytes; live heap 609165585)
logic:67 (11866 bytes; live heap 609156263)
logic:68 (4869 bytes; live heap 608876818)
certificate:112 (99993 bytes; live heap 608410967)
certificate:113 (570 bytes; live heap 607737085)
certificate:114 (448 bytes; live heap 607606600)
logic:69 (3385 bytes; live heap 607424061)
certificate:115 (491 bytes; live heap 607085465)
certificate:116 (149126 bytes; live heap 610112283)
certificate:117 (98482 bytes; live heap 610278045)
bitproof:132 (96 bytes; live heap 568163562)
bitproof:133 (8822 bytes; live heap 567834551)
certificate:118 (481 bytes; live heap 564557191)
certificate:119 (156214 bytes; live heap 564710621)
certificate:120 (112786 bytes; live heap 564823705)
row-model:27 (150618 bytes; live heap 565514104)
certificate:121 (149178 bytes; live heap 538683752)
certificate:122 (100416 bytes; live heap 543868518)
certificate:123 (151270 bytes; live heap 542722869)
bitproof:134 (743089 bytes; live heap 529245115)
eval:573 (160033 bytes; live heap 492802962)
certificate:124 (102809 bytes; live heap 492159824)
bitproof:135 (12529 bytes; live heap 488997254)
bitproof:136 (759450 bytes; live heap 484977325)
logic:70 (558875 bytes; live heap 484381385)
logic:71 (1937 bytes; live heap 483237976)
logic:72 (258 bytes; live heap 483228466)
logic:73 (3772 bytes; live heap 483240166)
bitproof:137 (96 bytes; live heap 480220171)
logic:74 (18151 bytes; live heap 497384665)
logic:75 (2278 bytes; live heap 501505434)
logic:76 (2375 bytes; live heap 507034140)
logic:77 (210 bytes; live heap 509117374)
logic:78 (4101 bytes; live heap 534463424)
logic:79 (1888 bytes; live heap 540103549)
logic:80 (2188 bytes; live heap 542994229)
eval:574 (24 bytes; live heap 544503911)
eval:575 (1418 bytes; live heap 544835676)
eval:576 (22 bytes; live heap 545033246)
eval:577 (2 bytes; live heap 545188389)
eval:578 (26 bytes; live heap 545245219)
eval:579 (2 bytes; live heap 545414736)
eval:580 (4 bytes; live heap 545477694)
eval:581 (20 bytes; live heap 545561086)
eval:582 (50 bytes; live heap 545674295)
eval:583 (200005 bytes; live heap 546229547)
eval:584 (1 bytes; live heap 545938417)
eval:585 (44 bytes; live heap 545452959)
eval:586 (22 bytes; live heap 545547041)
eval:587 (4 bytes; live heap 549751302)
eval:588 (12 bytes; live heap 549628826)
eval:589 (26 bytes; live heap 549417891)
certificate:125 (10 bytes; live heap 549388806)
eval:590 (19 bytes; live heap 549384136)
eval:591 (200048 bytes; live heap 549833089)
eval:592 (15 bytes; live heap 549372236)
eval:593 (19 bytes; live heap 549133964)
eval:594 (200006 bytes; live heap 549566874)
eval:595 (47 bytes; live heap 549413639)
eval:596 (6 bytes; live heap 549343983)
eval:597 (29 bytes; live heap 549268357)
certificate:126 (32750 bytes; live heap 549260501)
row-model:28 (154014 bytes; live heap 549312981)
row-model:29 (35351 bytes; live heap 549490179)
certificate:127 (96971 bytes; live heap 559138465)
logic:81 (137384 bytes; live heap 559236620)
eval:598 (20572 bytes; live heap 558834051)
eval:599 (22 bytes; live heap 558716751)
eval:600 (174 bytes; live heap 558793155)
eval:601 (36 bytes; live heap 558504012)
logic:82 (2625 bytes; live heap 558383056)
eval:602 (6 bytes; live heap 558307374)
certificate:128 (97908 bytes; live heap 558198908)
eval:603 (80 bytes; live heap 558191879)
eval:604 (29 bytes; live heap 558191697)
eval:605 (200018 bytes; live heap 558409228)
logic:83 (462 bytes; live heap 558405330)
eval:606 (15 bytes; live heap 555310895)
eval:607 (3 bytes; live heap 553133123)
eval:608 (19 bytes; live heap 551642449)
logic:84 (1912 bytes; live heap 548567369)
eval:609 (100155 bytes; live heap 545110472)
logic:85 (581 bytes; live heap 544369021)
logic:86 (10646 bytes; live heap 543040518)
logic:87 (1873 bytes; live heap 539513249)
logic:88 (93 bytes; live heap 537730828)
eval:610 (7 bytes; live heap 537594988)
eval:611 (26 bytes; live heap 535369201)
eval:612 (17 bytes; live heap 533939283)
logic:89 (2830 bytes; live heap 530978083)
logic:90 (452 bytes; live heap 525856027)
logic:91 (631 bytes; live heap 522194512)
eval:613 (477 bytes; live heap 522109130)
eval:614 (37 bytes; live heap 518458961)
logic:92 (2837 bytes; live heap 516962257)
eval:615 (11 bytes; live heap 516221344)
eval:616 (45 bytes; live heap 514019577)
eval:617 (27 bytes; live heap 512528096)
eval:618 (7 bytes; live heap 511774068)
eval:619 (360 bytes; live heap 508924676)
eval:620 (3 bytes; live heap 507000403)
eval:621 (5 bytes; live heap 504876693)
eval:622 (21 bytes; live heap 502745633)
eval:623 (73 bytes; live heap 500744863)
eval:624 (55 bytes; live heap 498524091)
logic:93 (1609 bytes; live heap 498512400)
eval:625 (28 bytes; live heap 497104726)
eval:626 (12292 bytes; live heap 496416512)
eval:627 (23 bytes; live heap 494294671)
bitproof:138 (11821520 bytes; live heap 492852810)
logic:94 (1305 bytes; live heap 492852067)
eval:628 (10013 bytes; live heap 492871887)
eval:629 (14 bytes; live heap 493162298)
eval:630 (44 bytes; live heap 493568783)
eval:631 (4 bytes; live heap 493768943)
eval:632 (25 bytes; live heap 510655853)
eval:633 (25 bytes; live heap 510980808)
eval:634 (4 bytes; live heap 511135725)
eval:635 (267 bytes; live heap 511264685)
eval:636 (24 bytes; live heap 511411963)
eval:637 (200028 bytes; live heap 511803510)
eval:638 (198 bytes; live heap 511839168)
eval:639 (14 bytes; live heap 511935685)
eval:640 (20 bytes; live heap 512084395)
eval:641 (3 bytes; live heap 512126883)
logic:95 (28580 bytes; live heap 512634973)
eval:642 (18001 bytes; live heap 522384736)
eval:643 (200283 bytes; live heap 524438187)
eval:644 (29 bytes; live heap 524337826)
eval:645 (6 bytes; live heap 524687749)
eval:646 (10 bytes; live heap 525128105)
eval:647 (102 bytes; live heap 525471990)
eval:648 (517 bytes; live heap 525943071)
eval:649 (101 bytes; live heap 526080001)
eval:650 (28 bytes; live heap 526538240)
eval:651 (43 bytes; live heap 526756285)
eval:652 (25 bytes; live heap 526871088)
eval:653 (44 bytes; live heap 526982195)
eval:654 (11 bytes; live heap 527041014)
eval:655 (39 bytes; live heap 527450640)
eval:656 (25 bytes; live heap 527559969)
eval:657 (30 bytes; live heap 527712131)
eval:658 (14 bytes; live heap 527796086)
eval:659 (32 bytes; live heap 527907679)
eval:660 (30 bytes; live heap 527967425)
eval:661 (48 bytes; live heap 528017608)
eval:662 (37 bytes; live heap 528491853)
eval:663 (200042 bytes; live heap 529123937)
eval:664 (41 bytes; live heap 528957628)
eval:665 (14 bytes; live heap 529069244)
eval:666 (10 bytes; live heap 529180421)
eval:667 (19 bytes; live heap 529286420)
eval:668 (38 bytes; live heap 529414496)
eval:669 (25 bytes; live heap 529533600)
eval:670 (22 bytes; live heap 529772388)
eval:671 (20811 bytes; live heap 530061807)
eval:672 (3 bytes; live heap 530259341)
eval:673 (3 bytes; live heap 530350180)
eval:674 (13 bytes; live heap 530475692)
eval:675 (23 bytes; live heap 530585108)
eval:676 (2 bytes; live heap 530723215)
eval:677 (6 bytes; live heap 530932617)
eval:678 (1 bytes; live heap 530957559)
eval:679 (8 bytes; live heap 531038041)
eval:680 (16 bytes; live heap 531196396)
eval:681 (21 bytes; live heap 531283556)
eval:682 (40 bytes; live heap 531502970)
eval:683 (17 bytes; live heap 531626269)
eval:684 (71 bytes; live heap 530675291)
row-model:30 (1492696 bytes; live heap 530579794)
eval:685 (38 bytes; live heap 530647560)
eval:686 (34 bytes; live heap 530863806)
eval:687 (21 bytes; live heap 531028351)
eval:688 (13 bytes; live heap 531195736)
eval:689 (166 bytes; live heap 531556764)
eval:690 (10 bytes; live heap 531863416)
eval:691 (351 bytes; live heap 532142805)
eval:692 (23 bytes; live heap 532303424)
eval:693 (22 bytes; live heap 532365758)
eval:694 (3 bytes; live heap 532454054)
eval:695 (51 bytes; live heap 532590656)
eval:696 (19 bytes; live heap 532633418)
eval:697 (48 bytes; live heap 532761690)
eval:698 (23 bytes; live heap 532900359)
eval:699 (2306 bytes; live heap 529591072)
eval:700 (126678 bytes; live heap 511097396)
eval:701 (38 bytes; live heap 495003922)
eval:702 (38 bytes; live heap 495380069)
eval:703 (19 bytes; live heap 495468382)
eval:704 (21 bytes; live heap 495559512)
eval:705 (21 bytes; live heap 495733318)
eval:706 (29 bytes; live heap 495826734)
eval:707 (6 bytes; live heap 496046585)
eval:708 (28 bytes; live heap 496136749)
eval:709 (20 bytes; live heap 496361412)
eval:710 (34 bytes; live heap 496523628)
eval:711 (1 bytes; live heap 496602924)
eval:712 (163 bytes; live heap 496948366)
eval:713 (2 bytes; live heap 498472086)
eval:714 (12 bytes; live heap 498528136)
eval:715 (2 bytes; live heap 498590099)
eval:716 (24 bytes; live heap 498658467)
eval:717 (1 bytes; live heap 498706535)
eval:718 (24 bytes; live heap 499161290)
eval:719 (28 bytes; live heap 499354651)
eval:720 (22 bytes; live heap 499408762)
eval:721 (22 bytes; live heap 499509791)
eval:722 (28 bytes; live heap 499562915)
eval:723 (112 bytes; live heap 499720520)
eval:724 (20 bytes; live heap 499777912)
eval:725 (4 bytes; live heap 499813967)
eval:726 (307 bytes; live heap 499864085)
eval:727 (13 bytes; live heap 499918867)
eval:728 (60 bytes; live heap 499984548)
eval:729 (35 bytes; live heap 500058124)
eval:730 (2 bytes; live heap 500118929)
eval:731 (28 bytes; live heap 500184382)
eval:732 (200011 bytes; live heap 500743739)
eval:733 (7 bytes; live heap 500396125)
eval:734 (1 bytes; live heap 500445271)
eval:735 (6 bytes; live heap 500518474)
eval:736 (385 bytes; live heap 500720049)
eval:737 (12 bytes; live heap 500961639)
eval:738 (5 bytes; live heap 501034691)
eval:739 (300004 bytes; live heap 503194912)
eval:740 (12 bytes; live heap 503558812)
eval:741 (25 bytes; live heap 503626343)
eval:742 (22 bytes; live heap 503682318)
eval:743 (5 bytes; live heap 503728854)
certificate:129 (98425 bytes; live heap 507465989)
logic:96 (211943 bytes; live heap 524047828)
logic:97 (16383 bytes; live heap 525984506)
logic:98 (750 bytes; live heap 517980104)
logic:99 (338 bytes; live heap 518005064)
logic:100 (863 bytes; live heap 520180602)
logic:101 (201758 bytes; live heap 520400319)
logic:102 (7119 bytes; live heap 520450665)
logic:103 (6890 bytes; live heap 521120222)
logic:104 (247 bytes; live heap 521123596)
logic:105 (2023 bytes; live heap 521188993)
logic:106 (2168 bytes; live heap 521299696)
logic:107 (2370 bytes; live heap 521316332)
logic:108 (16591 bytes; live heap 522955882)
certificate:130 (154467 bytes; live heap 537418979)
logic:109 (14084 bytes; live heap 539886688)
logic:110 (299 bytes; live heap 540622408)
bitproof:139 (784034 bytes; live heap 539396192)
logic:111 (1716 bytes; live heap 539462517)
logic:112 (80 bytes; live heap 539854808)
logic:113 (4650 bytes; live heap 540579489)
logic:114 (11618 bytes; live heap 541318042)
logic:115 (1340 bytes; live heap 541326501)
logic:116 (4121 bytes; live heap 541424666)
logic:117 (3453 bytes; live heap 541429512)
logic:118 (2527 bytes; live heap 541868192)
logic:119 (210098 bytes; live heap 542363808)
logic:120 (2365 bytes; live heap 542032092)
logic:121 (5880 bytes; live heap 542262295)
logic:122 (4075 bytes; live heap 542381922)
logic:123 (3434 bytes; live heap 542428360)
logic:124 (618 bytes; live heap 542465177)
logic:125 (1523 bytes; live heap 542516260)
logic:126 (892 bytes; live heap 542544219)
logic:127 (210280 bytes; live heap 543622117)
logic:128 (1474 bytes; live heap 543604346)
logic:129 (2471 bytes; live heap 544535843)
logic:130 (8394 bytes; live heap 545857446)
logic:131 (4086 bytes; live heap 546441379)
logic:132 (585 bytes; live heap 546445663)
logic:133 (3068 bytes; live heap 544990032)
bitproof:140 (96 bytes; live heap 552429761)
bitproof:141 (125 bytes; live heap 552613260)
bitproof:142 (134 bytes; live heap 553137533)
bitproof:143 (133 bytes; live heap 553516411)
certificate:131 (148806 bytes; live heap 565506503)
certificate:132 (149125 bytes; live heap 571830489)
bitproof:144 (684100 bytes; live heap 573691273)
bitproof:145 (6323 bytes; live heap 583982811)
eval:744 (360020 bytes; live heap 637170346)
row-model:31 (161281 bytes; live heap 652574563)
eval:745 (28 bytes; live heap 652195326)
eval:746 (46 bytes; live heap 652668214)
eval:747 (26 bytes; live heap 652862366)
eval:748 (4 bytes; live heap 653120423)
eval:749 (13 bytes; live heap 653276030)
eval:750 (6 bytes; live heap 653484748)
eval:751 (10 bytes; live heap 653707523)
eval:752 (30 bytes; live heap 653865941)
eval:753 (25 bytes; live heap 654031226)
eval:754 (119 bytes; live heap 654429132)
eval:755 (14 bytes; live heap 654592629)
eval:756 (4 bytes; live heap 654719543)
eval:757 (29 bytes; live heap 654864203)
eval:758 (25 bytes; live heap 655302872)
eval:759 (49 bytes; live heap 655449919)
eval:760 (23 bytes; live heap 655573268)
eval:761 (13 bytes; live heap 655683227)
eval:762 (20 bytes; live heap 655884107)
eval:763 (12292 bytes; live heap 656171290)
eval:764 (339 bytes; live heap 656758308)
eval:765 (10006 bytes; live heap 658862134)
eval:766 (50 bytes; live heap 659270254)
eval:767 (7 bytes; live heap 659389198)
eval:768 (19 bytes; live heap 659687523)
eval:769 (115 bytes; live heap 659927980)
eval:770 (3 bytes; live heap 660053826)
eval:771 (28 bytes; live heap 660341003)
eval:772 (22 bytes; live heap 661003072)
eval:773 (100 bytes; live heap 661870291)
eval:774 (12 bytes; live heap 662651136)
eval:775 (30 bytes; live heap 664129701)
eval:776 (12300 bytes; live heap 665252340)
certificate:133 (98500 bytes; live heap 671934429)
certificate:134 (476 bytes; live heap 672331901)
eval:777 (19 bytes; live heap 672300482)
certificate:135 (93822 bytes; live heap 672372829)
eval:778 (6 bytes; live heap 672385121)
eval:779 (25 bytes; live heap 672587509)
logic:134 (362298 bytes; live heap 722748243)
logic:135 (1849 bytes; live heap 725680301)
logic:136 (3 bytes; live heap 726026579)
logic:137 (2342 bytes; live heap 727835901)
certificate:136 (155977 bytes; live heap 727961583)
logic:138 (1021 bytes; live heap 728145351)
bitproof:146 (763128 bytes; live heap 727955492)
logic:139 (2156 bytes; live heap 728437658)
logic:140 (1977 bytes; live heap 729392472)
certificate:137 (856 bytes; live heap 731277611)
certificate:138 (93461 bytes; live heap 733024652)
logic:141 (8215 bytes; live heap 733965549)
logic:142 (2865 bytes; live heap 738395841)
logic:143 (50485 bytes; live heap 748097074)
logic:144 (11392 bytes; live heap 749890857)
logic:145 (851 bytes; live heap 750143676)
logic:146 (2649 bytes; live heap 750415966)
logic:147 (1403 bytes; live heap 750700483)
logic:148 (313941 bytes; live heap 755816584)
logic:149 (12108 bytes; live heap 755450378)
logic:150 (1955 bytes; live heap 755734740)
certificate:139 (93478 bytes; live heap 755772308)
logic:151 (2139 bytes; live heap 756096601)
certificate:140 (148559 bytes; live heap 758260817)
bitproof:147 (149 bytes; live heap 756263981)
bitproof:148 (120 bytes; live heap 756367787)
bitproof:149 (145739 bytes; live heap 757397416)
certificate:141 (97910 bytes; live heap 757682874)
logic:152 (19965 bytes; live heap 757737271)
logic:153 (1401 bytes; live heap 758019422)
logic:154 (3348 bytes; live heap 761395588)
eval:780 (300004 bytes; live heap 758637413)
logic:155 (3471 bytes; live heap 758824739)
bitproof:150 (766712 bytes; live heap 755238768)
eval:781 (77 bytes; live heap 752839258)
eval:782 (19 bytes; live heap 752816603)
eval:783 (40 bytes; live heap 752798757)
eval:784 (11 bytes; live heap 753881030)
eval:785 (21 bytes; live heap 753875314)
eval:786 (2 bytes; live heap 753818092)
eval:787 (39 bytes; live heap 753814561)
eval:788 (16 bytes; live heap 753790884)
eval:789 (21 bytes; live heap 753776583)
logic:156 (6374 bytes; live heap 753789316)
eval:790 (36 bytes; live heap 753790453)
eval:791 (10 bytes; live heap 751544230)
eval:792 (40 bytes; live heap 751252346)
eval:793 (7 bytes; live heap 751549674)
eval:794 (13 bytes; live heap 751729668)
eval:795 (31 bytes; live heap 750858585)
eval:796 (2 bytes; live heap 750579297)
eval:797 (2 bytes; live heap 750306721)
bitproof:151 (200916 bytes; live heap 750111984)
eval:798 (3 bytes; live heap 750097269)
logic:157 (6248 bytes; live heap 750023730)
eval:799 (7221 bytes; live heap 750029468)
eval:800 (7 bytes; live heap 750019686)
eval:801 (52 bytes; live heap 750011867)
eval:802 (8 bytes; live heap 750003212)
eval:803 (23 bytes; live heap 750002792)
eval:804 (0 bytes; live heap 749982710)
eval:805 (28 bytes; live heap 749990768)
eval:806 (2 bytes; live heap 749992686)
eval:807 (42 bytes; live heap 749994162)
eval:808 (26 bytes; live heap 750013193)
eval:809 (80029 bytes; live heap 749280838)
logic:158 (2619 bytes; live heap 754027314)
logic:159 (2243 bytes; live heap 753884739)
logic:160 (2222 bytes; live heap 753605339)
logic:161 (257 bytes; live heap 753277088)
logic:162 (1507 bytes; live heap 753202990)
bitproof:152 (12874 bytes; live heap 752509629)
logic:163 (10278 bytes; live heap 753082310)
logic:164 (186 bytes; live heap 763899982)
logic:165 (2211 bytes; live heap 764605105)
logic:166 (4864 bytes; live heap 770140026)
logic:167 (710 bytes; live heap 774393058)
logic:168 (1794 bytes; live heap 781407853)
logic:169 (306 bytes; live heap 782106905)
logic:170 (1277 bytes; live heap 788256837)
logic:171 (9460 bytes; live heap 801816572)
logic:172 (2559 bytes; live heap 809494544)
logic:173 (1068 bytes; live heap 815196776)
logic:174 (1691 bytes; live heap 815889238)
logic:175 (103926 bytes; live heap 817854954)
logic:176 (3167 bytes; live heap 817442293)
row-model:32 (153309 bytes; live heap 835968726)
bitproof:153 (11954345 bytes; live heap 773955493)
certificate:142 (93461 bytes; live heap 774765309)
certificate:143 (148550 bytes; live heap 761844063)
certificate:144 (448 bytes; live heap 761282538)
certificate:145 (97664 bytes; live heap 760203445)
certificate:146 (97900 bytes; live heap 755282312)
eval:810 (17 bytes; live heap 746960872)
eval:811 (27 bytes; live heap 746997223)
eval:812 (24 bytes; live heap 747033065)
eval:813 (43 bytes; live heap 747088746)
eval:814 (33 bytes; live heap 747127450)
eval:815 (23 bytes; live heap 747158246)
eval:816 (151 bytes; live heap 747210002)
eval:817 (13 bytes; live heap 747227113)
certificate:147 (413 bytes; live heap 747225615)
eval:818 (12 bytes; live heap 747210351)
eval:819 (24 bytes; live heap 747299883)
eval:820 (16 bytes; live heap 747404009)
eval:821 (36 bytes; live heap 747551109)
certificate:148 (98440 bytes; live heap 750189740)
eval:822 (420022 bytes; live heap 742026563)
bitproof:154 (740197 bytes; live heap 732553649)
certificate:149 (214662 bytes; live heap 718335035)
eval:823 (3 bytes; live heap 714866328)
eval:824 (3 bytes; live heap 714835008)
eval:825 (15 bytes; live heap 714754254)
eval:826 (26 bytes; live heap 714711493)
eval:827 (259 bytes; live heap 714551706)
eval:828 (29 bytes; live heap 714444101)
eval:829 (25 bytes; live heap 714378699)
eval:830 (82 bytes; live heap 714297936)
eval:831 (101 bytes; live heap 714220614)
eval:832 (200042 bytes; live heap 714026841)
eval:833 (200021 bytes; live heap 713636811)
eval:834 (4019 bytes; live heap 711884724)
bitproof:155 (8831 bytes; live heap 704799557)
eval:835 (27 bytes; live heap 707345665)
eval:836 (23 bytes; live heap 707335742)
eval:837 (32 bytes; live heap 707329393)
eval:838 (5627 bytes; live heap 707421531)
eval:839 (647 bytes; live heap 707352849)
eval:840 (16 bytes; live heap 707295370)
eval:841 (28 bytes; live heap 707271932)
eval:842 (22 bytes; live heap 707249157)
eval:843 (19 bytes; live heap 707232983)
eval:844 (25 bytes; live heap 707122672)
eval:845 (262 bytes; live heap 706907724)
eval:846 (32 bytes; live heap 706676281)
eval:847 (45 bytes; live heap 706812405)
eval:848 (2 bytes; live heap 706811662)
eval:849 (39 bytes; live heap 706811327)
eval:850 (2 bytes; live heap 706808805)
eval:851 (4 bytes; live heap 706944287)
eval:852 (11 bytes; live heap 707063773)
row-model:33 (153307 bytes; live heap 706890397)
eval:853 (1059 bytes; live heap 706809578)
eval:854 (8 bytes; live heap 706920727)
eval:855 (6 bytes; live heap 707047581)
eval:856 (109 bytes; live heap 706906923)
row-model:34 (153165 bytes; live heap 706904899)
eval:857 (6 bytes; live heap 706902038)
eval:858 (30 bytes; live heap 707023092)
eval:859 (19 bytes; live heap 707084501)
eval:860 (25 bytes; live heap 707117328)
eval:861 (25 bytes; live heap 707120401)
eval:862 (4 bytes; live heap 707206249)
eval:863 (2652 bytes; live heap 707526322)
eval:864 (30 bytes; live heap 707568688)
eval:865 (3 bytes; live heap 707594022)
eval:866 (4 bytes; live heap 707612694)
eval:867 (33 bytes; live heap 707706708)
eval:868 (549 bytes; live heap 707704829)
eval:869 (23 bytes; live heap 707722389)
eval:870 (12 bytes; live heap 707728585)
eval:871 (2 bytes; live heap 707727522)
eval:872 (48 bytes; live heap 707753484)
eval:873 (25 bytes; live heap 707767912)
eval:874 (19 bytes; live heap 707831065)
eval:875 (2 bytes; live heap 707824935)
eval:876 (4006 bytes; live heap 707837027)
eval:877 (264 bytes; live heap 708624111)
eval:878 (3 bytes; live heap 708624798)
eval:879 (22 bytes; live heap 708666281)
eval:880 (29 bytes; live heap 708703758)
eval:881 (32 bytes; live heap 708711842)
eval:882 (28 bytes; live heap 708718990)
eval:883 (10 bytes; live heap 708725099)
eval:884 (28 bytes; live heap 708727134)
eval:885 (120008 bytes; live heap 704682656)
eval:886 (10001 bytes; live heap 704135911)
eval:887 (5 bytes; live heap 703861728)
eval:888 (28 bytes; live heap 703753731)
eval:889 (24 bytes; live heap 703753118)
eval:890 (499 bytes; live heap 703561595)
eval:891 (22 bytes; live heap 703435206)
eval:892 (105981 bytes; live heap 703399736)
eval:893 (33 bytes; live heap 702836569)
eval:894 (34 bytes; live heap 702731167)
eval:895 (14 bytes; live heap 702655724)
eval:896 (10 bytes; live heap 702604516)
eval:897 (10 bytes; live heap 702545412)
eval:898 (10285 bytes; live heap 702513927)
eval:899 (44 bytes; live heap 702406055)
eval:900 (23 bytes; live heap 702348199)
eval:901 (4 bytes; live heap 702830554)
eval:902 (10027 bytes; live heap 702752256)
eval:903 (4 bytes; live heap 702650113)
eval:904 (19 bytes; live heap 702539923)
eval:905 (30 bytes; live heap 702445083)
eval:906 (2 bytes; live heap 702410292)
eval:907 (26 bytes; live heap 702374052)
eval:908 (20 bytes; live heap 702330862)
eval:909 (7 bytes; live heap 702334184)
eval:910 (24 bytes; live heap 702287200)
eval:911 (16 bytes; live heap 702236428)
eval:912 (77503 bytes; live heap 702054504)
eval:913 (341 bytes; live heap 701554776)
eval:914 (21 bytes; live heap 701530860)
eval:915 (23 bytes; live heap 701464695)
eval:916 (248 bytes; live heap 701176623)
eval:917 (2 bytes; live heap 700575340)
eval:918 (13 bytes; live heap 700476447)
eval:919 (2 bytes; live heap 700404498)
eval:920 (4717 bytes; live heap 698665973)
eval:921 (2612 bytes; live heap 694644099)
eval:922 (4 bytes; live heap 694422434)
eval:923 (9 bytes; live heap 694310032)
eval:924 (4 bytes; live heap 694234458)
eval:925 (27 bytes; live heap 694141568)
eval:926 (35 bytes; live heap 694020406)
eval:927 (7 bytes; live heap 693977355)
eval:928 (200045 bytes; live heap 693657031)
eval:929 (7 bytes; live heap 693016504)
eval:930 (89 bytes; live heap 692850143)
eval:931 (27 bytes; live heap 692596700)
eval:932 (2 bytes; live heap 692469468)
eval:933 (22 bytes; live heap 691686695)
eval:934 (8205 bytes; live heap 689175699)
eval:935 (23 bytes; live heap 688858051)
eval:936 (20 bytes; live heap 688716935)
eval:937 (28 bytes; live heap 688589490)
eval:938 (42 bytes; live heap 688493470)
eval:939 (49 bytes; live heap 688410502)
eval:940 (2 bytes; live heap 691142515)
eval:941 (1005 bytes; live heap 691146018)
eval:942 (1 bytes; live heap 691073831)
eval:943 (337 bytes; live heap 691117460)
eval:944 (163 bytes; live heap 690914502)
eval:945 (16389 bytes; live heap 692201199)
eval:946 (26 bytes; live heap 692109591)
eval:947 (11 bytes; live heap 692047678)
eval:948 (2 bytes; live heap 691982872)
eval:949 (4 bytes; live heap 691942895)
eval:950 (2 bytes; live heap 691601192)
eval:951 (3 bytes; live heap 691530117)
eval:952 (80005 bytes; live heap 690801521)
eval:953 (2 bytes; live heap 689695899)
eval:954 (3 bytes; live heap 689436046)
eval:955 (401 bytes; live heap 689234925)
eval:956 (40 bytes; live heap 688980739)
eval:957 (35 bytes; live heap 688850132)
eval:958 (144 bytes; live heap 688711933)
eval:959 (20 bytes; live heap 688599454)
eval:960 (22 bytes; live heap 688516767)
eval:961 (2 bytes; live heap 688375111)
eval:962 (4413 bytes; live heap 687929524)
eval:963 (9 bytes; live heap 687554387)
eval:964 (11 bytes; live heap 687193008)
eval:965 (4 bytes; live heap 686803744)
eval:966 (21 bytes; live heap 686677134)
eval:967 (2 bytes; live heap 686471574)
eval:968 (10 bytes; live heap 686131584)
eval:969 (234 bytes; live heap 685964914)
eval:970 (43 bytes; live heap 685863409)
eval:971 (10 bytes; live heap 685764424)
eval:972 (58 bytes; live heap 685675788)
eval:973 (8 bytes; live heap 685599080)
eval:974 (18 bytes; live heap 685516805)
eval:975 (19 bytes; live heap 684493841)
eval:976 (2 bytes; live heap 684346162)
eval:977 (27 bytes; live heap 684244762)
eval:978 (25 bytes; live heap 684137838)
eval:979 (19 bytes; live heap 684035218)
eval:980 (2 bytes; live heap 681266043)
eval:981 (22 bytes; live heap 681069310)
eval:982 (70 bytes; live heap 680975463)
eval:983 (28 bytes; live heap 680823675)
eval:984 (84 bytes; live heap 680632776)
bitproof:156 (960193 bytes; live heap 679947604)
eval:985 (1 bytes; live heap 679929223)
eval:986 (52 bytes; live heap 679935093)
eval:987 (56 bytes; live heap 679955714)
eval:988 (24 bytes; live heap 679984446)
eval:989 (19 bytes; live heap 679986145)
eval:990 (2 bytes; live heap 679992900)
eval:991 (1100012 bytes; live heap 683147024)
eval:992 (25 bytes; live heap 679658516)
eval:993 (17 bytes; live heap 679641850)
eval:994 (49 bytes; live heap 679694715)
eval:995 (17 bytes; live heap 680188027)
eval:996 (545 bytes; live heap 680217760)
eval:997 (4 bytes; live heap 680243762)
eval:998 (101 bytes; live heap 680285456)
row-model:35 (153368 bytes; live heap 670240020)
row-model:36 (153301 bytes; live heap 669639671)
bitproof:157 (940189 bytes; live heap 628270321)
eval:999 (300012 bytes; live heap 624716246)
equality:202 (1200883 bytes; live heap 626330959)
bitproof:158 (96 bytes; live heap 607321690)
bitproof:159 (1113 bytes; live heap 606892491)
bitproof:160 (143286 bytes; live heap 607154545)
bitproof:161 (3090 bytes; live heap 605818616)
bitproof:162 (30148 bytes; live heap 605041832)
bitproof:163 (132 bytes; live heap 604855451)
bitproof:164 (120 bytes; live heap 561412779)
bitproof:165 (75301 bytes; live heap 554914427)
bitproof:166 (52184 bytes; live heap 552166551)
bitproof:167 (4034 bytes; live heap 551087125)
bitproof:168 (143280 bytes; live heap 549309336)
row-model:37 (153327 bytes; live heap 531036343)
row-model:38 (153368 bytes; live heap 530314211)
equality:203 (490 bytes; live heap 520902737)
equality:204 (517 bytes; live heap 520785029)
equality:205 (525 bytes; live heap 520597890)
equality:206 (735 bytes; live heap 520271322)
equality:207 (1174 bytes; live heap 519347084)
equality:208 (53692 bytes; live heap 518749946)
equality:209 (469 bytes; live heap 514742019)
equality:210 (889 bytes; live heap 512961837)
equality:211 (1151 bytes; live heap 511034521)
equality:212 (5435 bytes; live heap 503172322)
equality:213 (2427 bytes; live heap 496257801)
equality:214 (457 bytes; live heap 495859150)
row-model:39 (25343 bytes; live heap 494672745)
equality:215 (870 bytes; live heap 494344798)
equality:216 (221 bytes; live heap 494041076)
equality:217 (454 bytes; live heap 493518516)
row-model:40 (71041 bytes; live heap 492098738)
equality:218 (479 bytes; live heap 491921027)
equality:219 (850 bytes; live heap 491178161)
equality:220 (479 bytes; live heap 491055340)
row-model:41 (153290 bytes; live heap 490788714)
row-model:42 (151684 bytes; live heap 489619480)
equality:221 (20982 bytes; live heap 487843739)
equality:222 (200101 bytes; live heap 486724663)
equality:223 (229 bytes; live heap 486096824)
equality:224 (489 bytes; live heap 485528648)
equality:225 (920 bytes; live heap 485076992)
equality:226 (498 bytes; live heap 484090210)
equality:227 (10460 bytes; live heap 483306597)
equality:228 (10156 bytes; live heap 483001777)
equality:229 (458 bytes; live heap 482657173)
equality:230 (901 bytes; live heap 482175270)
core:217 (1305147 bytes; live heap 477179332)
core:218 (44 bytes; live heap 474643806)
core:219 (1146 bytes; live heap 474163953)
core:220 (4290 bytes; live heap 471067266)
core:221 (598 bytes; live heap 470734506)
core:222 (188 bytes; live heap 470577234)
eval: 1000 cases in 4.123103791s; 273 mutants accepted; slowest seed 2.95675ms; slowest case 217 291.268125ms; largest heap case 999 35763647 bytes
core:223 (182292 bytes; live heap 430334977)
     115 expected u64 JSON value
     101 argument count mismatch
     101 arguments must be an array
      69 expected u32 JSON value
      28 expected JSON array
      22 expected i32
      18 expected f32
      18 recursion limit exceeded at line 1 column 128
      17 expected Boolean JSON value
      13 expected value at line 1 column 1
       9 vector dimension mismatch
       8 expected `,` or `]` at line 1 column 4
       8 expected `,` or `]` at line 1 column 7
       7 expected `,` or `]` at line 1 column 17
       7 expected `,` or `]` at line 1 column 6
       7 expected value at line 1 column 2
       6 expected `,` or `]` at line 1 column 16
       5 EOF while parsing a list at line 1 column 2
       4 EOF while parsing a list at line 1 column 1
       4 EOF while parsing a value at line 1 column 0
       4 expected value at line 1 column 5
       4 invalid number at line 1 column 14
       3 EOF while parsing a list at line 1 column 3
       3 expected `,` or `]` at line 1 column 19
       3 expected `,` or `]` at line 1 column 3
core:224 (185 bytes; live heap 429798066)
core:225 (1847 bytes; live heap 428629120)
core:226 (636 bytes; live heap 428462980)
core:227 (515 bytes; live heap 427373644)
test fuzz_evaluation_arguments ... ok
core:228 (7862 bytes; live heap 426616649)
bitproof:169 (1719525 bytes; live heap 424883625)
core:229 (2548 bytes; live heap 424857124)
core:230 (239 bytes; live heap 424882615)
core:231 (1206 bytes; live heap 425045889)
equality:231 (260211 bytes; live heap 424419271)
core:232 (1462 bytes; live heap 424723354)
core:233 (506 bytes; live heap 424946921)
core:234 (2325 bytes; live heap 425808578)
core:235 (2961 bytes; live heap 426269818)
core:236 (408 bytes; live heap 426310536)
core:237 (3188 bytes; live heap 427571366)
core:238 (2253 bytes; live heap 427580413)
core:239 (1151 bytes; live heap 427951900)
core:240 (1244 bytes; live heap 427939275)
core:241 (7088 bytes; live heap 428149160)
equality:232 (1098 bytes; live heap 426488018)
equality:233 (501 bytes; live heap 426511773)
equality:234 (432 bytes; live heap 426554727)
equality:235 (352 bytes; live heap 426552642)
core:242 (1750 bytes; live heap 427541821)
core:243 (1433 bytes; live heap 427723387)
core:244 (2360 bytes; live heap 432188671)
core:245 (2277 bytes; live heap 426987249)
core:246 (1035 bytes; live heap 426619122)
core:247 (984 bytes; live heap 426512553)
equality:236 (54395 bytes; live heap 426264799)
core:248 (2937 bytes; live heap 425846070)
equality:237 (465 bytes; live heap 425539822)
core:249 (5164 bytes; live heap 425201529)
equality:238 (936 bytes; live heap 425053417)
equality:239 (193 bytes; live heap 425081029)
equality:240 (1087 bytes; live heap 425157354)
equality:241 (495 bytes; live heap 425226604)
equality:242 (465 bytes; live heap 425133619)
equality:243 (462 bytes; live heap 425060317)
equality:244 (478 bytes; live heap 424936739)
equality:245 (495 bytes; live heap 424924121)
equality:246 (1529 bytes; live heap 424591746)
core:250 (4726 bytes; live heap 424504513)
equality:247 (481 bytes; live heap 424497195)
equality:248 (922 bytes; live heap 424483383)
equality:249 (472 bytes; live heap 424481220)
equality:250 (1938 bytes; live heap 424685013)
equality:251 (467 bytes; live heap 424464353)
equality:252 (479 bytes; live heap 424421433)
equality:253 (533 bytes; live heap 422627914)
core:251 (5248 bytes; live heap 422601926)
bitproof:170 (120 bytes; live heap 420507821)
core:252 (205257 bytes; live heap 420974228)
core:253 (1822 bytes; live heap 421578243)
equality:254 (1169 bytes; live heap 421593445)
equality:255 (497 bytes; live heap 421809954)
equality:256 (278 bytes; live heap 421965068)
core:254 (497 bytes; live heap 422174378)
equality:257 (579 bytes; live heap 422205903)
core:255 (1156 bytes; live heap 422528217)
equality:258 (484 bytes; live heap 422622474)
core:256 (295 bytes; live heap 422703007)
core:257 (396 bytes; live heap 422872125)
core:258 (601 bytes; live heap 423085122)
equality:259 (528 bytes; live heap 423224309)
equality:260 (14 bytes; live heap 423371962)
core:259 (1530 bytes; live heap 423709127)
core:260 (3154 bytes; live heap 423809079)
equality:261 (760 bytes; live heap 423870846)
equality:262 (533 bytes; live heap 424169914)
equality:263 (471 bytes; live heap 424539851)
core:261 (2374 bytes; live heap 424690796)
equality:264 (490 bytes; live heap 424910008)
equality:265 (14 bytes; live heap 425139015)
core:262 (1294 bytes; live heap 425381775)
equality:266 (1151 bytes; live heap 425718261)
equality:267 (1091 bytes; live heap 426246284)
equality:268 (189 bytes; live heap 426283385)
equality:269 (473 bytes; live heap 426432212)
equality:270 (196 bytes; live heap 426489325)
equality:271 (2415 bytes; live heap 426964234)
equality:272 (223 bytes; live heap 426975615)
core:263 (5298 bytes; live heap 430967085)
core:264 (286 bytes; live heap 423124677)
core:265 (1980 bytes; live heap 423907825)
core:266 (5282 bytes; live heap 427233430)
core:267 (1897 bytes; live heap 428530820)
core:268 (1026 bytes; live heap 428569856)
core:269 (2438 bytes; live heap 429613630)
core:270 (983 bytes; live heap 429921233)
core:271 (984 bytes; live heap 430014077)
core:272 (5283 bytes; live heap 436056631)
core:273 (1233 bytes; live heap 436174079)
core:274 (1922 bytes; live heap 436730991)
core:275 (2021 bytes; live heap 434173710)
core:276 (1434 bytes; live heap 431567501)
core:277 (376 bytes; live heap 433828278)
certificate:150 (393465 bytes; live heap 435189554)
core:278 (4217 bytes; live heap 434947972)
core:279 (524 bytes; live heap 435355983)
certificate:151 (93453 bytes; live heap 436017520)
core:280 (2418 bytes; live heap 436068767)
certificate:152 (104273 bytes; live heap 436690059)
core:281 (1937 bytes; live heap 437605821)
certificate:153 (97847 bytes; live heap 437586168)
core:282 (4636 bytes; live heap 438975340)
core:283 (1041 bytes; live heap 439408206)
core:284 (753 bytes; live heap 439552068)
core:285 (1912 bytes; live heap 439604554)
core:286 (152 bytes; live heap 439637648)
row-model:43 (153299 bytes; live heap 453056408)
equality:273 (400466 bytes; live heap 448360433)
equality:274 (882 bytes; live heap 446833090)
equality:275 (444 bytes; live heap 446541905)
equality:276 (481 bytes; live heap 446179176)
equality:277 (527 bytes; live heap 449387734)
equality:278 (165 bytes; live heap 449289562)
equality:279 (446 bytes; live heap 449334635)
equality:280 (534 bytes; live heap 449266510)
equality:281 (1153 bytes; live heap 449168385)
equality:282 (473 bytes; live heap 449054639)
equality:283 (472 bytes; live heap 449002560)
equality:284 (486 bytes; live heap 449127878)
equality:285 (471 bytes; live heap 449372795)
equality:286 (480 bytes; live heap 449532298)
certificate:154 (93475 bytes; live heap 449521868)
equality:287 (501 bytes; live heap 449700930)
equality:288 (245 bytes; live heap 449718189)
equality:289 (939 bytes; live heap 449817042)
equality:290 (511 bytes; live heap 449815108)
equality:291 (140217 bytes; live heap 450613887)
equality:292 (815 bytes; live heap 450459755)
equality:293 (882 bytes; live heap 450476528)
core:287 (601201 bytes; live heap 447265828)
equality:294 (827 bytes; live heap 446382060)
core:288 (2039 bytes; live heap 446302275)
equality:295 (464 bytes; live heap 446272932)
equality:296 (890 bytes; live heap 446275385)
core:289 (1188 bytes; live heap 449487589)
core:290 (1206 bytes; live heap 449583027)
core:291 (993 bytes; live heap 449746029)
core:292 (1921 bytes; live heap 449768951)
core:293 (528 bytes; live heap 449795144)
core:294 (524 bytes; live heap 449832930)
core:295 (450 bytes; live heap 449861788)
core:296 (537 bytes; live heap 449912040)
core:297 (11409 bytes; live heap 450102698)
core:298 (1434 bytes; live heap 450073776)
core:299 (2289 bytes; live heap 450088835)
core:300 (2298 bytes; live heap 450516913)
core:301 (1433 bytes; live heap 450862188)
core:302 (4103 bytes; live heap 451298946)
core:303 (1466 bytes; live heap 451304922)
core:304 (2923 bytes; live heap 451594968)
core:305 (1880 bytes; live heap 451678704)
core:306 (4031 bytes; live heap 452144233)
certificate:155 (151037 bytes; live heap 452075899)
core:307 (1465 bytes; live heap 452059414)
certificate:156 (80689 bytes; live heap 455194763)
certificate:157 (476 bytes; live heap 455441103)
certificate:158 (98049 bytes; live heap 455959186)
bitproof:171 (1480095 bytes; live heap 455425243)
certificate:159 (443 bytes; live heap 459773189)
certificate:160 (99335 bytes; live heap 462056280)
certificate:161 (150887 bytes; live heap 465527741)
bitproof:172 (164 bytes; live heap 461574103)
bitproof:173 (136712 bytes; live heap 461450668)
bitproof:174 (132946 bytes; live heap 464590873)
bitproof:175 (96 bytes; live heap 464227576)
bitproof:176 (398570 bytes; live heap 463890117)
bitproof:177 (141 bytes; live heap 462269454)
bitproof:178 (144105 bytes; live heap 461784675)
row-model:44 (155048 bytes; live heap 460196056)
bitproof:179 (594334 bytes; live heap 449408569)
certificate:162 (148490 bytes; live heap 448047826)
certificate:163 (148549 bytes; live heap 446920754)
bitproof:180 (33995 bytes; live heap 435015611)
bitproof:181 (759455 bytes; live heap 427673220)
bitproof:182 (759105 bytes; live heap 405536428)
certificate:164 (57887 bytes; live heap 391702731)
certificate:165 (93462 bytes; live heap 390672289)
certificate:166 (98416 bytes; live heap 386921261)
certificate:167 (117931 bytes; live heap 386135416)
bitproof:183 (96 bytes; live heap 384790464)
bitproof:184 (1110 bytes; live heap 384785654)
bitproof:185 (635793 bytes; live heap 380792930)
bitproof:186 (3102 bytes; live heap 370445122)
certificate:168 (98694 bytes; live heap 415061112)
certificate:169 (148520 bytes; live heap 417960393)
row-model:45 (153350 bytes; live heap 380538012)
row-model:46 (153299 bytes; live heap 376908235)
bitproof:187 (8953464 bytes; live heap 350670576)
certificate:170 (96430 bytes; live heap 364100630)
certificate:171 (79447 bytes; live heap 364372038)
certificate:172 (104274 bytes; live heap 364774881)
certificate:173 (152850 bytes; live heap 367722667)
certificate:174 (97916 bytes; live heap 359267226)
certificate:175 (115236 bytes; live heap 321588116)
bitproof:188 (594467 bytes; live heap 312675291)
bitproof:189 (7652 bytes; live heap 301655722)
bitproof:190 (142082 bytes; live heap 300351954)
bitproof:191 (139 bytes; live heap 298972308)
bitproof:192 (143279 bytes; live heap 299046611)
certificate:176 (148549 bytes; live heap 295236234)
row-model:47 (152589 bytes; live heap 280400780)
row-model:48 (153299 bytes; live heap 277136939)
certificate:177 (93462 bytes; live heap 264127484)
certificate:178 (148559 bytes; live heap 248363348)
certificate:179 (97916 bytes; live heap 248053329)
certificate:180 (93461 bytes; live heap 247720521)
certificate:181 (149154 bytes; live heap 247072958)
certificate:182 (149228 bytes; live heap 245595175)
bitproof:193 (780173 bytes; live heap 239729618)
row-model:49 (153299 bytes; live heap 235607974)
core:308 (400608 bytes; live heap 228695882)
core:309 (387 bytes; live heap 228100798)
core:310 (201229 bytes; live heap 228566957)
core:311 (1913 bytes; live heap 226753179)
core:312 (1469 bytes; live heap 225589166)
core:313 (985 bytes; live heap 225341734)
core:314 (1163 bytes; live heap 224149802)
core:315 (387 bytes; live heap 223840524)
core:316 (1467 bytes; live heap 222999741)
core:317 (2275 bytes; live heap 221263027)
core:318 (2948 bytes; live heap 216851555)
bitproof:194 (174433 bytes; live heap 216211324)
core:319 (10523 bytes; live heap 216038211)
bitproof:195 (136711 bytes; live heap 213227102)
bitproof:196 (74994 bytes; live heap 211052395)
core:320 (20389 bytes; live heap 210112400)
bitproof:197 (87940 bytes; live heap 208597593)
core:321 (1148 bytes; live heap 208258466)
core:322 (1160 bytes; live heap 207351625)
core:323 (2266 bytes; live heap 207232019)
bitproof:198 (1579 bytes; live heap 206921495)
bitproof:199 (173 bytes; live heap 206784844)
bitproof:200 (134 bytes; live heap 206710701)
bitproof:201 (4034 bytes; live heap 206232258)
bitproof:202 (3052 bytes; live heap 205641978)
core:324 (1866 bytes; live heap 205629677)
core:325 (1930 bytes; live heap 206439422)
core:326 (1766 bytes; live heap 207326916)
core:327 (2011 bytes; live heap 207735140)
core:328 (1189 bytes; live heap 206293239)
core:329 (1408 bytes; live heap 204046245)
certificate:183 (148525 bytes; live heap 201981031)
core:330 (4015 bytes; live heap 201038161)
bitproof:203 (594011 bytes; live heap 200567068)
bitproof:204 (132926 bytes; live heap 192206822)
bitproof:205 (8825 bytes; live heap 190550652)
bitproof:206 (74996 bytes; live heap 188665723)
core:331 (606 bytes; live heap 188482499)
bitproof:207 (137 bytes; live heap 188062449)
bitproof:208 (192 bytes; live heap 188088066)
core:332 (72 bytes; live heap 188156146)
core:333 (922 bytes; live heap 188602102)
bitproof:209 (74998 bytes; live heap 187631220)
core:334 (1930 bytes; live heap 186856831)
bitproof:210 (136710 bytes; live heap 184731274)
bitproof:211 (26890 bytes; live heap 184258095)
core:335 (5453 bytes; live heap 184007882)
core:336 (1134 bytes; live heap 183993585)
core:337 (1205 bytes; live heap 184068927)
core:338 (2255 bytes; live heap 185939042)
core:339 (1462 bytes; live heap 182718424)
core:340 (548 bytes; live heap 181957632)
core:341 (5556 bytes; live heap 180393565)
bitproof:212 (759460 bytes; live heap 177161548)
logic:177 (1202595 bytes; live heap 175172972)
certificate:184 (98548 bytes; live heap 173841400)
bitproof:213 (594632 bytes; live heap 173560670)
bitproof:214 (136 bytes; live heap 177926646)
bitproof:215 (212 bytes; live heap 178957905)
bitproof:216 (50610 bytes; live heap 179034228)
bitproof:217 (143286 bytes; live heap 181312072)
lockfile:131 (4614336 bytes; live heap 178632347)
bitproof:218 (136718 bytes; live heap 178514718)
bitproof:219 (8869 bytes; live heap 179436043)
row-model:50 (153300 bytes; live heap 184519720)
certificate:185 (154467 bytes; live heap 280915709)
certificate:186 (92755 bytes; live heap 281471572)
certificate:187 (93471 bytes; live heap 281381015)
certificate:188 (93461 bytes; live heap 281902129)
certificate:189 (93486 bytes; live heap 277336200)
certificate:190 (448 bytes; live heap 271365020)
certificate:191 (156214 bytes; live heap 268327760)
bitproof:220 (7860623 bytes; live heap 214260788)
logic:178 (2612 bytes; live heap 209498202)
logic:179 (890 bytes; live heap 209904942)
logic:180 (946 bytes; live heap 210584646)
logic:181 (551 bytes; live heap 210813101)
logic:182 (2891 bytes; live heap 211382065)
logic:183 (443 bytes; live heap 212810035)
logic:184 (77848 bytes; live heap 218927834)
logic:185 (39072 bytes; live heap 226450792)
logic:186 (1824 bytes; live heap 226822858)
certificate:192 (97911 bytes; live heap 229291334)
bitproof:221 (206 bytes; live heap 209670851)
bitproof:222 (144 bytes; live heap 210710196)
bitproof:223 (132 bytes; live heap 210968033)
bitproof:224 (26143 bytes; live heap 211580574)
bitproof:225 (132920 bytes; live heap 212431147)
bitproof:226 (136 bytes; live heap 216712393)
bitproof:227 (6068 bytes; live heap 221375551)
certificate:193 (149238 bytes; live heap 221422911)
bitproof:228 (60173 bytes; live heap 222180374)
bitproof:229 (139232 bytes; live heap 226945501)
bitproof:230 (1109 bytes; live heap 228269940)
row-model:51 (153308 bytes; live heap 230147161)
bitproof:231 (6062 bytes; live heap 231330944)
bitproof:232 (787955 bytes; live heap 247367161)
bitproof:233 (132 bytes; live heap 259107596)
bitproof:234 (119198 bytes; live heap 259702224)
bitproof:235 (759455 bytes; live heap 273096807)
logic:187 (137173 bytes; live heap 275368161)
logic:188 (4446 bytes; live heap 277165275)
logic:189 (5566 bytes; live heap 282830321)
logic:190 (751 bytes; live heap 283089860)
logic:191 (2130 bytes; live heap 283355886)
logic:192 (1947 bytes; live heap 283266429)
logic:193 (4554 bytes; live heap 283357491)
logic:194 (4376 bytes; live heap 283337104)
logic:195 (890 bytes; live heap 283305120)
logic:196 (3886 bytes; live heap 283290754)
logic:197 (1946 bytes; live heap 283157061)
bitproof:236 (1111 bytes; live heap 282031910)
logic:198 (1721 bytes; live heap 283400006)
bitproof:237 (594329 bytes; live heap 285465042)
core:342 (38757 bytes; live heap 283729960)
core:343 (1207 bytes; live heap 287824996)
core:344 (2156 bytes; live heap 287797306)
core:345 (619 bytes; live heap 287933481)
core:346 (1148 bytes; live heap 288106181)
core:347 (2267 bytes; live heap 289599969)
bitproof:238 (136712 bytes; live heap 287617915)
logic:199 (151664 bytes; live heap 291925119)
bitproof:239 (594500 bytes; live heap 290373053)
logic:200 (2210 bytes; live heap 290833249)
core:348 (100372 bytes; live heap 290160479)
logic:201 (322 bytes; live heap 290058076)
core:349 (2929 bytes; live heap 290513120)
logic:202 (972 bytes; live heap 290640545)
logic:203 (1747 bytes; live heap 290920766)
logic:204 (1235 bytes; live heap 290684259)
core:350 (1480 bytes; live heap 289290965)
row-model:52 (1492696 bytes; live heap 289113275)
core:351 (531 bytes; live heap 288739140)
logic:205 (8043 bytes; live heap 288667161)
bitproof:240 (136714 bytes; live heap 288147624)
core:352 (1922 bytes; live heap 288992461)
core:353 (11433 bytes; live heap 290021217)
core:354 (1736 bytes; live heap 289880785)
bitproof:241 (146 bytes; live heap 289646336)
bitproof:242 (146790 bytes; live heap 291668049)
core:355 (159624 bytes; live heap 291577698)
bitproof:243 (132920 bytes; live heap 294640476)
core:356 (2267 bytes; live heap 295298925)
core:357 (592 bytes; live heap 297173594)
bitproof:244 (134 bytes; live heap 295462297)
core:358 (1197 bytes; live heap 296189454)
core:359 (1182 bytes; live heap 297224288)
core:360 (199 bytes; live heap 297596996)
core:361 (1519 bytes; live heap 298967150)
core:362 (1053 bytes; live heap 299930541)
core:363 (625 bytes; live heap 300559527)
core:364 (4699 bytes; live heap 302931590)
core:365 (1466 bytes; live heap 302776759)
core:366 (1196 bytes; live heap 302588282)
core:367 (1218 bytes; live heap 302990284)
core:368 (1308 bytes; live heap 303660298)
core:369 (6583 bytes; live heap 304285162)
core:370 (2544 bytes; live heap 304401913)
core:371 (13056 bytes; live heap 305031978)
core:372 (6465 bytes; live heap 306171446)
core:373 (2487 bytes; live heap 306242563)
core:374 (2235 bytes; live heap 306277726)
core:375 (1002 bytes; live heap 306350510)
core:376 (12929 bytes; live heap 306362189)
core:377 (425 bytes; live heap 306412204)
core:378 (5298 bytes; live heap 310368697)
core:379 (2527 bytes; live heap 310271150)
core:380 (98283 bytes; live heap 297374785)
core:381 (391 bytes; live heap 297038525)
core:382 (685 bytes; live heap 300251425)
core:383 (1273 bytes; live heap 299786721)
core:384 (1445 bytes; live heap 299420401)
core:385 (395 bytes; live heap 299455363)
core:386 (857 bytes; live heap 299232346)
core:387 (435 bytes; live heap 299165340)
core:388 (1158 bytes; live heap 298734835)
core:389 (726 bytes; live heap 298503501)
bitproof:245 (2599542 bytes; live heap 296743611)
logic:206 (485556 bytes; live heap 297540711)
logic:207 (2478 bytes; live heap 296623935)
logic:208 (2322 bytes; live heap 296870743)
logic:209 (3224 bytes; live heap 297194697)
logic:210 (6270 bytes; live heap 297381290)
logic:211 (405 bytes; live heap 297405703)
logic:212 (472 bytes; live heap 298052633)
row-model:53 (153232 bytes; live heap 294457484)
logic:213 (66147 bytes; live heap 285597624)
lockfile:132 (13119 bytes; live heap 277190791)
logic:214 (2299 bytes; live heap 277184153)
logic:215 (3083 bytes; live heap 278032240)
logic:216 (2565 bytes; live heap 277862649)
logic:217 (200888 bytes; live heap 278221318)
logic:218 (2385 bytes; live heap 278109452)
lockfile:133 (2910 bytes; live heap 278582656)
logic:219 (102635 bytes; live heap 278787417)
logic:220 (954 bytes; live heap 278711096)
logic:221 (219 bytes; live heap 279136503)
logic:222 (3288 bytes; live heap 279379623)
lockfile:134 (25569 bytes; live heap 280276067)
logic:223 (513 bytes; live heap 280378880)
logic:224 (1545 bytes; live heap 281767557)
logic:225 (750 bytes; live heap 282022513)
logic:226 (3949 bytes; live heap 282089000)
logic:227 (3216 bytes; live heap 282551146)
bitproof:246 (4034 bytes; live heap 280790267)
bitproof:247 (131 bytes; live heap 280758359)
bitproof:248 (2123 bytes; live heap 280967350)
bitproof:249 (75019 bytes; live heap 283010756)
bitproof:250 (132922 bytes; live heap 287126893)
lockfile:135 (2885 bytes; live heap 289112687)
bitproof:251 (8839 bytes; live heap 288434768)
bitproof:252 (4482 bytes; live heap 289441449)
core:390 (141870 bytes; live heap 291013433)
lockfile:136 (2800 bytes; live heap 291226332)
bitproof:253 (8875 bytes; live heap 292150170)
core:391 (1431 bytes; live heap 292501277)
bitproof:254 (7713 bytes; live heap 292510092)
core:392 (303 bytes; live heap 293049351)
lockfile:137 (2474 bytes; live heap 301817319)
lockfile:138 (5671 bytes; live heap 308116697)
lockfile:139 (12961 bytes; live heap 334087393)
lockfile:140 (25461 bytes; live heap 344746362)
lockfile:141 (2371 bytes; live heap 362273206)
lockfile:142 (2640 bytes; live heap 363242574)
lockfile:143 (102885 bytes; live heap 362134764)
logic:228 (1520419 bytes; live heap 360090984)
logic:229 (152 bytes; live heap 357979404)
logic:230 (628 bytes; live heap 357994355)
logic:231 (66 bytes; live heap 357827040)
lockfile:144 (25344 bytes; live heap 357815124)
logic:232 (9670 bytes; live heap 357902011)
logic:233 (839 bytes; live heap 357840414)
logic:234 (356 bytes; live heap 357902279)
lockfile:145 (25243 bytes; live heap 358750315)
logic:235 (140722 bytes; live heap 358439331)
logic:236 (4264 bytes; live heap 356943941)
core:393 (380555 bytes; live heap 356940571)
core:394 (1454 bytes; live heap 355979759)
lockfile:146 (13136 bytes; live heap 355826544)
core:395 (981 bytes; live heap 357488408)
core:396 (5497 bytes; live heap 357703175)
lockfile:147 (5758 bytes; live heap 357036853)
lockfile:148 (25372 bytes; live heap 360440052)
core:397 (5246 bytes; live heap 360439117)
core:398 (1214 bytes; live heap 359619847)
core:399 (5248 bytes; live heap 359386790)
core:400 (1431 bytes; live heap 357849487)
core:401 (2926 bytes; live heap 352136321)
lockfile:149 (25381 bytes; live heap 350418468)
core:402 (1293 bytes; live heap 348883057)
core:403 (1421 bytes; live heap 344965791)
core:404 (1000 bytes; live heap 341386563)
core:405 (1060 bytes; live heap 337298272)
core:406 (2906 bytes; live heap 330936251)
lockfile:150 (25395 bytes; live heap 328768032)
core:407 (3044 bytes; live heap 325153781)
core:408 (987 bytes; live heap 322640555)
core:409 (1468 bytes; live heap 320337663)
core:410 (1198 bytes; live heap 317964536)
logic:237 (260323 bytes; live heap 315363065)
logic:238 (248 bytes; live heap 314523799)
lockfile:151 (2692 bytes; live heap 312885325)
core:411 (4097 bytes; live heap 311144492)
lockfile:152 (2934 bytes; live heap 310924417)
logic:239 (8421 bytes; live heap 309774975)
core:412 (536 bytes; live heap 309614716)
lockfile:153 (25553 bytes; live heap 308626064)
logic:240 (10573 bytes; live heap 307831803)
logic:241 (7906 bytes; live heap 305462291)
core:413 (5256 bytes; live heap 305234344)
core:414 (10387 bytes; live heap 304838198)
core:415 (601 bytes; live heap 304077896)
core:416 (528 bytes; live heap 303222323)
core:417 (964 bytes; live heap 300687075)
logic:242 (2311 bytes; live heap 299752211)
lockfile:154 (5702 bytes; live heap 300013935)
lockfile:155 (5644 bytes; live heap 295632138)
lockfile:156 (13054 bytes; live heap 290071280)
logic:243 (313510 bytes; live heap 285028693)
logic:244 (1841 bytes; live heap 283632208)
logic:245 (3202 bytes; live heap 282092382)
logic:246 (269 bytes; live heap 281719261)
logic:247 (4273 bytes; live heap 280488343)
logic:248 (1757 bytes; live heap 279704904)
lockfile:157 (2361 bytes; live heap 279572070)
logic:249 (2131 bytes; live heap 279290134)
logic:250 (1760 bytes; live heap 278950392)
row-model:54 (153302 bytes; live heap 278641569)
logic:251 (191 bytes; live heap 278635213)
logic:252 (2306 bytes; live heap 277313658)
logic:253 (357 bytes; live heap 276985865)
logic:254 (2628 bytes; live heap 276512505)
lockfile:158 (25531 bytes; live heap 276184471)
logic:255 (4544 bytes; live heap 274642295)
bitproof:255 (7514770 bytes; live heap 272562791)
lockfile:159 (202935 bytes; live heap 272194537)
logic:256 (19451 bytes; live heap 267589990)
lockfile:160 (25184 bytes; live heap 267629060)
logic:257 (2129 bytes; live heap 267652376)
logic:258 (7386 bytes; live heap 266500553)
logic:259 (5597 bytes; live heap 265711219)
logic:260 (12285 bytes; live heap 265600665)
logic:261 (488 bytes; live heap 265587030)
logic:262 (2061 bytes; live heap 265667569)
logic:263 (2518 bytes; live heap 265573715)
logic:264 (745 bytes; live heap 265480360)
lockfile:161 (2886 bytes; live heap 266077050)
lockfile:162 (25546 bytes; live heap 266331580)
lockfile:163 (13270 bytes; live heap 267358240)
lockfile:164 (5672 bytes; live heap 268106507)
lockfile:165 (5933 bytes; live heap 264423682)
lockfile:166 (12854 bytes; live heap 262156672)
logic:265 (388577 bytes; live heap 257173337)
lockfile:167 (58441 bytes; live heap 256730976)
lockfile:168 (2956 bytes; live heap 256482330)
lockfile:169 (2346 bytes; live heap 254997457)
lockfile:170 (25350 bytes; live heap 255439910)
lockfile:171 (25478 bytes; live heap 256040483)
lockfile:172 (2364 bytes; live heap 256788792)
lockfile:173 (2826 bytes; live heap 257277050)
lockfile:174 (5944 bytes; live heap 257725483)
lockfile:175 (2371 bytes; live heap 258115396)
lockfile:176 (2929 bytes; live heap 256288386)
lockfile:177 (7712 bytes; live heap 254734805)
lockfile:178 (12373 bytes; live heap 251013647)
logic:266 (1434 bytes; live heap 249432091)
lockfile:179 (5684 bytes; live heap 249305114)
logic:267 (5337 bytes; live heap 248235612)
bitproof:256 (137 bytes; live heap 235158309)
logic:268 (2083 bytes; live heap 235030760)
bitproof:257 (147 bytes; live heap 234980112)
lockfile:180 (5644 bytes; live heap 234965322)
logic:269 (2155 bytes; live heap 234954365)
bitproof:258 (136707 bytes; live heap 235148731)
logic:270 (1105 bytes; live heap 235107415)
logic:271 (2650 bytes; live heap 238702904)
lockfile:181 (25381 bytes; live heap 243356402)
logic:272 (19956 bytes; live heap 243719672)
logic:273 (1391 bytes; live heap 240048985)
bitproof:259 (759459 bytes; live heap 237301140)
row-model:55 (153307 bytes; live heap 237232499)
logic:274 (2440 bytes; live heap 237465260)
logic:275 (3498 bytes; live heap 229279940)
row-model:56 (153221 bytes; live heap 229417721)
lockfile:182 (24373 bytes; live heap 212951955)
logic:276 (881 bytes; live heap 213219205)
row-model:57 (155047 bytes; live heap 213146694)
logic:277 (634 bytes; live heap 218680492)
row-model:58 (153235 bytes; live heap 219278545)
logic:278 (2351 bytes; live heap 219365273)
bitproof:260 (3095 bytes; live heap 218536484)
logic:279 (2369 bytes; live heap 215151900)
bitproof:261 (132918 bytes; live heap 211031806)
logic:280 (5138 bytes; live heap 210655513)
lockfile:183 (5681 bytes; live heap 209447318)
logic:281 (486 bytes; live heap 207207105)
bitproof:262 (6031 bytes; live heap 206018619)
logic:282 (5534 bytes; live heap 205732654)
lockfile:184 (13032 bytes; live heap 219615280)
logic:283 (1242 bytes; live heap 219167423)
logic:284 (3988 bytes; live heap 216343738)
logic:285 (2029 bytes; live heap 214886845)
logic:286 (2517 bytes; live heap 213323806)
lockfile:185 (24663 bytes; live heap 213277618)
logic:287 (2279 bytes; live heap 211188975)
bitproof:263 (778377 bytes; live heap 211155788)
lockfile:186 (25553 bytes; live heap 211214742)
logic:288 (37975 bytes; live heap 206593496)
bitproof:264 (173 bytes; live heap 205548315)
logic:289 (3970 bytes; live heap 204149272)
logic:290 (2707 bytes; live heap 211886231)
logic:291 (3411 bytes; live heap 213574185)
lockfile:187 (14214 bytes; live heap 221066953)
lockfile:188 (13115 bytes; live heap 256697587)
lockfile:189 (2313 bytes; live heap 277645889)
lockfile:190 (2419 bytes; live heap 279261566)
lockfile:191 (5671 bytes; live heap 279566434)
lockfile:192 (2928 bytes; live heap 281970594)
lockfile:193 (13046 bytes; live heap 280390473)
lockfile:194 (5683 bytes; live heap 278912847)
lockfile:195 (2920 bytes; live heap 280255532)
lockfile:196 (4462 bytes; live heap 274127800)
lockfile:197 (5602 bytes; live heap 257405630)
row-model:59 (154182 bytes; live heap 249471572)
lockfile:198 (2966 bytes; live heap 243803405)
row-model:60 (155039 bytes; live heap 243117267)
lockfile:199 (2520 bytes; live heap 234359543)
lockfile:200 (2599 bytes; live heap 224111166)
lockfile:201 (25547 bytes; live heap 215756954)
bitproof:265 (8687910 bytes; live heap 198911963)
lockfile:202 (25548 bytes; live heap 203195589)
logic:292 (382313 bytes; live heap 206518553)
lockfile:203 (5695 bytes; live heap 212163496)
lockfile:204 (25381 bytes; live heap 213698183)
logic:293 (601 bytes; live heap 215164421)
logic:294 (1897 bytes; live heap 216176044)
logic:295 (16 bytes; live heap 216314486)
logic:296 (765 bytes; live heap 216593358)
logic:297 (202789 bytes; live heap 217363957)
logic:298 (2246 bytes; live heap 217292386)
lockfile:205 (2363 bytes; live heap 217415312)
logic:299 (898 bytes; live heap 217805996)
logic:300 (2200 bytes; live heap 218288922)
logic:301 (4447 bytes; live heap 218765485)
logic:302 (2394 bytes; live heap 219485904)
logic:303 (2296 bytes; live heap 220254022)
logic:304 (1253 bytes; live heap 220363267)
lockfile:206 (39807 bytes; live heap 227165524)
lockfile:207 (13138 bytes; live heap 229925834)
lockfile:208 (13030 bytes; live heap 233200862)
lockfile:209 (205671 bytes; live heap 236411293)
lockfile:210 (25381 bytes; live heap 236833732)
logic:305 (10278 bytes; live heap 237634533)
lockfile:211 (7696 bytes; live heap 229641195)
equality:297 (1300515 bytes; live heap 225322127)
lockfile:212 (21241 bytes; live heap 225749162)
bitproof:266 (120 bytes; live heap 208042453)
bitproof:267 (2118 bytes; live heap 208138838)
bitproof:268 (145 bytes; live heap 208224149)
bitproof:269 (132 bytes; live heap 208386341)
bitproof:270 (8843 bytes; live heap 208767112)
lockfile:213 (3366 bytes; live heap 205662816)
bitproof:271 (3452 bytes; live heap 202020184)
lockfile:214 (27038 bytes; live heap 209049598)
lockfile:215 (5617 bytes; live heap 213570288)
lockfile:216 (225530 bytes; live heap 214816778)
bitproof:272 (594347 bytes; live heap 215014801)
lockfile:217 (2391 bytes; live heap 216948663)
lockfile:218 (13038 bytes; live heap 217488267)
lockfile:219 (23157 bytes; live heap 219888021)
bitproof:273 (155 bytes; live heap 218031492)
bitproof:274 (1113 bytes; live heap 218295690)
lockfile:220 (2371 bytes; live heap 225003873)
bitproof:275 (594546 bytes; live heap 232003728)
lockfile:221 (114405 bytes; live heap 236184195)
row-model:61 (155035 bytes; live heap 244096663)
lockfile:222 (25376 bytes; live heap 240377957)
bitproof:276 (759735 bytes; live heap 236530593)
lockfile:223 (2274 bytes; live heap 236307348)
equality:298 (540 bytes; live heap 256012774)
equality:299 (825 bytes; live heap 250013309)
equality:300 (474 bytes; live heap 245396292)
equality:301 (1464 bytes; live heap 231313903)
bitproof:277 (11821520 bytes; live heap 222352105)
equality:302 (1561 bytes; live heap 222344708)
equality:303 (835 bytes; live heap 222949225)
equality:304 (849 bytes; live heap 223209490)
bitproof:278 (144095 bytes; live heap 196401194)
bitproof:279 (144 bytes; live heap 196343747)
bitproof:280 (759352 bytes; live heap 202600911)
lockfile:224 (1382277 bytes; live heap 201821069)
lockfile:225 (13131 bytes; live heap 200467599)
lockfile:226 (2372 bytes; live heap 201835692)
lockfile:227 (2884 bytes; live heap 205050034)
lockfile:228 (5139 bytes; live heap 210322585)
bitproof:281 (34034 bytes; live heap 207858096)
lockfile:229 (5544 bytes; live heap 207488014)
lockfile:230 (2930 bytes; live heap 209244645)
lockfile:231 (2137 bytes; live heap 209800893)
lockfile:232 (25448 bytes; live heap 211466246)
lockfile:233 (2828 bytes; live heap 207617656)
bitproof:282 (594436 bytes; live heap 206251495)
lockfile:234 (13113 bytes; live heap 206316557)
lockfile:235 (3025 bytes; live heap 208740087)
lockfile:236 (5635 bytes; live heap 209975350)
lockfile:237 (25387 bytes; live heap 210440505)
bitproof:283 (30134 bytes; live heap 209937693)
lockfile:238 (2364 bytes; live heap 211079128)
lockfile:239 (20017 bytes; live heap 224744246)
lockfile:240 (12946 bytes; live heap 239969041)
lockfile:241 (2375 bytes; live heap 253210690)
lockfile:242 (5645 bytes; live heap 257914337)
lockfile:243 (12397 bytes; live heap 265100025)
lockfile:244 (2902 bytes; live heap 274040762)
lockfile:245 (2408 bytes; live heap 283028405)
lockfile:246 (213038 bytes; live heap 288605754)
lockfile:247 (5482 bytes; live heap 288492320)
lockfile:248 (2538 bytes; live heap 289667089)
lockfile:249 (2403 bytes; live heap 287607940)
lockfile:250 (24413 bytes; live heap 287960251)
row-model:62 (155320 bytes; live heap 287994341)
row-model:63 (155047 bytes; live heap 287486105)
row-model:64 (153318 bytes; live heap 287189340)
row-model:65 (50997 bytes; live heap 282360527)
certificate:194 (1497906 bytes; live heap 282317580)
lockfile:251 (2893 bytes; live heap 282269011)
row-model:66 (155109 bytes; live heap 282517521)
lockfile:252 (2322 bytes; live heap 282464376)
lockfile:253 (2926 bytes; live heap 282851556)
row-model:67 (151467 bytes; live heap 282738269)
bitproof:284 (8659963 bytes; live heap 237125662)
core:418 (1300508 bytes; live heap 257523666)
certificate:195 (148546 bytes; live heap 252806630)
certificate:196 (97875 bytes; live heap 256501835)
logic:306 (627116 bytes; live heap 271483562)
logic:307 (3164 bytes; live heap 273116691)
logic:308 (465 bytes; live heap 274064108)
logic:309 (9134 bytes; live heap 274208107)
logic:310 (2532 bytes; live heap 274169369)
logic:311 (24565 bytes; live heap 274870285)
logic:312 (3757 bytes; live heap 275553240)
logic:313 (2176 bytes; live heap 275748779)
logic:314 (2137 bytes; live heap 275412547)
logic:315 (7587 bytes; live heap 276019062)
row-model:68 (153165 bytes; live heap 276252492)
logic:316 (2267 bytes; live heap 276801346)
logic:317 (357 bytes; live heap 276864553)
logic:318 (3552 bytes; live heap 276907585)
certificate:197 (104296 bytes; live heap 280982701)
core:419 (530 bytes; live heap 276316807)
core:420 (566 bytes; live heap 276583958)
core:421 (1065 bytes; live heap 277765722)
certificate:198 (149633 bytes; live heap 279743467)
core:422 (4034 bytes; live heap 279977543)
core:423 (381 bytes; live heap 280184720)
bitproof:285 (780212 bytes; live heap 284087117)
certificate:199 (154467 bytes; live heap 284045593)
bitproof:286 (276778 bytes; live heap 278657604)
certificate:200 (149125 bytes; live heap 274998524)
logic:319 (391291 bytes; live heap 275140733)
logic:320 (1668 bytes; live heap 272656153)
logic:321 (980 bytes; live heap 272645419)
logic:322 (8810 bytes; live heap 272655653)
logic:323 (2269 bytes; live heap 272722610)
logic:324 (201978 bytes; live heap 273226610)
logic:325 (1442 bytes; live heap 272812518)
certificate:201 (495 bytes; live heap 279260349)
row-model:69 (153429 bytes; live heap 278940701)
certificate:202 (148533 bytes; live heap 278880757)
row-model:70 (153232 bytes; live heap 278925796)
certificate:203 (148439 bytes; live heap 279477391)
certificate:204 (98484 bytes; live heap 279208831)
certificate:205 (93464 bytes; live heap 279143519)
certificate:206 (484 bytes; live heap 278860759)
certificate:207 (93461 bytes; live heap 278808313)
certificate:208 (481 bytes; live heap 279050074)
certificate:209 (98474 bytes; live heap 279361774)
certificate:210 (149112 bytes; live heap 279391244)
bitproof:287 (928890 bytes; live heap 279899099)
bitproof:288 (74996 bytes; live heap 279110868)
bitproof:289 (151 bytes; live heap 278967386)
bitproof:290 (6063 bytes; live heap 279228692)
bitproof:291 (4034 bytes; live heap 279331267)
bitproof:292 (143288 bytes; live heap 279679440)
bitproof:293 (11821520 bytes; live heap 304622783)
lockfile:254 (702387 bytes; live heap 315553262)
certificate:211 (491 bytes; live heap 320509624)
certificate:212 (417 bytes; live heap 321892507)
certificate:213 (148551 bytes; live heap 325143846)
lockfile:255 (13043 bytes; live heap 324039066)
lockfile:256 (23143 bytes; live heap 327563749)
certificate:214 (165089 bytes; live heap 288605751)
lockfile:257 (2979 bytes; live heap 289514364)
bitproof:294 (144840 bytes; live heap 288836103)
lockfile:258 (2178 bytes; live heap 289505019)
lockfile:259 (24839 bytes; live heap 289164353)
bitproof:295 (6392 bytes; live heap 289150671)
bitproof:296 (884 bytes; live heap 289534669)
bitproof:297 (3091 bytes; live heap 289587762)
bitproof:298 (132 bytes; live heap 289613880)
bitproof:299 (782 bytes; live heap 289631926)
bitproof:300 (3933 bytes; live heap 289712382)
lockfile:260 (2354 bytes; live heap 293211530)
lockfile:261 (2928 bytes; live heap 293075752)
lockfile:262 (25542 bytes; live heap 293479901)
bitproof:301 (45445 bytes; live heap 298449129)
bitproof:302 (3101 bytes; live heap 299126537)
bitproof:303 (115798 bytes; live heap 302797784)
bitproof:304 (1105 bytes; live heap 307529822)
bitproof:305 (148 bytes; live heap 307834893)
bitproof:306 (143280 bytes; live heap 309336296)
bitproof:307 (8792 bytes; live heap 310293389)
row-model:71 (153299 bytes; live heap 320407448)
bitproof:308 (768561 bytes; live heap 319369198)
certificate:215 (68474 bytes; live heap 320506736)
certificate:216 (393472 bytes; live heap 322697958)
certificate:217 (154486 bytes; live heap 325550926)
certificate:218 (126082 bytes; live heap 325703906)
certificate:219 (148874 bytes; live heap 325080461)
bitproof:309 (136709 bytes; live heap 324432318)
certificate:220 (98481 bytes; live heap 324934903)
certificate:221 (349126 bytes; live heap 364199220)
bitproof:310 (748870 bytes; live heap 363250858)
certificate:222 (97939 bytes; live heap 356209520)
certificate:223 (98485 bytes; live heap 357181116)
row-model:72 (153300 bytes; live heap 360586352)
row-model:73 (153326 bytes; live heap 360483277)
row-model:74 (153372 bytes; live heap 360337764)
row-model:75 (153301 bytes; live heap 360211727)
bitproof:311 (136723 bytes; live heap 359438262)
bitproof:312 (75000 bytes; live heap 359329256)
bitproof:313 (102509 bytes; live heap 359335633)
bitproof:314 (3090 bytes; live heap 359204939)
bitproof:315 (136 bytes; live heap 359212680)
bitproof:316 (169 bytes; live heap 359200503)
bitproof:317 (1433 bytes; live heap 359207969)
bitproof:318 (75006 bytes; live heap 359326990)
bitproof:319 (725462 bytes; live heap 372505154)
bitproof:320 (74954 bytes; live heap 371272917)
certificate:224 (148551 bytes; live heap 376672115)
bitproof:321 (594334 bytes; live heap 376243738)
bitproof:322 (771333 bytes; live heap 383766991)
bitproof:323 (145890 bytes; live heap 384575335)
certificate:225 (133549 bytes; live heap 384317968)
bitproof:324 (120 bytes; live heap 384189331)
bitproof:325 (136717 bytes; live heap 385800911)
bitproof:326 (1110 bytes; live heap 393433840)
certificate:226 (98486 bytes; live heap 395266504)
bitproof:327 (74994 bytes; live heap 395287163)
certificate:227 (86812 bytes; live heap 396170284)
bitproof:328 (783 bytes; live heap 396990690)
bitproof:329 (1775 bytes; live heap 397132642)
certificate:228 (25522 bytes; live heap 398393198)
bitproof:330 (769767 bytes; live heap 407480692)
bitproof:331 (3832 bytes; live heap 411989604)
certificate:229 (205879 bytes; live heap 440085915)
bitproof:332 (132928 bytes; live heap 473770213)
bitproof:333 (6070 bytes; live heap 476993932)
bitproof:334 (740173 bytes; live heap 482840851)
bitproof:335 (88 bytes; live heap 486378044)
bitproof:336 (326312 bytes; live heap 490006930)
row-model:76 (150094 bytes; live heap 528218870)
certificate:230 (149126 bytes; live heap 551260507)
certificate:231 (10478 bytes; live heap 552598383)
core:424 (3003960 bytes; live heap 557272963)
core:425 (597 bytes; live heap 554034837)
core:426 (1581 bytes; live heap 556386552)
core:427 (1818 bytes; live heap 557644999)
bitproof:337 (920187 bytes; live heap 568059832)
certificate:232 (229101 bytes; live heap 549932268)
certificate:233 (148618 bytes; live heap 546917623)
certificate:234 (148578 bytes; live heap 539688816)
bitproof:338 (759448 bytes; live heap 528374149)
row-model:77 (2214152 bytes; live heap 522646622)
bitproof:339 (759465 bytes; live heap 498390921)
bitproof:340 (169 bytes; live heap 483441835)
bitproof:341 (1112 bytes; live heap 483252989)
bitproof:342 (3095 bytes; live heap 482736198)
bitproof:343 (136708 bytes; live heap 481049673)
bitproof:344 (45394 bytes; live heap 450107858)
certificate:235 (97927 bytes; live heap 445719685)
certificate:236 (155954 bytes; live heap 444548188)
certificate:237 (149146 bytes; live heap 388564310)
certificate:238 (148549 bytes; live heap 386988233)
certificate:239 (96427 bytes; live heap 381251067)
certificate:240 (93445 bytes; live heap 378513794)
bitproof:345 (763128 bytes; live heap 382145476)
row-model:78 (152630 bytes; live heap 389041126)
bitproof:346 (175 bytes; live heap 382390413)
bitproof:347 (740208 bytes; live heap 296759095)
row-model:79 (153326 bytes; live heap 295144227)
row-model:80 (152630 bytes; live heap 293134111)
bitproof:348 (192 bytes; live heap 257437438)
row-model:81 (153299 bytes; live heap 264772103)
bitproof:349 (997146 bytes; live heap 254934270)
bitproof:350 (132932 bytes; live heap 253450081)
bitproof:351 (136738 bytes; live heap 252784793)
bitproof:352 (3795 bytes; live heap 252097205)
bitproof:353 (132 bytes; live heap 252027742)
bitproof:354 (136398 bytes; live heap 252075924)
bitproof:355 (153 bytes; live heap 251595312)
bitproof:356 (137 bytes; live heap 251580317)
bitproof:357 (1105 bytes; live heap 251564507)
bitproof:358 (3101 bytes; live heap 251552697)
bitproof:359 (96 bytes; live heap 251487991)
bitproof:360 (8838 bytes; live heap 251453278)
bitproof:361 (132931 bytes; live heap 251480179)
bitproof:362 (594342 bytes; live heap 250560589)
row-model:82 (153322 bytes; live heap 256087877)
core:428 (405230 bytes; live heap 223096378)
core:429 (201229 bytes; live heap 222765428)
core:430 (2536 bytes; live heap 221410182)
core:431 (3337 bytes; live heap 221275243)
core:432 (433 bytes; live heap 221223988)
core:433 (1245 bytes; live heap 220591420)
core:434 (2270 bytes; live heap 219725475)
row-model:83 (153317 bytes; live heap 219629635)
row-model:84 (153582 bytes; live heap 219396705)
core:435 (70509 bytes; live heap 212265443)
core:436 (15463 bytes; live heap 202916692)
core:437 (1481 bytes; live heap 201549302)
core:438 (595 bytes; live heap 201308977)
core:439 (2266 bytes; live heap 200472944)
core:440 (1148 bytes; live heap 200225845)
core:441 (1900 bytes; live heap 199897561)
core:442 (387 bytes; live heap 199762208)
core:443 (515 bytes; live heap 199734956)
core:444 (13893 bytes; live heap 195363565)
core:445 (4727 bytes; live heap 193998198)
core:446 (1444 bytes; live heap 193885195)
core:447 (541 bytes; live heap 193807266)
core:448 (1206 bytes; live heap 193619731)
core:449 (4521 bytes; live heap 193151771)
core:450 (1883 bytes; live heap 193107909)
core:451 (387 bytes; live heap 193013198)
core:452 (4321 bytes; live heap 192998216)
core:453 (200 bytes; live heap 192782728)
core:454 (1876 bytes; live heap 192806985)
core:455 (200585 bytes; live heap 192054649)
core:456 (629 bytes; live heap 191719410)
equality:305 (1200468 bytes; live heap 188492239)
core:457 (2945 bytes; live heap 187942925)
core:458 (5224 bytes; live heap 185327029)
equality:306 (10528 bytes; live heap 183026328)
core:459 (2266 bytes; live heap 182880334)
equality:307 (650 bytes; live heap 182721643)
equality:308 (2 bytes; live heap 182668744)
core:460 (1172 bytes; live heap 182420725)
equality:309 (2508 bytes; live heap 182328393)
equality:310 (480 bytes; live heap 182319601)
core:461 (1869 bytes; live heap 181949397)
core:462 (3987 bytes; live heap 179938844)
core:463 (2542 bytes; live heap 178627551)
equality:311 (20930 bytes; live heap 178159320)
core:464 (1211 bytes; live heap 178050538)
equality:312 (941 bytes; live heap 177999747)
equality:313 (526 bytes; live heap 177928850)
core:465 (369 bytes; live heap 177908329)
equality:314 (375 bytes; live heap 177791103)
core:466 (1197 bytes; live heap 177768409)
bitproof:363 (780173 bytes; live heap 177057199)
equality:315 (908 bytes; live heap 177035667)
core:467 (670 bytes; live heap 177590254)
core:468 (580 bytes; live heap 177697629)
core:469 (377 bytes; live heap 177758040)
core:470 (1521 bytes; live heap 178257534)
core:471 (1853 bytes; live heap 178592971)
core:472 (1850 bytes; live heap 179712340)
core:473 (8460 bytes; live heap 180406657)
core:474 (4015 bytes; live heap 180398182)
core:475 (3435 bytes; live heap 179447685)
core:476 (1876 bytes; live heap 179233182)
core:477 (1148 bytes; live heap 179477449)
core:478 (201433 bytes; live heap 179603054)
certificate:241 (377886 bytes; live heap 177820139)
core:479 (4002 bytes; live heap 177795790)
core:480 (2221 bytes; live heap 177931223)
certificate:242 (54067 bytes; live heap 173284819)
certificate:243 (93688 bytes; live heap 169462596)
core:481 (31206 bytes; live heap 166880018)
core:482 (204289 bytes; live heap 166166450)
core:483 (1204 bytes; live heap 164876702)
core:484 (12928 bytes; live heap 164748954)
core:485 (592 bytes; live heap 164275969)
core:486 (2248 bytes; live heap 163371827)
core:487 (398 bytes; live heap 162816897)
core:488 (2841 bytes; live heap 161833297)
core:489 (1449 bytes; live heap 164519235)
core:490 (3211 bytes; live heap 164416747)
bitproof:364 (796603 bytes; live heap 157786328)
bitproof:365 (132914 bytes; live heap 158065277)
bitproof:366 (141 bytes; live heap 155718265)
bitproof:367 (1124 bytes; live heap 155490727)
bitproof:368 (9323 bytes; live heap 154728251)
bitproof:369 (12802 bytes; live heap 150240846)
bitproof:370 (1130 bytes; live heap 150088864)
bitproof:371 (143288 bytes; live heap 149823344)
core:491 (68401 bytes; live heap 149713622)
core:492 (1148 bytes; live heap 149352574)
core:493 (2190 bytes; live heap 149295179)
logic:326 (1918274 bytes; live heap 147035913)
logic:327 (1461 bytes; live heap 145060621)
core:494 (1335 bytes; live heap 145075711)
logic:328 (206 bytes; live heap 145030876)
logic:329 (518 bytes; live heap 145296640)
core:495 (1939 bytes; live heap 145701004)
equality:316 (300457 bytes; live heap 146564287)
core:496 (17 bytes; live heap 144650311)
logic:330 (1972 bytes; live heap 145927710)
core:497 (1446 bytes; live heap 145464712)
core:498 (9434 bytes; live heap 145368976)
core:499 (597 bytes; live heap 145422857)
equality:317 (900 bytes; live heap 145129922)
equality:318 (197 bytes; live heap 144669949)
logic:331 (2381 bytes; live heap 144136309)
logic:332 (341 bytes; live heap 143810438)
equality:319 (2312 bytes; live heap 143414462)
core:500 (1335 bytes; live heap 143175943)
equality:320 (521 bytes; live heap 142527778)
core:501 (531 bytes; live heap 142455936)
equality:321 (215 bytes; live heap 142206461)
equality:322 (205 bytes; live heap 141607016)
logic:333 (2430 bytes; live heap 141572591)
equality:323 (790 bytes; live heap 141353709)
equality:324 (321 bytes; live heap 141264753)
equality:325 (882 bytes; live heap 141067443)
equality:326 (519 bytes; live heap 140174365)
equality:327 (528 bytes; live heap 139418309)
core:502 (2040 bytes; live heap 139353670)
equality:328 (799 bytes; live heap 139343112)
equality:329 (769 bytes; live heap 138835134)
equality:330 (262 bytes; live heap 138736151)
equality:331 (221 bytes; live heap 138287857)
core:503 (1918 bytes; live heap 138285810)
equality:332 (320 bytes; live heap 138128896)
core:504 (597 bytes; live heap 137884550)
logic:334 (8939 bytes; live heap 137778741)
equality:333 (493 bytes; live heap 137676681)
equality:334 (525 bytes; live heap 137561875)
bitproof:372 (759463 bytes; live heap 137466816)
equality:335 (204 bytes; live heap 137478714)
logic:335 (2331 bytes; live heap 137473517)
equality:336 (477 bytes; live heap 137523559)
equality:337 (536 bytes; live heap 137411693)
logic:336 (2304 bytes; live heap 137412122)
equality:338 (945 bytes; live heap 137407257)
equality:339 (526 bytes; live heap 137359687)
logic:337 (372 bytes; live heap 137299855)
core:505 (2929 bytes; live heap 137285964)
logic:338 (4259 bytes; live heap 140597458)
core:506 (7520 bytes; live heap 140224419)
logic:339 (1768 bytes; live heap 140088042)
core:507 (4014 bytes; live heap 139766054)
logic:340 (6003 bytes; live heap 139763470)
logic:341 (863 bytes; live heap 139627528)
logic:342 (2471 bytes; live heap 139619802)
core:508 (2537 bytes; live heap 138017551)
row-model:85 (1492696 bytes; live heap 137827563)
core:509 (1207 bytes; live heap 136630405)
certificate:244 (97847 bytes; live heap 136597757)
logic:343 (24919 bytes; live heap 135036852)
core:510 (1138 bytes; live heap 135203582)
logic:344 (1536 bytes; live heap 135426507)
logic:345 (580 bytes; live heap 135620121)
logic:346 (3373 bytes; live heap 136268188)
core:511 (1174 bytes; live heap 136969235)
logic:347 (2602 bytes; live heap 137165218)
core:512 (983 bytes; live heap 137423077)
logic:348 (1696 bytes; live heap 137850208)
logic:349 (2091 bytes; live heap 137944487)
logic:350 (1817 bytes; live heap 137998498)
core:513 (1942 bytes; live heap 138201244)
logic:351 (1047 bytes; live heap 138284817)
logic:352 (2482 bytes; live heap 139014496)
core:514 (987 bytes; live heap 139299958)
logic:353 (2769 bytes; live heap 144218545)
logic:354 (449 bytes; live heap 144132486)
logic:355 (1945 bytes; live heap 143598970)
bitproof:373 (759508 bytes; live heap 137598181)
lockfile:263 (1605665 bytes; live heap 137569643)
logic:356 (1340355 bytes; live heap 137006271)
bitproof:374 (144523 bytes; live heap 137136082)
bitproof:375 (203638 bytes; live heap 134209502)
lockfile:264 (13127 bytes; live heap 134898048)
bitproof:376 (144 bytes; live heap 134195436)
lockfile:265 (25553 bytes; live heap 138662146)
certificate:245 (133216 bytes; live heap 140737355)
lockfile:266 (2347 bytes; live heap 140815618)
certificate:246 (93602 bytes; live heap 140880471)
lockfile:267 (13031 bytes; live heap 143125231)
logic:357 (1832 bytes; live heap 141373221)
lockfile:268 (13111 bytes; live heap 141904544)
lockfile:269 (2371 bytes; live heap 144168633)
lockfile:270 (2894 bytes; live heap 145306250)
lockfile:271 (12349 bytes; live heap 146791486)
lockfile:272 (12930 bytes; live heap 148623966)
lockfile:273 (25528 bytes; live heap 154343648)
lockfile:274 (2945 bytes; live heap 162809603)
lockfile:275 (2927 bytes; live heap 163518679)
lockfile:276 (25350 bytes; live heap 164013634)
core:515 (700980 bytes; live heap 162092038)
lockfile:277 (13113 bytes; live heap 164856809)
certificate:247 (447 bytes; live heap 166632618)
lockfile:278 (5679 bytes; live heap 167330054)
certificate:248 (97908 bytes; live heap 167682106)
lockfile:279 (25381 bytes; live heap 168630261)
lockfile:280 (6433 bytes; live heap 172702301)
lockfile:281 (13112 bytes; live heap 174658672)
lockfile:282 (25528 bytes; live heap 176187469)
lockfile:283 (2712 bytes; live heap 174814907)
lockfile:284 (13131 bytes; live heap 174142278)
lockfile:285 (2926 bytes; live heap 171730679)
lockfile:286 (12899 bytes; live heap 171257767)
lockfile:287 (2375 bytes; live heap 170751970)
lockfile:288 (13112 bytes; live heap 170238645)
lockfile:289 (13383 bytes; live heap 170338449)
bitproof:377 (748868 bytes; live heap 170144064)
lockfile:290 (2965 bytes; live heap 170802506)
lockfile:291 (13107 bytes; live heap 171944959)
lockfile:292 (7252 bytes; live heap 174958224)
lockfile:293 (2371 bytes; live heap 171004457)
certificate:249 (100350 bytes; live heap 170922085)
certificate:250 (97520 bytes; live heap 170093635)
lockfile:294 (13122 bytes; live heap 170227653)
lockfile:295 (5756 bytes; live heap 171564619)
certificate:251 (148449 bytes; live heap 169928702)
lockfile:296 (29552 bytes; live heap 169776545)
row-model:86 (153313 bytes; live heap 169768370)
row-model:87 (153308 bytes; live heap 170200832)
row-model:88 (155073 bytes; live heap 170325888)
certificate:252 (98420 bytes; live heap 170211635)
lockfile:297 (24659 bytes; live heap 170621468)
certificate:253 (93471 bytes; live heap 170591857)
row-model:89 (150553 bytes; live heap 170806430)
row-model:90 (153299 bytes; live heap 171024101)
lockfile:298 (2383 bytes; live heap 173555424)
lockfile:299 (5601 bytes; live heap 174802740)
lockfile:300 (2698 bytes; live heap 176906254)
lockfile:301 (2269 bytes; live heap 177907505)
lockfile:302 (2674 bytes; live heap 178407567)
lockfile:303 (2387 bytes; live heap 179446182)
bitproof:378 (173 bytes; live heap 177213231)
lockfile:304 (5576 bytes; live heap 179204797)
bitproof:379 (137075 bytes; live heap 178680895)
lockfile:305 (2421 bytes; live heap 179880350)
bitproof:380 (7926 bytes; live heap 179906238)
lockfile:306 (2360 bytes; live heap 187627031)
lockfile:307 (2378 bytes; live heap 194420403)
lockfile:308 (2882 bytes; live heap 203006736)
lockfile:309 (25663 bytes; live heap 216807609)
lockfile:310 (13176 bytes; live heap 257512850)
lockfile:311 (13119 bytes; live heap 263552966)
lockfile:312 (202317 bytes; live heap 264409225)
lockfile:313 (25532 bytes; live heap 268224302)
certificate:254 (75411 bytes; live heap 267971031)
certificate:255 (96430 bytes; live heap 268109949)
certificate:256 (93472 bytes; live heap 276741729)
certificate:257 (97849 bytes; live heap 278686060)
lockfile:314 (13032 bytes; live heap 277853134)
lockfile:315 (2928 bytes; live heap 274076540)
lockfile:316 (5698 bytes; live heap 271388343)
lockfile:317 (7685 bytes; live heap 265365733)
lockfile:318 (2893 bytes; live heap 258676055)
equality:340 (500449 bytes; live heap 254791543)
lockfile:319 (2364 bytes; live heap 248703656)
equality:341 (821 bytes; live heap 244050770)
lockfile:320 (2917 bytes; live heap 243681005)
lockfile:321 (13000 bytes; live heap 240252245)
equality:342 (12896 bytes; live heap 232211356)
lockfile:322 (2949 bytes; live heap 231032245)
equality:343 (183 bytes; live heap 229469926)
lockfile:323 (2758 bytes; live heap 228852631)
equality:344 (462 bytes; live heap 228484584)
equality:345 (526 bytes; live heap 226967828)
lockfile:324 (2362 bytes; live heap 226953381)
equality:346 (401 bytes; live heap 226579895)
equality:347 (171 bytes; live heap 226090238)
equality:348 (487 bytes; live heap 225307552)
equality:349 (525 bytes; live heap 224750120)
lockfile:325 (5735 bytes; live heap 223735641)
equality:350 (2312 bytes; live heap 223001000)
equality:351 (880 bytes; live heap 221766451)
equality:352 (1136 bytes; live heap 220491573)
equality:353 (456 bytes; live heap 219842989)
equality:354 (477 bytes; live heap 218976040)
lockfile:326 (2997 bytes; live heap 217700012)
equality:355 (1152 bytes; live heap 217147065)
equality:356 (939 bytes; live heap 215490673)
bitproof:381 (9013629 bytes; live heap 214176688)
equality:357 (492 bytes; live heap 214172175)
lockfile:327 (13124 bytes; live heap 215454575)
lockfile:328 (2633 bytes; live heap 217111806)
lockfile:329 (2033 bytes; live heap 218419614)
lockfile:330 (202632 bytes; live heap 220268187)
lockfile:331 (25393 bytes; live heap 222194028)
logic:358 (577205 bytes; live heap 225263535)
lockfile:332 (2927 bytes; live heap 233985701)
certificate:258 (155939 bytes; live heap 237160799)
lockfile:333 (5654 bytes; live heap 238731737)
lockfile:334 (2401 bytes; live heap 241350495)
lockfile:335 (74478 bytes; live heap 245166763)
lockfile:336 (28067 bytes; live heap 252626115)
logic:359 (571 bytes; live heap 254642983)
logic:360 (771 bytes; live heap 254764287)
logic:361 (6772 bytes; live heap 257840267)
logic:362 (2166 bytes; live heap 258526602)
logic:363 (1136 bytes; live heap 258910887)
lockfile:337 (13060 bytes; live heap 261383837)
lockfile:338 (13108 bytes; live heap 250335410)
row-model:91 (150973 bytes; live heap 239360407)
row-model:92 (155056 bytes; live heap 220751963)
logic:364 (18686 bytes; live heap 221146904)
lockfile:339 (2371 bytes; live heap 221868294)
bitproof:382 (75005 bytes; live heap 221524746)
equality:358 (260471 bytes; live heap 222067862)
bitproof:383 (884 bytes; live heap 222372060)
lockfile:340 (2926 bytes; live heap 222848518)
equality:359 (499 bytes; live heap 223863099)
bitproof:384 (74998 bytes; live heap 223844318)
bitproof:385 (132 bytes; live heap 224640512)
equality:360 (2406 bytes; live heap 224660250)
equality:361 (462 bytes; live heap 226245031)
lockfile:341 (25611 bytes; live heap 226313427)
equality:362 (220 bytes; live heap 225786424)
bitproof:386 (143701 bytes; live heap 225492171)
equality:363 (1109 bytes; live heap 226164058)
equality:364 (882 bytes; live heap 226449137)
bitproof:387 (8824 bytes; live heap 226424057)
bitproof:388 (132926 bytes; live heap 227396081)
bitproof:389 (96 bytes; live heap 228236659)
bitproof:390 (132 bytes; live heap 228336069)
bitproof:391 (74708 bytes; live heap 229310954)
bitproof:392 (129 bytes; live heap 230566797)
lockfile:342 (2893 bytes; live heap 236471290)
lockfile:343 (5671 bytes; live heap 240916074)
lockfile:344 (2945 bytes; live heap 248031348)
lockfile:345 (13136 bytes; live heap 253219024)
equality:365 (2109 bytes; live heap 263712706)
lockfile:346 (25547 bytes; live heap 264207923)
equality:366 (483 bytes; live heap 264248139)
equality:367 (477 bytes; live heap 264804732)
equality:368 (473 bytes; live heap 265027638)
equality:369 (481 bytes; live heap 265755832)
equality:370 (453 bytes; live heap 266639539)
equality:371 (1707 bytes; live heap 271442648)
equality:372 (417 bytes; live heap 272420453)
lockfile:347 (13134 bytes; live heap 286974450)
lockfile:348 (13169 bytes; live heap 296844218)
lockfile:349 (2902 bytes; live heap 304492743)
certificate:259 (96453 bytes; live heap 304727093)
certificate:260 (97912 bytes; live heap 309400535)
lockfile:350 (25539 bytes; live heap 310265188)
lockfile:351 (4920 bytes; live heap 331928881)
lockfile:352 (5680 bytes; live heap 342026278)
lockfile:353 (2989 bytes; live heap 347707086)
lockfile:354 (2907 bytes; live heap 351017880)
lockfile:355 (5671 bytes; live heap 356247031)
lockfile:356 (2355 bytes; live heap 362606797)
lockfile:357 (13155 bytes; live heap 369043824)
lockfile:358 (2927 bytes; live heap 375974502)
lockfile:359 (25537 bytes; live heap 382544310)
lockfile:360 (23855 bytes; live heap 398640473)
lockfile:361 (34448 bytes; live heap 410895460)
equality:373 (320908 bytes; live heap 411575954)
certificate:261 (97920 bytes; live heap 411291903)
lockfile:362 (13224 bytes; live heap 411323349)
certificate:262 (97920 bytes; live heap 415794388)
certificate:263 (102786 bytes; live heap 414318202)
logic:365 (152012 bytes; live heap 414107006)
lockfile:363 (5505 bytes; live heap 414139512)
certificate:264 (97341 bytes; live heap 414882199)
logic:366 (387 bytes; live heap 414711852)
lockfile:364 (25533 bytes; live heap 414701234)
logic:367 (6409 bytes; live heap 414696795)
certificate:265 (93447 bytes; live heap 416168683)
certificate:266 (97925 bytes; live heap 417752358)
certificate:267 (302809 bytes; live heap 418386981)
lockfile:365 (5620 bytes; live heap 431588000)
equality:374 (193 bytes; live heap 429711723)
equality:375 (459 bytes; live heap 429979196)
equality:376 (193 bytes; live heap 430019483)
equality:377 (479 bytes; live heap 430208599)
equality:378 (746 bytes; live heap 430040040)
equality:379 (531 bytes; live heap 429708469)
equality:380 (380 bytes; live heap 429806572)
equality:381 (1036 bytes; live heap 430066053)
equality:382 (608 bytes; live heap 432350686)
lockfile:366 (2313 bytes; live heap 432594425)
equality:383 (897 bytes; live heap 432611371)
equality:384 (468 bytes; live heap 433021342)
certificate:268 (98485 bytes; live heap 433017360)
lockfile:367 (25216 bytes; live heap 434087714)
equality:385 (2139 bytes; live heap 434199569)
equality:386 (195 bytes; live heap 434391150)
equality:387 (176 bytes; live heap 434556095)
equality:388 (469 bytes; live heap 434987428)
equality:389 (122 bytes; live heap 434924460)
equality:390 (49 bytes; live heap 434956251)
certificate:269 (147985 bytes; live heap 434960162)
equality:391 (469 bytes; live heap 434968592)
certificate:270 (478 bytes; live heap 435048919)
equality:392 (535 bytes; live heap 435127252)
equality:393 (1163 bytes; live heap 435824585)
certificate:271 (93460 bytes; live heap 435841254)
certificate:272 (98484 bytes; live heap 438048267)
lockfile:368 (13030 bytes; live heap 434720520)
lockfile:369 (25547 bytes; live heap 425468847)
row-model:93 (153310 bytes; live heap 405467861)
row-model:94 (153299 bytes; live heap 405130923)
row-model:95 (153311 bytes; live heap 404706347)
row-model:96 (153311 bytes; live heap 403356714)
row-model:97 (155034 bytes; live heap 401928463)
certificate:273 (444 bytes; live heap 360146286)
certificate:274 (104273 bytes; live heap 356616228)
certificate:275 (149125 bytes; live heap 351823751)
equality:394 (54117 bytes; live heap 338888229)
equality:395 (194 bytes; live heap 336997395)
equality:396 (10231 bytes; live heap 336615303)
equality:397 (495 bytes; live heap 336439609)
equality:398 (882 bytes; live heap 336481328)
equality:399 (245 bytes; live heap 336164075)
equality:400 (528 bytes; live heap 335916243)
bitproof:393 (16272583 bytes; live heap 331074447)
equality:401 (13496 bytes; live heap 331079198)
equality:402 (10 bytes; live heap 331348405)
equality:403 (530 bytes; live heap 331578898)
equality:404 (1150 bytes; live heap 331809175)
equality:405 (477 bytes; live heap 332125768)
equality:406 (759 bytes; live heap 332364535)
equality:407 (489 bytes; live heap 332526568)
equality:408 (486 bytes; live heap 332633265)
equality:409 (466 bytes; live heap 333104925)
equality:410 (192 bytes; live heap 338492860)
equality:411 (519 bytes; live heap 338779738)
equality:412 (11163 bytes; live heap 339580263)
equality:413 (560 bytes; live heap 340151874)
equality:414 (481 bytes; live heap 340632390)
equality:415 (1164 bytes; live heap 340702081)
equality:416 (463 bytes; live heap 340763638)
equality:417 (159 bytes; live heap 340867085)
equality:418 (456 bytes; live heap 341483244)
equality:419 (443 bytes; live heap 341680962)
equality:420 (200549 bytes; live heap 342043917)
equality:421 (899 bytes; live heap 342066038)
equality:422 (545 bytes; live heap 342300891)
equality:423 (881 bytes; live heap 342490530)
equality:424 (469 bytes; live heap 343779028)
equality:425 (192 bytes; live heap 343995297)
equality:426 (2027 bytes; live heap 344349508)
equality:427 (200153 bytes; live heap 344979758)
equality:428 (498 bytes; live heap 344798479)
equality:429 (822 bytes; live heap 345229635)
equality:430 (544 bytes; live heap 345945370)
equality:431 (222 bytes; live heap 346128272)
equality:432 (222 bytes; live heap 348276453)
equality:433 (80519 bytes; live heap 346991475)
equality:434 (252 bytes; live heap 346919690)
equality:435 (920 bytes; live heap 346809301)
equality:436 (513 bytes; live heap 346822955)
equality:437 (524 bytes; live heap 346804721)
equality:438 (1542 bytes; live heap 346390877)
equality:439 (281 bytes; live heap 346238171)
equality:440 (3658 bytes; live heap 346050490)
equality:441 (587 bytes; live heap 345693791)
equality:442 (500 bytes; live heap 345561888)
equality:443 (474 bytes; live heap 345463838)
equality:444 (462 bytes; live heap 345407700)
equality:445 (475 bytes; live heap 345288565)
equality:446 (920 bytes; live heap 345168675)
equality:447 (192 bytes; live heap 344960943)
equality:448 (999 bytes; live heap 344897451)
equality:449 (29 bytes; live heap 344877862)
equality:450 (453 bytes; live heap 344782990)
equality:451 (952 bytes; live heap 344654394)
equality:452 (100442 bytes; live heap 343065989)
equality:453 (952 bytes; live heap 342704587)
equality:454 (1151 bytes; live heap 342620646)
equality:455 (464 bytes; live heap 342516908)
equality:456 (471 bytes; live heap 342477888)
equality:457 (909 bytes; live heap 342378397)
equality:458 (1177 bytes; live heap 342344274)
equality:459 (461 bytes; live heap 342239831)
equality:460 (834 bytes; live heap 342138215)
equality:461 (2246 bytes; live heap 341489176)
certificate:276 (149061 bytes; live heap 342288667)
certificate:277 (148404 bytes; live heap 342527737)
equality:462 (49616 bytes; live heap 341533780)
certificate:278 (97932 bytes; live heap 341659878)
certificate:279 (96431 bytes; live heap 341805690)
equality:463 (13459 bytes; live heap 338452494)
equality:464 (939 bytes; live heap 338158764)
equality:465 (474 bytes; live heap 338074725)
equality:466 (726 bytes; live heap 338029891)
equality:467 (877 bytes; live heap 337995445)
equality:468 (526 bytes; live heap 337993446)
equality:469 (26 bytes; live heap 338006281)
equality:470 (491 bytes; live heap 338016724)
equality:471 (523 bytes; live heap 338019246)
equality:472 (473 bytes; live heap 338028644)
certificate:280 (148551 bytes; live heap 342757995)
row-model:98 (153291 bytes; live heap 345653350)
row-model:99 (153299 bytes; live heap 346078716)
certificate:281 (93469 bytes; live heap 291228887)
bitproof:394 (792 bytes; live heap 268724932)
certificate:282 (730 bytes; live heap 268549817)
bitproof:395 (3052 bytes; live heap 268339697)
certificate:283 (478 bytes; live heap 268336383)
bitproof:396 (203518 bytes; live heap 268845154)
certificate:284 (149126 bytes; live heap 268740019)
logic:368 (2556010 bytes; live heap 268683804)
bitproof:397 (8870 bytes; live heap 268244281)
bitproof:398 (761187 bytes; live heap 272673096)
bitproof:399 (120 bytes; live heap 264941527)
bitproof:400 (136 bytes; live heap 264829925)
equality:473 (500457 bytes; live heap 322465177)
logic:369 (14343 bytes; live heap 315544372)
logic:370 (295 bytes; live heap 315293396)
logic:371 (2488 bytes; live heap 314281254)
equality:474 (522 bytes; live heap 314185640)
equality:475 (541 bytes; live heap 314009320)
equality:476 (641 bytes; live heap 313554377)
equality:477 (779 bytes; live heap 313158406)
equality:478 (477 bytes; live heap 312662391)
logic:372 (14621 bytes; live heap 312657696)
logic:373 (534 bytes; live heap 312385717)
equality:479 (188 bytes; live heap 312378045)
logic:374 (626 bytes; live heap 312135113)
equality:480 (517 bytes; live heap 306784839)
equality:481 (221 bytes; live heap 302213029)
equality:482 (521 bytes; live heap 300610522)
equality:483 (680 bytes; live heap 296100297)
equality:484 (771 bytes; live heap 293861389)
equality:485 (10268 bytes; live heap 292335158)
equality:486 (1159 bytes; live heap 280051747)
logic:375 (23770 bytes; live heap 275412970)
equality:487 (504 bytes; live heap 272381869)
logic:376 (5414 bytes; live heap 265486001)
equality:488 (200503 bytes; live heap 260262283)
equality:489 (629 bytes; live heap 254234631)
equality:490 (882 bytes; live heap 250718740)
equality:491 (207 bytes; live heap 249109567)
logic:377 (2145 bytes; live heap 248349725)
logic:378 (544 bytes; live heap 246698346)
equality:492 (437 bytes; live heap 245148204)
logic:379 (151711 bytes; live heap 244636922)
bitproof:401 (11821520 bytes; live heap 243081202)
equality:493 (460 bytes; live heap 243059898)
equality:494 (1156 bytes; live heap 242683111)
logic:380 (583 bytes; live heap 242666615)
equality:495 (539 bytes; live heap 242844177)
logic:381 (4491 bytes; live heap 242796162)
equality:496 (448 bytes; live heap 242815086)
equality:497 (512 bytes; live heap 242648232)
equality:498 (468 bytes; live heap 242657093)
equality:499 (231 bytes; live heap 242816815)
certificate:285 (93449 bytes; live heap 242719269)
logic:382 (1916 bytes; live heap 242568569)
equality:500 (471 bytes; live heap 242667469)
logic:383 (15806 bytes; live heap 242764149)
equality:501 (456 bytes; live heap 243028066)
equality:502 (901 bytes; live heap 243143904)
equality:503 (534 bytes; live heap 243196221)
equality:504 (462 bytes; live heap 243289957)
equality:505 (882 bytes; live heap 243283363)
equality:506 (207 bytes; live heap 243437186)
equality:507 (593 bytes; live heap 243429180)
certificate:286 (148751 bytes; live heap 243383580)
equality:508 (467 bytes; live heap 243368343)
equality:509 (554 bytes; live heap 243705877)
equality:510 (481 bytes; live heap 243783760)
equality:511 (490 bytes; live heap 244160285)
equality:512 (879 bytes; live heap 244163037)
equality:513 (541 bytes; live heap 244263011)
equality:514 (524 bytes; live heap 244420925)
equality:515 (42802 bytes; live heap 245025640)
equality:516 (1159 bytes; live heap 246052254)
equality:517 (1080 bytes; live heap 246247602)
equality:518 (1568 bytes; live heap 247368956)
equality:519 (3889 bytes; live heap 248337486)
row-model:100 (155048 bytes; live heap 248507621)
equality:520 (586 bytes; live heap 248501878)
equality:521 (521 bytes; live heap 248108901)
equality:522 (192 bytes; live heap 248204836)
equality:523 (10548 bytes; live heap 248491282)
row-model:101 (150664 bytes; live heap 248360360)
equality:524 (525 bytes; live heap 248563196)
equality:525 (1151 bytes; live heap 248753664)
equality:526 (467 bytes; live heap 248767854)
equality:527 (1152 bytes; live heap 248502247)
logic:384 (99977 bytes; live heap 248325722)
equality:528 (477 bytes; live heap 248214643)
equality:529 (2924 bytes; live heap 248592941)
equality:530 (147 bytes; live heap 248657082)
equality:531 (1164 bytes; live heap 248946763)
logic:385 (8597 bytes; live heap 248811025)
equality:532 (1019 bytes; live heap 248814580)
logic:386 (1485 bytes; live heap 252435044)
logic:387 (1854 bytes; live heap 252497811)
logic:388 (1805 bytes; live heap 254125816)
logic:389 (2837 bytes; live heap 253032732)
logic:390 (1092 bytes; live heap 235608495)
bitproof:402 (1113 bytes; live heap 213510052)
logic:391 (3634 bytes; live heap 213283523)
bitproof:403 (1618 bytes; live heap 213052766)
bitproof:404 (96 bytes; live heap 212972672)
logic:392 (25314 bytes; live heap 214939315)
logic:393 (4105 bytes; live heap 215315016)
certificate:287 (477 bytes; live heap 218738002)
core:516 (3161149 bytes; live heap 219542936)
certificate:288 (149126 bytes; live heap 219595878)
certificate:289 (449 bytes; live heap 219424570)
certificate:290 (93462 bytes; live heap 219298862)
certificate:291 (98483 bytes; live heap 219687786)
certificate:292 (2890 bytes; live heap 218947287)
logic:394 (133306 bytes; live heap 217289546)
certificate:293 (96272 bytes; live heap 217537708)
bitproof:405 (784112 bytes; live heap 224269147)
row-model:102 (153307 bytes; live heap 273659668)
row-model:103 (153299 bytes; live heap 274210685)
bitproof:406 (1000195 bytes; live heap 259861116)
bitproof:407 (96 bytes; live heap 259202315)
logic:395 (2300 bytes; live heap 309317924)
logic:396 (6755 bytes; live heap 292014338)
logic:397 (113415 bytes; live heap 287520800)
bitproof:408 (12884017 bytes; live heap 271502761)
row-model:104 (153243 bytes; live heap 271986650)
logic:398 (38095 bytes; live heap 271820002)
logic:399 (1561 bytes; live heap 272777829)
logic:400 (65708 bytes; live heap 274474777)
logic:401 (2823 bytes; live heap 274265124)
logic:402 (2572 bytes; live heap 274245931)
logic:403 (2046 bytes; live heap 274302329)
logic:404 (9462 bytes; live heap 273917040)
logic:405 (1092 bytes; live heap 273383362)
certificate:294 (780377 bytes; live heap 272670344)
logic:406 (2490 bytes; live heap 272658401)
logic:407 (3522 bytes; live heap 275203399)
logic:408 (2209 bytes; live heap 276338286)
logic:409 (547 bytes; live heap 277577536)
logic:410 (2066 bytes; live heap 269421466)
logic:411 (3475 bytes; live heap 255215776)
logic:412 (750 bytes; live heap 233607855)
logic:413 (8108 bytes; live heap 235553137)
logic:414 (2840 bytes; live heap 235918993)
logic:415 (2682 bytes; live heap 235487726)
logic:416 (765 bytes; live heap 233594496)
logic:417 (227 bytes; live heap 233453679)
logic:418 (2069 bytes; live heap 232497394)
logic:419 (7091 bytes; live heap 229985898)
logic:420 (2202 bytes; live heap 228386595)
logic:421 (2773 bytes; live heap 226425263)
logic:422 (2505 bytes; live heap 225601456)
logic:423 (2840 bytes; live heap 224008261)
bitproof:409 (758719 bytes; live heap 223759651)
logic:424 (243 bytes; live heap 223718297)
logic:425 (204 bytes; live heap 223676825)
logic:426 (80002 bytes; live heap 219962563)
logic:427 (1976 bytes; live heap 218781778)
equality:533 (1200890 bytes; live heap 215640602)
equality:534 (456 bytes; live heap 214230711)
equality:535 (559 bytes; live heap 213641251)
equality:536 (882 bytes; live heap 212705086)
equality:537 (163382 bytes; live heap 211660734)
bitproof:410 (594390 bytes; live heap 211466308)
equality:538 (470 bytes; live heap 210771808)
equality:539 (474 bytes; live heap 210715481)
equality:540 (504 bytes; live heap 210420827)
equality:541 (10525 bytes; live heap 210150653)
equality:542 (559 bytes; live heap 209878067)
equality:543 (2603 bytes; live heap 209188035)
equality:544 (1210 bytes; live heap 208728860)
equality:545 (464 bytes; live heap 208452670)
equality:546 (535 bytes; live heap 208118100)
equality:547 (919 bytes; live heap 207922740)
equality:548 (759 bytes; live heap 207886269)
equality:549 (527 bytes; live heap 207491504)
equality:550 (457 bytes; live heap 207962691)
equality:551 (456 bytes; live heap 207879710)
equality:552 (491 bytes; live heap 208002044)
equality:553 (387 bytes; live heap 207816348)
equality:554 (378 bytes; live heap 208039766)
equality:555 (761 bytes; live heap 208201932)
equality:556 (923 bytes; live heap 208246556)
equality:557 (471 bytes; live heap 208293480)
equality:558 (15058 bytes; live heap 207825544)
bitproof:411 (75009 bytes; live heap 207758219)
equality:559 (715 bytes; live heap 207706611)
equality:560 (526 bytes; live heap 207632772)
equality:561 (919 bytes; live heap 207257790)
equality:562 (1411 bytes; live heap 206243556)
bitproof:412 (8826 bytes; live heap 206062041)
equality:563 (479 bytes; live heap 205776337)
bitproof:413 (3111 bytes; live heap 205579491)
equality:564 (489 bytes; live heap 205498076)
equality:565 (476 bytes; live heap 205516315)
bitproof:414 (136711 bytes; live heap 204952168)
bitproof:415 (4034 bytes; live heap 203323776)
bitproof:416 (3094 bytes; live heap 202411801)
bitproof:417 (2134 bytes; live heap 202186061)
bitproof:418 (136703 bytes; live heap 200397079)
equality:566 (14273 bytes; live heap 199146487)
equality:567 (1076 bytes; live heap 198279354)
equality:568 (882 bytes; live heap 200826417)
equality:569 (475 bytes; live heap 201022256)
equality:570 (405 bytes; live heap 201353518)
equality:571 (882 bytes; live heap 201487310)
equality:572 (491 bytes; live heap 201787047)
equality:573 (477 bytes; live heap 201684105)
equality:574 (532 bytes; live heap 202046174)
equality:575 (918 bytes; live heap 201990318)
equality:576 (200474 bytes; live heap 201953852)
equality:577 (921 bytes; live heap 200104360)
equality:578 (10229 bytes; live heap 198965368)
equality:579 (924 bytes; live heap 198124573)
logic:428 (2251 bytes; live heap 197120412)
logic:429 (2470 bytes; live heap 196499744)
bitproof:419 (759453 bytes; live heap 195128108)
logic:430 (8708 bytes; live heap 195918783)
logic:431 (1318 bytes; live heap 195971433)
logic:432 (2375 bytes; live heap 196007671)
logic:433 (15822 bytes; live heap 193614793)
bitproof:420 (8827 bytes; live heap 191416104)
logic:434 (5662 bytes; live heap 191245604)
logic:435 (3139 bytes; live heap 191355492)
bitproof:421 (74996 bytes; live heap 190869895)
logic:436 (363 bytes; live heap 190820508)
logic:437 (101165 bytes; live heap 190981305)
logic:438 (419 bytes; live heap 190777796)
logic:439 (8513 bytes; live heap 190259675)
bitproof:422 (75011 bytes; live heap 189921367)
row-model:105 (156318 bytes; live heap 189911405)
bitproof:423 (143286 bytes; live heap 187651113)
core:517 (1494 bytes; live heap 184219270)
core:518 (1876 bytes; live heap 183917622)
core:519 (2529 bytes; live heap 183983838)
bitproof:424 (8829 bytes; live heap 183908943)
logic:440 (1668 bytes; live heap 184048281)
core:520 (1157 bytes; live heap 184028072)
bitproof:425 (3090 bytes; live heap 184019459)
logic:441 (683 bytes; live heap 184020370)
logic:442 (2249 bytes; live heap 186611849)
bitproof:426 (270356 bytes; live heap 188704638)
logic:443 (3204 bytes; live heap 188908121)
bitproof:427 (3133 bytes; live heap 189104873)
logic:444 (8812 bytes; live heap 189142971)
certificate:295 (96430 bytes; live heap 188860083)
logic:445 (3564 bytes; live heap 193704109)
certificate:296 (148681 bytes; live heap 194310208)
logic:446 (1142 bytes; live heap 194938701)
logic:447 (2165 bytes; live heap 194997417)
certificate:297 (96430 bytes; live heap 195857941)
certificate:298 (98026 bytes; live heap 193130860)
bitproof:428 (593838 bytes; live heap 191476237)
logic:448 (12068 bytes; live heap 190415054)
certificate:299 (148560 bytes; live heap 189870111)
logic:449 (5213 bytes; live heap 189806627)
certificate:300 (537 bytes; live heap 189248170)
logic:450 (2946 bytes; live heap 189205161)
certificate:301 (449 bytes; live heap 189146797)
logic:451 (1579 bytes; live heap 188927382)
logic:452 (4744 bytes; live heap 188921182)
certificate:302 (98484 bytes; live heap 188885108)
logic:453 (10941 bytes; live heap 188060748)
logic:454 (1801 bytes; live heap 187498377)
logic:455 (865 bytes; live heap 187195483)
logic:456 (6404 bytes; live heap 187143602)
logic:457 (1164 bytes; live heap 186943035)
logic:458 (669 bytes; live heap 186838105)
logic:459 (1774 bytes; live heap 186789154)
logic:460 (2528 bytes; live heap 186726378)
logic:461 (1019 bytes; live heap 186376897)
bitproof:429 (4944 bytes; live heap 184457285)
logic:462 (5524 bytes; live heap 184175640)
logic:463 (2616 bytes; live heap 183909804)
bitproof:430 (7895 bytes; live heap 183871546)
logic:464 (8556 bytes; live heap 183859561)
logic:465 (2292 bytes; live heap 184697660)
bitproof:431 (136735 bytes; live heap 183541611)
logic:466 (2036 bytes; live heap 183518668)
logic:467 (1865 bytes; live heap 183473319)
bitproof:432 (132 bytes; live heap 182694778)
bitproof:433 (2620 bytes; live heap 182687568)
bitproof:434 (26195 bytes; live heap 183694901)
bitproof:435 (96 bytes; live heap 183437087)
logic:468 (4499 bytes; live heap 184139512)
logic:469 (268 bytes; live heap 184633277)
logic:470 (491 bytes; live heap 184956130)
logic:471 (2465 bytes; live heap 185244666)
logic:472 (1786 bytes; live heap 185473713)
logic:473 (2458 bytes; live heap 185743328)
bitproof:436 (760391 bytes; live heap 183957704)
logic:474 (2654 bytes; live heap 183850921)
logic:475 (425 bytes; live heap 183926235)
logic:476 (892 bytes; live heap 184123541)
logic:477 (2555 bytes; live heap 184218660)
logic:478 (1000 bytes; live heap 184396343)
logic:479 (8703 bytes; live heap 184434711)
logic:480 (9834 bytes; live heap 184574493)
logic:481 (1171 bytes; live heap 184508025)
logic:482 (1420 bytes; live heap 184366419)
logic:483 (2132 bytes; live heap 184055043)
logic:484 (11107 bytes; live heap 183869989)
logic:485 (4917 bytes; live heap 183179822)
bitproof:437 (120 bytes; live heap 182518460)
bitproof:438 (3877 bytes; live heap 183784451)
bitproof:439 (74544 bytes; live heap 184567241)
certificate:303 (25024 bytes; live heap 196494751)
certificate:304 (96426 bytes; live heap 200203731)
core:521 (601095 bytes; live heap 197833464)
core:522 (1876 bytes; live heap 196738987)
core:523 (1876 bytes; live heap 196703707)
core:524 (8384 bytes; live heap 196627254)
core:525 (1885 bytes; live heap 196525583)
core:526 (2929 bytes; live heap 187623345)
core:527 (1156 bytes; live heap 186668408)
core:528 (1436 bytes; live heap 186691483)
core:529 (2547 bytes; live heap 188752390)
core:530 (1877 bytes; live heap 190412848)
core:531 (1478 bytes; live heap 190934347)
core:532 (1894 bytes; live heap 190957989)
core:533 (399 bytes; live heap 190941895)
core:534 (93 bytes; live heap 190969254)
core:535 (2474 bytes; live heap 189738866)
core:536 (4009 bytes; live heap 185563461)
certificate:305 (97797 bytes; live heap 184149282)
certificate:306 (93461 bytes; live heap 182631999)
core:537 (4024 bytes; live heap 181853346)
core:538 (1878 bytes; live heap 179082778)
logic:486 (152696 bytes; live heap 177781955)
logic:487 (1715 bytes; live heap 176734682)
core:539 (2109 bytes; live heap 176826415)
logic:488 (202073 bytes; live heap 176753812)
logic:489 (2875 bytes; live heap 176243532)
logic:490 (2469 bytes; live heap 175167526)
core:540 (2164 bytes; live heap 173772817)
core:541 (5206 bytes; live heap 167397741)
logic:491 (8123 bytes; live heap 165923494)
logic:492 (2424 bytes; live heap 165746866)
row-model:106 (153359 bytes; live heap 165467713)
logic:493 (2813 bytes; live heap 164997862)
logic:494 (1141 bytes; live heap 164126562)
logic:495 (2066 bytes; live heap 163832636)
logic:496 (1846 bytes; live heap 162865298)
logic:497 (1707 bytes; live heap 162523161)
logic:498 (2282 bytes; live heap 162475478)
core:542 (20135 bytes; live heap 165136635)
core:543 (998 bytes; live heap 164521685)
core:544 (465 bytes; live heap 164204359)
core:545 (1955 bytes; live heap 162407225)
equality:580 (189550 bytes; live heap 158622634)
core:546 (8918 bytes; live heap 157960761)
equality:581 (10559 bytes; live heap 157449445)
equality:582 (473 bytes; live heap 157262995)
equality:583 (1005 bytes; live heap 157175651)
equality:584 (638 bytes; live heap 157695252)
equality:585 (175 bytes; live heap 157688750)
equality:586 (3 bytes; live heap 157695160)
equality:587 (525 bytes; live heap 157679950)
equality:588 (456 bytes; live heap 157762701)
equality:589 (2144 bytes; live heap 157727661)
equality:590 (246 bytes; live heap 157691694)
equality:591 (1152 bytes; live heap 157694814)
equality:592 (898 bytes; live heap 157825967)
equality:593 (204 bytes; live heap 158008757)
equality:594 (202 bytes; live heap 158023757)
equality:595 (6683 bytes; live heap 158595005)
equality:596 (473 bytes; live heap 158993935)
bitproof:440 (780173 bytes; live heap 158354499)
certificate:307 (94485 bytes; live heap 175030429)
certificate:308 (149125 bytes; live heap 177711119)
certificate:309 (154468 bytes; live heap 178979576)
bitproof:441 (3090 bytes; live heap 188594948)
bitproof:442 (211 bytes; live heap 188857287)
bitproof:443 (136712 bytes; live heap 192210870)
bitproof:444 (74993 bytes; live heap 194458033)
bitproof:445 (594332 bytes; live heap 202715454)
bitproof:446 (1195345 bytes; live heap 215323085)
lockfile:370 (1085670 bytes; live heap 273225787)
certificate:310 (148597 bytes; live heap 300320588)
certificate:311 (148428 bytes; live heap 306881874)
lockfile:371 (25297 bytes; live heap 307402057)
certificate:312 (507 bytes; live heap 309040136)
certificate:313 (93549 bytes; live heap 315905899)
certificate:314 (507 bytes; live heap 316988836)
lockfile:372 (2893 bytes; live heap 318902467)
certificate:315 (149153 bytes; live heap 320734259)
certificate:316 (154467 bytes; live heap 321449125)
lockfile:373 (25536 bytes; live heap 321579447)
lockfile:374 (13136 bytes; live heap 325940161)
row-model:107 (153028 bytes; live heap 290709797)
row-model:108 (153265 bytes; live heap 281638965)
bitproof:447 (11954347 bytes; live heap 280929914)
row-model:109 (146157 bytes; live heap 281265094)
lockfile:375 (202963 bytes; live heap 283177550)
lockfile:376 (25989 bytes; live heap 289086906)
row-model:110 (153445 bytes; live heap 289393966)
row-model:111 (155047 bytes; live heap 290049008)
lockfile:377 (1257 bytes; live heap 300842148)
certificate:317 (447 bytes; live heap 301089158)
certificate:318 (482 bytes; live heap 301127139)
lockfile:378 (5674 bytes; live heap 302317323)
certificate:319 (102778 bytes; live heap 302278469)
lockfile:379 (5686 bytes; live heap 302888341)
lockfile:380 (2388 bytes; live heap 304587400)
lockfile:381 (13113 bytes; live heap 305534162)
bitproof:448 (173 bytes; live heap 265143437)
lockfile:382 (113123 bytes; live heap 266005439)
certificate:320 (93447 bytes; live heap 272568766)
certificate:321 (740 bytes; live heap 272832547)
certificate:322 (165957 bytes; live heap 272428927)
lockfile:383 (11682 bytes; live heap 271920846)
lockfile:384 (13093 bytes; live heap 270463345)
certificate:323 (149135 bytes; live heap 270259628)
bitproof:449 (781855 bytes; live heap 267088590)
certificate:324 (98423 bytes; live heap 267110852)
lockfile:385 (13175 bytes; live heap 267530093)
lockfile:386 (2760 bytes; live heap 268717385)
lockfile:387 (13115 bytes; live heap 269004445)
lockfile:388 (13231 bytes; live heap 268635404)
lockfile:389 (5662 bytes; live heap 266455760)
bitproof:450 (120 bytes; live heap 263712181)
lockfile:390 (2973 bytes; live heap 266088700)
lockfile:391 (2471 bytes; live heap 268082006)
lockfile:392 (29714 bytes; live heap 265668931)
bitproof:451 (594237 bytes; live heap 261516908)
lockfile:393 (25544 bytes; live heap 261121905)
lockfile:394 (25410 bytes; live heap 259888202)
lockfile:395 (5681 bytes; live heap 256870061)
bitproof:452 (164 bytes; live heap 254365601)
certificate:325 (149122 bytes; live heap 254800893)
lockfile:396 (25537 bytes; live heap 255023993)
lockfile:397 (48118 bytes; live heap 255661591)
equality:597 (840203 bytes; live heap 254602448)
equality:598 (484 bytes; live heap 255226145)
lockfile:398 (23797 bytes; live heap 255514245)
equality:599 (1423 bytes; live heap 255811744)
equality:600 (997 bytes; live heap 256225353)
equality:601 (265 bytes; live heap 256423223)
equality:602 (24351 bytes; live heap 257773263)
equality:603 (464 bytes; live heap 257818120)
equality:604 (195 bytes; live heap 258017605)
lockfile:399 (25814 bytes; live heap 258027979)
equality:605 (456 bytes; live heap 258046896)
equality:606 (471 bytes; live heap 258188108)
equality:607 (510 bytes; live heap 258329730)
equality:608 (466 bytes; live heap 258314352)
equality:609 (386 bytes; live heap 258593846)
equality:610 (542 bytes; live heap 258467384)
equality:611 (226 bytes; live heap 258454168)
equality:612 (456 bytes; live heap 258401786)
equality:613 (191 bytes; live heap 258364785)
equality:614 (486 bytes; live heap 258129818)
equality:615 (233 bytes; live heap 258018915)
equality:616 (1458 bytes; live heap 257929444)
equality:617 (189 bytes; live heap 257618663)
equality:618 (477 bytes; live heap 257312315)
equality:619 (235 bytes; live heap 256852676)
equality:620 (10481 bytes; live heap 256783422)
equality:621 (484 bytes; live heap 256694566)
equality:622 (47 bytes; live heap 256572848)
equality:623 (473 bytes; live heap 255874613)
lockfile:400 (2893 bytes; live heap 255841727)
equality:624 (482 bytes; live heap 255718165)
equality:625 (528 bytes; live heap 255618390)
equality:626 (531 bytes; live heap 255101833)
lockfile:401 (25375 bytes; live heap 254878616)
equality:627 (904 bytes; live heap 254637727)
equality:628 (472 bytes; live heap 254484849)
equality:629 (221 bytes; live heap 254331209)
equality:630 (484 bytes; live heap 254263418)
equality:631 (1126 bytes; live heap 253824955)
equality:632 (483 bytes; live heap 253642886)
equality:633 (192 bytes; live heap 253597050)
equality:634 (831 bytes; live heap 253475491)
equality:635 (1202 bytes; live heap 252792880)
lockfile:402 (35530 bytes; live heap 254168141)
lockfile:403 (25397 bytes; live heap 254512434)
lockfile:404 (2371 bytes; live heap 254895443)
lockfile:405 (13031 bytes; live heap 254903110)
lockfile:406 (2926 bytes; live heap 255081161)
lockfile:407 (2372 bytes; live heap 255913179)
lockfile:408 (2392 bytes; live heap 256869410)
lockfile:409 (5666 bytes; live heap 256648764)
bitproof:453 (500145 bytes; live heap 255867523)
lockfile:410 (2959 bytes; live heap 256211380)
certificate:326 (154467 bytes; live heap 255938677)
bitproof:454 (142096 bytes; live heap 255240644)
certificate:327 (103462 bytes; live heap 255923962)
lockfile:411 (2926 bytes; live heap 256264024)
lockfile:412 (5671 bytes; live heap 266506685)
lockfile:413 (2372 bytes; live heap 295721347)
lockfile:414 (2347 bytes; live heap 299658290)
lockfile:415 (81340 bytes; live heap 321938334)
certificate:328 (114730 bytes; live heap 323035818)
lockfile:416 (27341 bytes; live heap 335772808)
certificate:329 (149009 bytes; live heap 336175667)
row-model:112 (153299 bytes; live heap 338500403)
lockfile:417 (25530 bytes; live heap 341225718)
logic:499 (1902509 bytes; live heap 337552381)
lockfile:418 (5739 bytes; live heap 300847105)
lockfile:419 (5508 bytes; live heap 288169732)
lockfile:420 (13043 bytes; live heap 280384181)
lockfile:421 (12472 bytes; live heap 264632090)
bitproof:455 (7862109 bytes; live heap 263142060)
lockfile:422 (13124 bytes; live heap 263137195)
lockfile:423 (13275 bytes; live heap 265410530)
lockfile:424 (25292 bytes; live heap 262951653)
certificate:330 (448 bytes; live heap 262396968)
certificate:331 (98583 bytes; live heap 261595605)
lockfile:425 (25536 bytes; live heap 259853713)
lockfile:426 (25555 bytes; live heap 258706531)
lockfile:427 (295033 bytes; live heap 256951896)
lockfile:428 (5676 bytes; live heap 255593969)
lockfile:429 (2921 bytes; live heap 255116503)
lockfile:430 (25589 bytes; live heap 254103583)
bitproof:456 (2123 bytes; live heap 212694410)
bitproof:457 (96 bytes; live heap 212620300)
lockfile:431 (202958 bytes; live heap 212351722)
bitproof:458 (136717 bytes; live heap 212672197)
lockfile:432 (2945 bytes; live heap 212124193)
bitproof:459 (136709 bytes; live heap 210955279)
lockfile:433 (2935 bytes; live heap 209893761)
lockfile:434 (24307 bytes; live heap 208696287)
bitproof:460 (136709 bytes; live heap 208317147)
bitproof:461 (2127 bytes; live heap 206319247)
certificate:332 (97916 bytes; live heap 198636849)
logic:500 (3200 bytes; live heap 196702740)
bitproof:462 (75454 bytes; live heap 196036051)
certificate:333 (148625 bytes; live heap 196801049)
logic:501 (6732 bytes; live heap 197485911)
certificate:334 (97908 bytes; live heap 198256818)
logic:502 (4235 bytes; live heap 197764386)
bitproof:463 (124999 bytes; live heap 197746630)
logic:503 (331 bytes; live heap 197740045)
logic:504 (1130 bytes; live heap 197778863)
logic:505 (5218 bytes; live heap 197897798)
equality:636 (820526 bytes; live heap 209360218)
logic:506 (10324 bytes; live heap 209596619)
logic:507 (2452 bytes; live heap 210698160)
logic:508 (774 bytes; live heap 211707870)
logic:509 (999 bytes; live heap 213046674)
logic:510 (509 bytes; live heap 214089588)
logic:511 (2242 bytes; live heap 215359362)
logic:512 (609 bytes; live heap 216165267)
logic:513 (553 bytes; live heap 217336370)
logic:514 (425 bytes; live heap 217719515)
row-model:113 (153532 bytes; live heap 228091802)
logic:515 (10710 bytes; live heap 229912746)
logic:516 (410824 bytes; live heap 233020442)
logic:517 (5014 bytes; live heap 247928822)
logic:518 (165 bytes; live heap 248369317)
logic:519 (3502 bytes; live heap 256497570)
equality:637 (684 bytes; live heap 260363014)
equality:638 (482 bytes; live heap 260658717)
equality:639 (477 bytes; live heap 261318951)
equality:640 (551 bytes; live heap 262250502)
logic:520 (2551 bytes; live heap 262699273)
equality:641 (448 bytes; live heap 263116706)
equality:642 (231 bytes; live heap 263815584)
equality:643 (761 bytes; live heap 264118715)
equality:644 (169 bytes; live heap 264517528)
equality:645 (193 bytes; live heap 264711411)
logic:521 (1851 bytes; live heap 264906475)
equality:646 (465 bytes; live heap 265141704)
equality:647 (477 bytes; live heap 266189587)
logic:522 (703 bytes; live heap 268131956)
equality:648 (777 bytes; live heap 269056317)
equality:649 (457 bytes; live heap 269390196)
logic:523 (3705 bytes; live heap 270547074)
logic:524 (363 bytes; live heap 271123682)
logic:525 (2352 bytes; live heap 271980956)
equality:650 (1585 bytes; live heap 272359846)
equality:651 (2437 bytes; live heap 273610460)
equality:652 (446 bytes; live heap 273611797)
equality:653 (222 bytes; live heap 273608781)
equality:654 (169 bytes; live heap 274154468)
logic:526 (3013 bytes; live heap 277405776)
logic:527 (276 bytes; live heap 278566835)
logic:528 (2649 bytes; live heap 278762786)
logic:529 (2191 bytes; live heap 278773619)
logic:530 (1802 bytes; live heap 278846279)
logic:531 (203120 bytes; live heap 281310031)
logic:532 (3438 bytes; live heap 280651240)
certificate:335 (97906 bytes; live heap 289124235)
row-model:114 (2214175 bytes; live heap 269806334)
bitproof:464 (9436719 bytes; live heap 242068380)
certificate:336 (98470 bytes; live heap 243329361)
certificate:337 (471 bytes; live heap 276399838)
certificate:338 (104273 bytes; live heap 277047567)
certificate:339 (471 bytes; live heap 277231987)
certificate:340 (93438 bytes; live heap 278656615)
certificate:341 (96422 bytes; live heap 279606064)
certificate:342 (98489 bytes; live heap 262959385)
certificate:343 (93567 bytes; live heap 265468856)
certificate:344 (97910 bytes; live heap 282032275)
certificate:345 (98487 bytes; live heap 274611802)
core:547 (3301774 bytes; live heap 266919340)
core:548 (984 bytes; live heap 260512689)
core:549 (4047 bytes; live heap 257741583)
core:550 (1437 bytes; live heap 250849995)
row-model:115 (153299 bytes; live heap 250287078)
core:551 (1169 bytes; live heap 249413902)
core:552 (353 bytes; live heap 248652569)
core:553 (530 bytes; live heap 248248546)
core:554 (4031 bytes; live heap 242868412)
core:555 (551 bytes; live heap 242192910)
bitproof:465 (8138145 bytes; live heap 234063774)
lockfile:435 (405686 bytes; live heap 237249725)
certificate:346 (166463 bytes; live heap 288324248)
lockfile:436 (2759 bytes; live heap 289425446)
certificate:347 (151158 bytes; live heap 291438752)
certificate:348 (477 bytes; live heap 292818547)
lockfile:437 (2924 bytes; live heap 293344589)
certificate:349 (148788 bytes; live heap 297085286)
lockfile:438 (37287 bytes; live heap 297833176)
certificate:350 (200448 bytes; live heap 299245219)
certificate:351 (479 bytes; live heap 300433559)
certificate:352 (150325 bytes; live heap 304719017)
lockfile:439 (24968 bytes; live heap 306997657)
lockfile:440 (5681 bytes; live heap 325831235)
lockfile:441 (2913 bytes; live heap 318274593)
lockfile:442 (5582 bytes; live heap 307236039)
lockfile:443 (2962 bytes; live heap 298726821)
certificate:353 (116924 bytes; live heap 297983504)
certificate:354 (96431 bytes; live heap 291288842)
bitproof:466 (132941 bytes; live heap 289833314)
lockfile:444 (2374 bytes; live heap 289929848)
bitproof:467 (75004 bytes; live heap 289709925)
lockfile:445 (25317 bytes; live heap 289869966)
bitproof:468 (96 bytes; live heap 289612258)
lockfile:446 (13020 bytes; live heap 292176579)
lockfile:447 (2926 bytes; live heap 296022489)
lockfile:448 (13304 bytes; live heap 295641041)
certificate:355 (97908 bytes; live heap 295267820)
lockfile:449 (12681 bytes; live heap 294696868)
lockfile:450 (25554 bytes; live heap 293698003)
lockfile:451 (13151 bytes; live heap 292815859)
lockfile:452 (5668 bytes; live heap 291799963)
lockfile:453 (22869 bytes; live heap 289770881)
bitproof:469 (41133 bytes; live heap 289686584)
lockfile:454 (2894 bytes; live heap 292742053)
bitproof:470 (759336 bytes; live heap 291931757)
certificate:356 (149133 bytes; live heap 292637489)
certificate:357 (98482 bytes; live heap 292840994)
lockfile:455 (225479 bytes; live heap 292158411)
row-model:116 (155061 bytes; live heap 292628848)
bitproof:471 (13180 bytes; live heap 291794186)
bitproof:472 (7937 bytes; live heap 292762514)
bitproof:473 (3093 bytes; live heap 292738166)
bitproof:474 (96 bytes; live heap 292935431)
bitproof:475 (157 bytes; live heap 293127131)
bitproof:476 (3125 bytes; live heap 293321911)
bitproof:477 (170108 bytes; live heap 294629191)
bitproof:478 (74997 bytes; live heap 295778602)
bitproof:479 (680 bytes; live heap 296604264)
bitproof:480 (144505 bytes; live heap 297203098)
bitproof:481 (3088 bytes; live heap 297519140)
bitproof:482 (759460 bytes; live heap 303807661)
certificate:358 (98201 bytes; live heap 318154808)
certificate:359 (304273 bytes; live heap 318603508)
bitproof:483 (96 bytes; live heap 319744580)
bitproof:484 (142144 bytes; live heap 320696421)
bitproof:485 (136 bytes; live heap 320736375)
bitproof:486 (30145 bytes; live heap 320820177)
certificate:360 (149513 bytes; live heap 323088327)
bitproof:487 (758896 bytes; live heap 331787887)
bitproof:488 (1554 bytes; live heap 336927495)
bitproof:489 (202376 bytes; live heap 337005619)
bitproof:490 (3128 bytes; live heap 336249020)
bitproof:491 (143280 bytes; live heap 336402405)
bitproof:492 (143 bytes; live heap 336787942)
lockfile:456 (1865528 bytes; live heap 346938502)
lockfile:457 (26860 bytes; live heap 371135983)
lockfile:458 (13047 bytes; live heap 371005754)
lockfile:459 (23998 bytes; live heap 371341994)
row-model:117 (155047 bytes; live heap 372251249)
row-model:118 (153299 bytes; live heap 372851611)
lockfile:460 (5671 bytes; live heap 373333535)
lockfile:461 (13124 bytes; live heap 373733507)
lockfile:462 (30710 bytes; live heap 379295417)
bitproof:493 (252930 bytes; live heap 375956424)
lockfile:463 (5671 bytes; live heap 389345431)
lockfile:464 (2274 bytes; live heap 389853240)
bitproof:494 (1007815 bytes; live heap 380155035)
bitproof:495 (74999 bytes; live heap 380720192)
lockfile:465 (225530 bytes; live heap 380803635)
bitproof:496 (166 bytes; live heap 381222825)
bitproof:497 (1556 bytes; live heap 381588019)
bitproof:498 (3051 bytes; live heap 381720500)
bitproof:499 (89 bytes; live heap 381827390)
bitproof:500 (74998 bytes; live heap 382453188)
bitproof:501 (2111 bytes; live heap 382920116)
lockfile:466 (25277 bytes; live heap 383048713)
bitproof:502 (6120 bytes; live heap 383759231)
bitproof:503 (143291 bytes; live heap 385251193)
bitproof:504 (96 bytes; live heap 385381003)
bitproof:505 (161 bytes; live heap 385422286)
bitproof:506 (169 bytes; live heap 385454589)
lockfile:467 (2894 bytes; live heap 394398098)
lockfile:468 (25632 bytes; live heap 395326705)
lockfile:469 (5671 bytes; live heap 397815662)
bitproof:507 (594340 bytes; live heap 396112122)
lockfile:470 (202930 bytes; live heap 397159046)
lockfile:471 (5706 bytes; live heap 398740394)
bitproof:508 (6061 bytes; live heap 403962162)
bitproof:509 (760401 bytes; live heap 407026123)
lockfile:472 (68482 bytes; live heap 411752782)
bitproof:510 (3832 bytes; live heap 413560533)
bitproof:511 (132920 bytes; live heap 414458059)
lockfile:473 (202928 bytes; live heap 414840813)
bitproof:512 (1745 bytes; live heap 415103606)
lockfile:474 (6458 bytes; live heap 427182653)
lockfile:475 (2371 bytes; live heap 428464964)
bitproof:513 (442340 bytes; live heap 416065816)
lockfile:476 (25540 bytes; live heap 418975792)
bitproof:514 (602137 bytes; live heap 427475892)
row-model:119 (219639 bytes; live heap 472973770)
row-model:120 (355106 bytes; live heap 467988888)
bitproof:515 (11688783 bytes; live heap 403200033)
lockfile:477 (322881 bytes; live heap 405484685)
lockfile:478 (25541 bytes; live heap 369530444)
bitproof:516 (594334 bytes; live heap 367874321)
bitproof:517 (886039 bytes; live heap 367362183)
lockfile:479 (316141 bytes; live heap 369557687)
bitproof:518 (1109 bytes; live heap 366953100)
lockfile:480 (3058 bytes; live heap 372406698)
lockfile:481 (2733 bytes; live heap 379395915)
bitproof:519 (1847357 bytes; live heap 370819251)
equality:655 (1300653 bytes; live heap 435100601)
certificate:361 (2267836 bytes; live heap 405103756)
certificate:362 (496 bytes; live heap 388585355)
certificate:363 (98425 bytes; live heap 380671039)
equality:656 (1150 bytes; live heap 370481726)
equality:657 (222 bytes; live heap 370040749)
equality:658 (483 bytes; live heap 368126811)
equality:659 (708 bytes; live heap 366881515)
equality:660 (929 bytes; live heap 365815264)
equality:661 (939 bytes; live heap 363893862)
equality:662 (1161 bytes; live heap 362195938)
equality:663 (462 bytes; live heap 361886780)
equality:664 (480 bytes; live heap 361633090)
equality:665 (543 bytes; live heap 358932140)
equality:666 (1151 bytes; live heap 354820358)
equality:667 (10486 bytes; live heap 354410328)
bitproof:520 (7861637 bytes; live heap 353781335)
equality:668 (928 bytes; live heap 353719316)
equality:669 (11131 bytes; live heap 353721731)
equality:670 (3405 bytes; live heap 370409103)
equality:671 (102 bytes; live heap 370206883)
equality:672 (193 bytes; live heap 370221603)
equality:673 (1151 bytes; live heap 370154549)
equality:674 (539 bytes; live heap 370357690)
equality:675 (200527 bytes; live heap 370643329)
equality:676 (473 bytes; live heap 370631861)
equality:677 (604 bytes; live heap 370769034)
equality:678 (827 bytes; live heap 370769538)
equality:679 (534 bytes; live heap 370887164)
equality:680 (515 bytes; live heap 370918161)
row-model:121 (153300 bytes; live heap 384807766)
lockfile:482 (2146931 bytes; live heap 385009315)
row-model:122 (153299 bytes; live heap 387131512)
lockfile:483 (2393 bytes; live heap 385200819)
lockfile:484 (2392 bytes; live heap 385741019)
lockfile:485 (13021 bytes; live heap 386349331)
certificate:364 (484 bytes; live heap 387924304)
certificate:365 (447 bytes; live heap 387829892)
lockfile:486 (25486 bytes; live heap 387970821)
certificate:366 (97916 bytes; live heap 388648530)
certificate:367 (487 bytes; live heap 389534163)
certificate:368 (98033 bytes; live heap 392482631)
certificate:369 (149143 bytes; live heap 398132479)
lockfile:487 (2945 bytes; live heap 401310715)
certificate:370 (148547 bytes; live heap 401486493)
lockfile:488 (12264 bytes; live heap 404808400)
lockfile:489 (2321 bytes; live heap 375549615)
bitproof:521 (136709 bytes; live heap 363652089)
lockfile:490 (25536 bytes; live heap 363618791)
lockfile:491 (2942 bytes; live heap 361760065)
lockfile:492 (2415 bytes; live heap 361078987)
lockfile:493 (5671 bytes; live heap 360578129)
logic:533 (2485966 bytes; live heap 351446796)
lockfile:494 (12297 bytes; live heap 351413001)
certificate:371 (97276 bytes; live heap 349883695)
lockfile:495 (5671 bytes; live heap 350022143)
equality:681 (301067 bytes; live heap 349369572)
certificate:372 (98483 bytes; live heap 349511816)
equality:682 (34 bytes; live heap 349276672)
equality:683 (788 bytes; live heap 349338210)
lockfile:496 (13100 bytes; live heap 349569289)
equality:684 (1141 bytes; live heap 349570025)
lockfile:497 (2401 bytes; live heap 351270114)
equality:685 (15443 bytes; live heap 351082693)
equality:686 (479 bytes; live heap 351174591)
equality:687 (475 bytes; live heap 351265887)
equality:688 (524 bytes; live heap 351445142)
equality:689 (904 bytes; live heap 351556887)
lockfile:498 (13030 bytes; live heap 351662654)
equality:690 (12513 bytes; live heap 352494204)
lockfile:499 (13138 bytes; live heap 352832768)
equality:691 (100124 bytes; live heap 353530601)
lockfile:500 (25381 bytes; live heap 354560616)
equality:692 (9882 bytes; live heap 354962717)
equality:693 (487 bytes; live heap 355065447)
equality:694 (1151 bytes; live heap 355024991)
equality:695 (249 bytes; live heap 355041612)
equality:696 (215 bytes; live heap 355098201)
lockfile:501 (2896 bytes; live heap 355081286)
equality:697 (11 bytes; live heap 355098927)
equality:698 (963 bytes; live heap 355259474)
equality:699 (453 bytes; live heap 355277658)
equality:700 (1165 bytes; live heap 355369648)
lockfile:502 (13044 bytes; live heap 355384208)
equality:701 (398 bytes; live heap 355421319)
equality:702 (473 bytes; live heap 355525203)
equality:703 (483 bytes; live heap 355566582)
equality:704 (392 bytes; live heap 355590710)
equality:705 (480 bytes; live heap 355604573)
equality:706 (1600 bytes; live heap 355695338)
equality:707 (173 bytes; live heap 355770762)
equality:708 (492 bytes; live heap 355908491)
equality:709 (200457 bytes; live heap 356320436)
lockfile:503 (12328 bytes; live heap 356499880)
equality:710 (477 bytes; live heap 357000006)
equality:711 (245 bytes; live heap 357139604)
equality:712 (230 bytes; live heap 357214112)
equality:713 (200 bytes; live heap 357265265)
equality:714 (522 bytes; live heap 357282240)
lockfile:504 (2033 bytes; live heap 358117034)
bitproof:522 (814073 bytes; live heap 358941993)
lockfile:505 (13135 bytes; live heap 359121571)
equality:715 (12166 bytes; live heap 359381638)
lockfile:506 (2382 bytes; live heap 359869448)
equality:716 (867 bytes; live heap 359870118)
equality:717 (284 bytes; live heap 360075653)
equality:718 (490 bytes; live heap 360271929)
equality:719 (467 bytes; live heap 360514037)
equality:720 (494 bytes; live heap 360778630)
equality:721 (200123 bytes; live heap 361054702)
lockfile:507 (2374 bytes; live heap 361392500)
lockfile:508 (2418 bytes; live heap 362071380)
equality:722 (935 bytes; live heap 362228139)
equality:723 (472 bytes; live heap 362498489)
equality:724 (477 bytes; live heap 362583586)
equality:725 (226 bytes; live heap 362592084)
lockfile:509 (2926 bytes; live heap 362748987)
equality:726 (454 bytes; live heap 363248799)
equality:727 (217 bytes; live heap 363365315)
equality:728 (200 bytes; live heap 363509569)
equality:729 (480 bytes; live heap 363637077)
lockfile:510 (24078 bytes; live heap 364189176)
equality:730 (1136 bytes; live heap 364263916)
lockfile:511 (25332 bytes; live heap 366695699)
row-model:123 (155047 bytes; live heap 367475653)
lockfile:512 (15664 bytes; live heap 368020042)
certificate:373 (93467 bytes; live heap 369168904)
certificate:374 (93476 bytes; live heap 373084577)
equality:731 (14442 bytes; live heap 378687682)
equality:732 (456 bytes; live heap 378932063)
certificate:375 (68855 bytes; live heap 379021424)
equality:733 (2 bytes; live heap 379770893)
equality:734 (196 bytes; live heap 380221237)
certificate:376 (165954 bytes; live heap 382911263)
bitproof:523 (60182 bytes; live heap 389746142)
bitproof:524 (144465 bytes; live heap 391605941)
logic:534 (3494 bytes; live heap 390039699)
logic:535 (580 bytes; live heap 392088840)
logic:536 (359 bytes; live heap 392392009)
bitproof:525 (8621 bytes; live heap 392915733)
certificate:377 (97938 bytes; live heap 395569572)
bitproof:526 (137015 bytes; live heap 395529970)
bitproof:527 (3103 bytes; live heap 401032789)
bitproof:528 (9329 bytes; live heap 402080918)
logic:537 (7530 bytes; live heap 402551490)
bitproof:529 (1113 bytes; live heap 403328210)
bitproof:530 (759914 bytes; live heap 435959712)
bitproof:531 (143286 bytes; live heap 463661691)
bitproof:532 (1110 bytes; live heap 465453067)
bitproof:533 (136728 bytes; live heap 467845414)
bitproof:534 (136627 bytes; live heap 473053213)
logic:538 (151677 bytes; live heap 582100362)
logic:539 (1865 bytes; live heap 584599654)
logic:540 (1830 bytes; live heap 587989738)
logic:541 (8098 bytes; live heap 593117619)
logic:542 (361 bytes; live heap 593968512)
logic:543 (6507 bytes; live heap 690577373)
row-model:124 (153299 bytes; live heap 685716979)
bitproof:535 (8979872 bytes; live heap 666470834)
row-model:125 (155062 bytes; live heap 720643584)
row-model:126 (153308 bytes; live heap 718109017)
bitproof:536 (7922 bytes; live heap 683278553)
bitproof:537 (130 bytes; live heap 683097613)
bitproof:538 (153 bytes; live heap 683086128)
bitproof:539 (120 bytes; live heap 683066494)
bitproof:540 (96 bytes; live heap 683047356)
bitproof:541 (148 bytes; live heap 683024249)
bitproof:542 (104898 bytes; live heap 682132173)
bitproof:543 (3098 bytes; live heap 676808295)
bitproof:544 (143291 bytes; live heap 677604565)
bitproof:545 (1134 bytes; live heap 677394691)
logic:544 (17957 bytes; live heap 678411736)
logic:545 (1021 bytes; live heap 679168806)
logic:546 (1375 bytes; live heap 679166564)
logic:547 (897 bytes; live heap 679275730)
logic:548 (202189 bytes; live heap 679603822)
logic:549 (1541 bytes; live heap 679536289)
logic:550 (689 bytes; live heap 679708899)
logic:551 (3771 bytes; live heap 680034221)
logic:552 (433 bytes; live heap 680120608)
logic:553 (348 bytes; live heap 680246195)
logic:554 (7909 bytes; live heap 680122130)
logic:555 (11558 bytes; live heap 679966019)
logic:556 (794 bytes; live heap 679841877)
logic:557 (6012 bytes; live heap 677822345)
logic:558 (1783 bytes; live heap 677350888)
logic:559 (1809 bytes; live heap 676759568)
logic:560 (2226 bytes; live heap 675264616)
logic:561 (1132 bytes; live heap 675104832)
logic:562 (2117 bytes; live heap 674438006)
logic:563 (665 bytes; live heap 672036313)
bitproof:546 (613493 bytes; live heap 671081626)
logic:564 (2780 bytes; live heap 670284695)
logic:565 (1492 bytes; live heap 670101173)
logic:566 (3515 bytes; live heap 668752820)
logic:567 (2907 bytes; live heap 666945042)
logic:568 (3074 bytes; live heap 666864793)
logic:569 (3400 bytes; live heap 666436115)
logic:570 (5786 bytes; live heap 665744650)
logic:571 (1947 bytes; live heap 665586494)
logic:572 (289 bytes; live heap 665362872)
logic:573 (757 bytes; live heap 665133485)
logic:574 (1098 bytes; live heap 663828243)
bitproof:547 (12530 bytes; live heap 663408110)
logic:575 (3931 bytes; live heap 662855504)
logic:576 (524 bytes; live heap 662743811)
logic:577 (1931 bytes; live heap 662484826)
bitproof:548 (7532 bytes; live heap 662405287)
logic:578 (1310 bytes; live heap 662180947)
logic:579 (4088 bytes; live heap 662895171)
bitproof:549 (136720 bytes; live heap 661716480)
logic:580 (2473 bytes; live heap 661375163)
logic:581 (316 bytes; live heap 659915242)
logic:582 (2406 bytes; live heap 659497448)
logic:583 (942 bytes; live heap 658897867)
logic:584 (4869 bytes; live heap 657363294)
logic:585 (2064 bytes; live heap 657197470)
bitproof:550 (594331 bytes; live heap 639559218)
logic:586 (195148 bytes; live heap 629414991)
lockfile:513 (1702306 bytes; live heap 624405087)
bitproof:551 (610431 bytes; live heap 617605300)
bitproof:552 (133 bytes; live heap 613871016)
bitproof:553 (8883 bytes; live heap 613687407)
bitproof:554 (134 bytes; live heap 613536090)
bitproof:555 (182380 bytes; live heap 613537609)
bitproof:556 (1875 bytes; live heap 612487366)
bitproof:557 (143274 bytes; live heap 612753207)
bitproof:558 (75494 bytes; live heap 611171010)
bitproof:559 (144424 bytes; live heap 610297208)
bitproof:560 (136366 bytes; live heap 609831639)
bitproof:561 (884 bytes; live heap 607837564)
bitproof:562 (143287 bytes; live heap 607348135)
bitproof:563 (132915 bytes; live heap 606242163)
bitproof:564 (1556358 bytes; live heap 591959667)
logic:587 (152691 bytes; live heap 585332940)
bitproof:565 (96 bytes; live heap 573031016)
logic:588 (18230 bytes; live heap 576603443)
logic:589 (575 bytes; live heap 581647438)
bitproof:566 (96 bytes; live heap 565800250)
logic:590 (7581 bytes; live heap 565397300)
logic:591 (994 bytes; live heap 571779192)
logic:592 (904 bytes; live heap 571655475)
bitproof:567 (772118 bytes; live heap 564326310)
bitproof:568 (44866 bytes; live heap 562700046)
row-model:127 (153368 bytes; live heap 560464529)
lockfile:514 (25546 bytes; live heap 546539326)
bitproof:569 (759487 bytes; live heap 541384571)
bitproof:570 (138205 bytes; live heap 533089887)
bitproof:571 (143281 bytes; live heap 531780894)
bitproof:572 (141 bytes; live heap 531352409)
bitproof:573 (3089 bytes; live heap 531276090)
bitproof:574 (8837 bytes; live heap 531002921)
bitproof:575 (74996 bytes; live heap 529083429)
logic:593 (152212 bytes; live heap 517285390)
logic:594 (2283 bytes; live heap 516704089)
logic:595 (3758 bytes; live heap 516439689)
logic:596 (3664 bytes; live heap 515845425)
logic:597 (2147 bytes; live heap 515308496)
logic:598 (449 bytes; live heap 515262220)
logic:599 (1540 bytes; live heap 515175430)
logic:600 (1681 bytes; live heap 515148491)
logic:601 (12837 bytes; live heap 515132933)
logic:602 (1948 bytes; live heap 515019634)
logic:603 (1587 bytes; live heap 514739434)
logic:604 (687 bytes; live heap 514695348)
logic:605 (1637 bytes; live heap 514843202)
logic:606 (7906 bytes; live heap 515344515)
logic:607 (2466 bytes; live heap 515704718)
bitproof:576 (780173 bytes; live heap 488221078)
row-model:128 (153270 bytes; live heap 482325905)
bitproof:577 (136822 bytes; live heap 477535764)
bitproof:578 (265739 bytes; live heap 475453744)
bitproof:579 (132934 bytes; live heap 474167642)
row-model:129 (155070 bytes; live heap 435321114)
bitproof:580 (740171 bytes; live heap 425869524)
bitproof:581 (132 bytes; live heap 412623734)
bitproof:582 (132914 bytes; live heap 412711026)
equality:735 (2476379 bytes; live heap 484498521)
equality:736 (147 bytes; live heap 467362774)
equality:737 (484 bytes; live heap 465187394)
equality:738 (10458 bytes; live heap 464758208)
equality:739 (10497 bytes; live heap 464987567)
equality:740 (223 bytes; live heap 464662490)
equality:741 (13940 bytes; live heap 444667984)
equality:742 (474 bytes; live heap 442646582)
equality:743 (469 bytes; live heap 441076449)
equality:744 (480 bytes; live heap 440494523)
equality:745 (770 bytes; live heap 437380251)
equality:746 (229 bytes; live heap 436796326)
equality:747 (840 bytes; live heap 435564071)
equality:748 (480 bytes; live heap 434563364)
equality:749 (647 bytes; live heap 433376244)
equality:750 (531 bytes; live heap 432275184)
equality:751 (516 bytes; live heap 430709033)
equality:752 (979 bytes; live heap 429820576)
equality:753 (549 bytes; live heap 429016551)
equality:754 (545 bytes; live heap 428345422)
bitproof:583 (7860623 bytes; live heap 429782152)
bitproof:584 (120 bytes; live heap 457795985)
bitproof:585 (818712 bytes; live heap 460014295)
equality:755 (500461 bytes; live heap 485114227)
equality:756 (195 bytes; live heap 491411134)
equality:757 (945 bytes; live heap 488435382)
equality:758 (197 bytes; live heap 487763469)
equality:759 (4 bytes; live heap 487886127)
equality:760 (747 bytes; live heap 488371573)
equality:761 (893 bytes; live heap 488471854)
equality:762 (481 bytes; live heap 488998044)
equality:763 (1080 bytes; live heap 489810689)
equality:764 (187 bytes; live heap 490021821)
row-model:130 (22968 bytes; live heap 510234850)
row-model:131 (155070 bytes; live heap 512910537)
bitproof:586 (748903 bytes; live heap 583636819)
lockfile:515 (813105 bytes; live heap 617512632)
lockfile:516 (25510 bytes; live heap 628241694)
logic:608 (700421 bytes; live heap 630458258)
logic:609 (10280 bytes; live heap 630322195)
logic:610 (522 bytes; live heap 630896152)
logic:611 (2229 bytes; live heap 631649838)
logic:612 (4491 bytes; live heap 632660077)
bitproof:587 (8836 bytes; live heap 630727448)
logic:613 (1893 bytes; live heap 630919990)
logic:614 (2593 bytes; live heap 632455183)
bitproof:588 (142095 bytes; live heap 631787590)
logic:615 (2253 bytes; live heap 632683932)
bitproof:589 (6078 bytes; live heap 633461625)
logic:616 (8573 bytes; live heap 635670592)
logic:617 (7117 bytes; live heap 643615124)
bitproof:590 (605434 bytes; live heap 643035454)
bitproof:591 (133 bytes; live heap 647767384)
bitproof:592 (143283 bytes; live heap 648015010)
bitproof:593 (142 bytes; live heap 648634551)
bitproof:594 (8790 bytes; live heap 648652534)
bitproof:595 (132924 bytes; live heap 650996097)
bitproof:596 (133 bytes; live heap 650794550)
bitproof:597 (145322 bytes; live heap 651093708)
bitproof:598 (1132 bytes; live heap 650851982)
bitproof:599 (7926 bytes; live heap 651735469)
lockfile:517 (1382824 bytes; live heap 723840084)
lockfile:518 (2338 bytes; live heap 722296170)
lockfile:519 (25547 bytes; live heap 731069362)
lockfile:520 (25554 bytes; live heap 732203328)
lockfile:521 (13099 bytes; live heap 676637319)
bitproof:600 (11822499 bytes; live heap 668357643)
lockfile:522 (25364 bytes; live heap 669442001)
lockfile:523 (3062 bytes; live heap 672695041)
lockfile:524 (13124 bytes; live heap 673564628)
row-model:132 (153299 bytes; live heap 690385655)
logic:618 (1342526 bytes; live heap 674597001)
bitproof:601 (796356 bytes; live heap 671059695)
logic:619 (889 bytes; live heap 666787638)
logic:620 (2496 bytes; live heap 666969519)
logic:621 (4681 bytes; live heap 668254860)
lockfile:525 (377733 bytes; live heap 668762720)
logic:622 (1694 bytes; live heap 669997024)
logic:623 (2742 bytes; live heap 670179294)
logic:624 (2539 bytes; live heap 671215817)
logic:625 (1894 bytes; live heap 671409094)
logic:626 (1057 bytes; live heap 671985736)
logic:627 (1017 bytes; live heap 672169996)
logic:628 (4093 bytes; live heap 671770400)
logic:629 (473 bytes; live heap 671837865)
lockfile:526 (5676 bytes; live heap 670757802)
logic:630 (2529 bytes; live heap 670623494)
lockfile:527 (2891 bytes; live heap 669795360)
bitproof:602 (136734 bytes; live heap 669682124)
lockfile:528 (13111 bytes; live heap 671258065)
bitproof:603 (75744 bytes; live heap 670878777)
bitproof:604 (129 bytes; live heap 671237325)
bitproof:605 (3870 bytes; live heap 671449065)
bitproof:606 (3933 bytes; live heap 671726990)
lockfile:529 (2403 bytes; live heap 673398311)
lockfile:530 (290213 bytes; live heap 679032580)
logic:631 (28460 bytes; live heap 681995657)
logic:632 (1854 bytes; live heap 684036194)
lockfile:531 (3189 bytes; live heap 683456962)
logic:633 (5540 bytes; live heap 687945582)
lockfile:532 (71200 bytes; live heap 688228191)
logic:634 (1386 bytes; live heap 688678486)
logic:635 (453 bytes; live heap 689142234)
logic:636 (588 bytes; live heap 689689490)
logic:637 (3072 bytes; live heap 689976604)
lockfile:533 (5570 bytes; live heap 690308643)
logic:638 (2002 bytes; live heap 690878771)
logic:639 (801 bytes; live heap 691176874)
logic:640 (1508 bytes; live heap 691352675)
logic:641 (3414 bytes; live heap 691988107)
lockfile:534 (25381 bytes; live heap 692105832)
logic:642 (1582 bytes; live heap 692993285)
logic:643 (5474 bytes; live heap 693723387)
logic:644 (1021 bytes; live heap 694588278)
logic:645 (1666 bytes; live heap 695277342)
logic:646 (3743 bytes; live heap 695905770)
logic:647 (520 bytes; live heap 696019352)
logic:648 (529 bytes; live heap 696050311)
logic:649 (650 bytes; live heap 696210232)
lockfile:535 (5671 bytes; live heap 696435113)
logic:650 (881 bytes; live heap 696435483)
logic:651 (3751 bytes; live heap 696964109)
logic:652 (848 bytes; live heap 697148211)
logic:653 (2366 bytes; live heap 697435503)
lockfile:536 (3001 bytes; live heap 697606727)
logic:654 (2654 bytes; live heap 697722493)
logic:655 (1938 bytes; live heap 698765070)
logic:656 (698 bytes; live heap 699097493)
logic:657 (1923 bytes; live heap 699718114)
lockfile:537 (26160 bytes; live heap 700055792)
logic:658 (1776 bytes; live heap 700060701)
logic:659 (4750 bytes; live heap 701466873)
logic:660 (2842 bytes; live heap 703522887)
logic:661 (3974 bytes; live heap 704776652)
logic:662 (3300 bytes; live heap 704875497)
logic:663 (39921 bytes; live heap 704752864)
lockfile:538 (12607 bytes; live heap 704918771)
lockfile:539 (2410 bytes; live heap 704891331)
logic:664 (2338 bytes; live heap 704797638)
lockfile:540 (25512 bytes; live heap 705114920)
logic:665 (10164 bytes; live heap 704648138)
logic:666 (2828 bytes; live heap 704403047)
logic:667 (3501 bytes; live heap 704378235)
logic:668 (3441 bytes; live heap 704335883)
logic:669 (4570 bytes; live heap 703884143)
lockfile:541 (2338 bytes; live heap 698508119)
lockfile:542 (5694 bytes; live heap 697938153)
lockfile:543 (5671 bytes; live heap 696697342)
lockfile:544 (5660 bytes; live heap 695567631)
lockfile:545 (25539 bytes; live heap 693872954)
lockfile:546 (26428 bytes; live heap 685992398)
lockfile:547 (2503 bytes; live heap 682637322)
lockfile:548 (5672 bytes; live heap 681285188)
bitproof:607 (700165 bytes; live heap 680206958)
lockfile:549 (205682 bytes; live heap 680024794)
lockfile:550 (2371 bytes; live heap 678854294)
lockfile:551 (13114 bytes; live heap 679466062)
lockfile:552 (5660 bytes; live heap 679760396)
lockfile:553 (5696 bytes; live heap 679770879)
lockfile:554 (4561 bytes; live heap 679737140)
bitproof:608 (3089 bytes; live heap 674415939)
bitproof:609 (152 bytes; live heap 674534561)
bitproof:610 (8849 bytes; live heap 674775296)
logic:670 (141139 bytes; live heap 729831161)
lockfile:555 (840285 bytes; live heap 672282908)
bitproof:611 (7860623 bytes; live heap 644317484)
logic:671 (7201 bytes; live heap 640702780)
logic:672 (1189 bytes; live heap 640473691)
logic:673 (1625 bytes; live heap 640045495)
logic:674 (2615 bytes; live heap 639638038)
logic:675 (625 bytes; live heap 639495334)
logic:676 (2614 bytes; live heap 639349988)
logic:677 (542 bytes; live heap 639214835)
logic:678 (4267 bytes; live heap 638667454)
logic:679 (4810 bytes; live heap 638007827)
logic:680 (12552 bytes; live heap 634400914)
logic:681 (518 bytes; live heap 634313572)
logic:682 (1428 bytes; live heap 634245998)
logic:683 (2608 bytes; live heap 633466055)
lockfile:556 (13105 bytes; live heap 632717134)
logic:684 (200318 bytes; live heap 632579360)
logic:685 (437 bytes; live heap 631885492)
logic:686 (10899 bytes; live heap 632299524)
logic:687 (2707 bytes; live heap 633025012)
logic:688 (1354 bytes; live heap 633013801)
logic:689 (2346 bytes; live heap 633089055)
logic:690 (1677 bytes; live heap 633103055)
logic:691 (1993 bytes; live heap 633168737)
logic:692 (1565 bytes; live heap 633154070)
logic:693 (2918 bytes; live heap 633224155)
logic:694 (6889 bytes; live heap 632716988)
logic:695 (16421 bytes; live heap 633394200)
logic:696 (2006 bytes; live heap 632598916)
logic:697 (1101 bytes; live heap 631854176)
row-model:133 (152630 bytes; live heap 631725361)
logic:698 (4105 bytes; live heap 631635680)
logic:699 (622 bytes; live heap 631374812)
logic:700 (3109 bytes; live heap 631220034)
logic:701 (858 bytes; live heap 630288884)
bitproof:612 (140 bytes; live heap 586328100)
bitproof:613 (3090 bytes; live heap 585729988)
bitproof:614 (136712 bytes; live heap 585028668)
bitproof:615 (1109 bytes; live heap 583529242)
bitproof:616 (198 bytes; live heap 583093816)
logic:702 (4344 bytes; live heap 584299822)
bitproof:617 (759452 bytes; live heap 574588619)
lockfile:557 (1385644 bytes; live heap 573843929)
lockfile:558 (9887 bytes; live heap 567092828)
lockfile:559 (25183 bytes; live heap 567660107)
lockfile:560 (13123 bytes; live heap 565797129)
lockfile:561 (295034 bytes; live heap 610931277)
lockfile:562 (5641 bytes; live heap 625776772)
lockfile:563 (2822 bytes; live heap 598563973)
lockfile:564 (2491 bytes; live heap 602330718)
lockfile:565 (13113 bytes; live heap 605740443)
lockfile:566 (2364 bytes; live heap 611891292)
lockfile:567 (224082 bytes; live heap 613501701)
lockfile:568 (205719 bytes; live heap 624583841)
lockfile:569 (11193 bytes; live heap 619144081)
lockfile:570 (25532 bytes; live heap 609615011)
lockfile:571 (25313 bytes; live heap 603320745)
lockfile:572 (13119 bytes; live heap 597389471)
lockfile:573 (13127 bytes; live heap 583374055)
lockfile:574 (5645 bytes; live heap 570824812)
bitproof:618 (7860623 bytes; live heap 570210406)
lockfile:575 (2919 bytes; live heap 573813239)
row-model:134 (153318 bytes; live heap 629807120)
row-model:135 (153308 bytes; live heap 632607900)
row-model:136 (153307 bytes; live heap 635877545)
row-model:137 (153300 bytes; live heap 637089436)
bitproof:619 (3166 bytes; live heap 620364980)
bitproof:620 (132920 bytes; live heap 620934144)
bitproof:621 (3090 bytes; live heap 621534427)
bitproof:622 (166612 bytes; live heap 624566924)
bitproof:623 (136 bytes; live heap 626104964)
bitproof:624 (120 bytes; live heap 626289508)
bitproof:625 (1675154 bytes; live heap 487318866)
row-model:138 (155084 bytes; live heap 463548132)
row-model:139 (153299 bytes; live heap 461914021)
lockfile:576 (405524 bytes; live heap 441745901)
certificate:378 (1493058 bytes; live heap 422692286)
bitproof:626 (142109 bytes; live heap 416762239)
bitproof:627 (7936 bytes; live heap 415245526)
bitproof:628 (3077 bytes; live heap 414894380)
bitproof:629 (175 bytes; live heap 414763612)
bitproof:630 (136710 bytes; live heap 414064082)
lockfile:577 (3186 bytes; live heap 412192256)
lockfile:578 (5646 bytes; live heap 413481683)
lockfile:579 (2944 bytes; live heap 414969285)
lockfile:580 (2937 bytes; live heap 411794715)
lockfile:581 (13177 bytes; live heap 408716414)
bitproof:631 (618434 bytes; live heap 405337582)
certificate:379 (98346 bytes; live heap 402163418)
lockfile:582 (2285 bytes; live heap 400856402)
certificate:380 (97903 bytes; live heap 400778354)
certificate:381 (102785 bytes; live heap 399739466)
lockfile:583 (2780 bytes; live heap 399580165)
lockfile:584 (2643 bytes; live heap 398759483)
equality:765 (1200880 bytes; live heap 389852038)
certificate:382 (154467 bytes; live heap 388421476)
logic:703 (627094 bytes; live heap 388347822)
bitproof:632 (2123 bytes; live heap 386501379)
bitproof:633 (183 bytes; live heap 386375052)
bitproof:634 (132 bytes; live heap 386341865)
bitproof:635 (96 bytes; live heap 386219930)
certificate:383 (29236 bytes; live heap 386922327)
certificate:384 (148565 bytes; live heap 387419042)
logic:704 (2836 bytes; live heap 387242440)
logic:705 (352 bytes; live heap 388071218)
certificate:385 (39535 bytes; live heap 389329167)
logic:706 (6921 bytes; live heap 389388877)
logic:707 (357 bytes; live heap 388944334)
logic:708 (1787 bytes; live heap 388456170)
logic:709 (204807 bytes; live heap 387495148)
logic:710 (990 bytes; live heap 386555601)
logic:711 (2705 bytes; live heap 385982950)
certificate:386 (97212 bytes; live heap 385774759)
certificate:387 (476 bytes; live heap 384355118)
certificate:388 (97790 bytes; live heap 380465615)
bitproof:636 (803854 bytes; live heap 379423277)
lockfile:585 (72535 bytes; live heap 378724764)
logic:712 (29814 bytes; live heap 378685208)
logic:713 (1428 bytes; live heap 378400673)
logic:714 (2808 bytes; live heap 378308015)
certificate:389 (101606 bytes; live heap 378177648)
logic:715 (301 bytes; live heap 378328470)
logic:716 (7573 bytes; live heap 384382913)
logic:717 (2116 bytes; live heap 384617453)
logic:718 (19969 bytes; live heap 384720995)
lockfile:586 (13261 bytes; live heap 384715044)
lockfile:587 (2280 bytes; live heap 385471233)
lockfile:588 (2712 bytes; live heap 385766470)
lockfile:589 (2934 bytes; live heap 386471638)
logic:719 (2567 bytes; live heap 386032502)
lockfile:590 (12407 bytes; live heap 385871414)
logic:720 (2225 bytes; live heap 385822588)
logic:721 (8344 bytes; live heap 385773224)
logic:722 (842 bytes; live heap 385661111)
logic:723 (3074 bytes; live heap 385377761)
logic:724 (2603 bytes; live heap 385142690)
logic:725 (6745 bytes; live heap 384824497)
bitproof:637 (120 bytes; live heap 384120292)
logic:726 (2530 bytes; live heap 385002270)
lockfile:591 (25649 bytes; live heap 386104562)
logic:727 (6488 bytes; live heap 387331138)
logic:728 (200244 bytes; live heap 390051326)
lockfile:592 (6034 bytes; live heap 391457897)
logic:729 (1126 bytes; live heap 391505154)
lockfile:593 (25576 bytes; live heap 394656599)
logic:730 (6625 bytes; live heap 396878137)
logic:731 (3072 bytes; live heap 397279153)
logic:732 (403 bytes; live heap 398177829)
logic:733 (1629 bytes; live heap 398627092)
logic:734 (967 bytes; live heap 399183721)
lockfile:594 (2736 bytes; live heap 400994103)
equality:766 (456 bytes; live heap 401766075)
lockfile:595 (80661 bytes; live heap 403794942)
lockfile:596 (24086 bytes; live heap 416315031)
lockfile:597 (25390 bytes; live heap 419687094)
lockfile:598 (25560 bytes; live heap 425770483)
lockfile:599 (25528 bytes; live heap 436103636)
row-model:140 (153299 bytes; live heap 438604578)
lockfile:600 (5298 bytes; live heap 447397382)
lockfile:601 (3440 bytes; live heap 450753840)
lockfile:602 (5664 bytes; live heap 451518758)
lockfile:603 (13045 bytes; live heap 449967078)
lockfile:604 (13064 bytes; live heap 452530431)
lockfile:605 (2373 bytes; live heap 449598064)
lockfile:606 (13031 bytes; live heap 447821598)
lockfile:607 (2376 bytes; live heap 443650327)
lockfile:608 (12349 bytes; live heap 441789846)
lockfile:609 (2937 bytes; live heap 437942721)
lockfile:610 (25562 bytes; live heap 436296717)
equality:767 (240445 bytes; live heap 435212324)
equality:768 (16180 bytes; live heap 433963442)
equality:769 (745 bytes; live heap 434059543)
equality:770 (511 bytes; live heap 434089381)
equality:771 (788 bytes; live heap 434103325)
equality:772 (487 bytes; live heap 434212443)
equality:773 (10524 bytes; live heap 434272820)
equality:774 (12902 bytes; live heap 434129139)
equality:775 (485 bytes; live heap 434505816)
equality:776 (217 bytes; live heap 434433965)
equality:777 (207 bytes; live heap 434421176)
equality:778 (478 bytes; live heap 434392395)
equality:779 (533 bytes; live heap 434286421)
lockfile:611 (2340 bytes; live heap 437495369)
lockfile:612 (2380 bytes; live heap 437666102)
lockfile:613 (13128 bytes; live heap 438760395)
lockfile:614 (2036 bytes; live heap 439039238)
lockfile:615 (13114 bytes; live heap 441137736)
lockfile:616 (12483 bytes; live heap 442953217)
lockfile:617 (12952 bytes; live heap 443489050)
lockfile:618 (2338 bytes; live heap 443206620)
lockfile:619 (13030 bytes; live heap 442841554)
bitproof:638 (4374587 bytes; live heap 439263658)
lockfile:620 (39552 bytes; live heap 439054092)
lockfile:621 (2867 bytes; live heap 439154445)
lockfile:622 (25550 bytes; live heap 439533315)
lockfile:623 (2890 bytes; live heap 436254035)
lockfile:624 (2946 bytes; live heap 435293442)
logic:735 (156696 bytes; live heap 434934128)
lockfile:625 (5699 bytes; live heap 434961614)
row-model:141 (155047 bytes; live heap 434800312)
lockfile:626 (81355 bytes; live heap 435232824)
logic:736 (877 bytes; live heap 435384798)
logic:737 (2607 bytes; live heap 435039870)
lockfile:627 (71200 bytes; live heap 435205847)
logic:738 (1803 bytes; live heap 435240238)
lockfile:628 (5652 bytes; live heap 434363331)
lockfile:629 (5675 bytes; live heap 435246518)
lockfile:630 (4537 bytes; live heap 436330291)
lockfile:631 (12685 bytes; live heap 438672130)
lockfile:632 (2365 bytes; live heap 440501082)
lockfile:633 (5679 bytes; live heap 441062851)
lockfile:634 (6075 bytes; live heap 441408688)
lockfile:635 (13048 bytes; live heap 443077512)
lockfile:636 (13118 bytes; live heap 445691455)
lockfile:637 (2886 bytes; live heap 447381354)
lockfile:638 (2371 bytes; live heap 448712777)
lockfile:639 (2897 bytes; live heap 448619717)
lockfile:640 (25850 bytes; live heap 448285376)
lockfile:641 (25543 bytes; live heap 450284089)
lockfile:642 (62450 bytes; live heap 450543256)
lockfile:643 (5510 bytes; live heap 459682933)
lockfile:644 (3233 bytes; live heap 459823930)
lockfile:645 (5669 bytes; live heap 459572125)
lockfile:646 (2901 bytes; live heap 459151023)
lockfile:647 (2396 bytes; live heap 458377551)
lockfile:648 (15490 bytes; live heap 457486562)
bitproof:639 (143 bytes; live heap 447114251)
lockfile:649 (71191 bytes; live heap 497135485)
lockfile:650 (2335 bytes; live heap 485269089)
lockfile:651 (5572 bytes; live heap 480016209)
lockfile:652 (2926 bytes; live heap 472208378)
lockfile:653 (2591 bytes; live heap 467204700)
bitproof:640 (7860623 bytes; live heap 444149386)
row-model:142 (153373 bytes; live heap 444411081)
row-model:143 (147670 bytes; live heap 446502285)
certificate:390 (1698464 bytes; live heap 446873868)
certificate:391 (444 bytes; live heap 446448191)
certificate:392 (355954 bytes; live heap 450701286)
certificate:393 (148547 bytes; live heap 455779798)
bitproof:641 (137089 bytes; live heap 433553173)
bitproof:642 (783 bytes; live heap 432067793)
logic:739 (364815 bytes; live heap 431788717)
logic:740 (542 bytes; live heap 430552564)
bitproof:643 (75016 bytes; live heap 430322004)
logic:741 (6177 bytes; live heap 429865435)
logic:742 (407 bytes; live heap 429383219)
bitproof:644 (74994 bytes; live heap 428675832)
certificate:394 (99252 bytes; live heap 428457370)
logic:743 (2466 bytes; live heap 428323537)
logic:744 (1695 bytes; live heap 427985125)
logic:745 (1505 bytes; live heap 428066118)
bitproof:645 (179 bytes; live heap 427032768)
certificate:395 (98599 bytes; live heap 426971291)
bitproof:646 (7532 bytes; live heap 426640002)
logic:746 (5535 bytes; live heap 426407693)
bitproof:647 (96 bytes; live heap 426272814)
logic:747 (140 bytes; live heap 426323231)
logic:748 (1980 bytes; live heap 426357401)
logic:749 (431 bytes; live heap 426573279)
logic:750 (3997 bytes; live heap 427323742)
logic:751 (3172 bytes; live heap 427739332)
bitproof:648 (759460 bytes; live heap 422048947)
bitproof:649 (135 bytes; live heap 413858694)
bitproof:650 (143280 bytes; live heap 412956554)
logic:752 (152481 bytes; live heap 426324621)
lockfile:654 (1793123 bytes; live heap 437009675)
logic:753 (2501 bytes; live heap 438154813)
logic:754 (2764 bytes; live heap 440138375)
logic:755 (1601 bytes; live heap 441255630)
logic:756 (479 bytes; live heap 444821668)
logic:757 (823 bytes; live heap 446454025)
logic:758 (2541 bytes; live heap 447888089)
logic:759 (2904 bytes; live heap 457337946)
certificate:396 (154458 bytes; live heap 461661960)
logic:760 (8738 bytes; live heap 464004239)
logic:761 (748 bytes; live heap 464775603)
logic:762 (314 bytes; live heap 465359026)
logic:763 (435 bytes; live heap 465583384)
logic:764 (547 bytes; live heap 466696168)
logic:765 (4864 bytes; live heap 471010302)
logic:766 (2341 bytes; live heap 471956173)
logic:767 (632 bytes; live heap 474241432)
logic:768 (3258 bytes; live heap 476613304)
logic:769 (2332 bytes; live heap 476560155)
row-model:144 (153322 bytes; live heap 492022047)
row-model:145 (153307 bytes; live heap 488930012)
row-model:146 (153299 bytes; live heap 484219297)
bitproof:651 (8830840 bytes; live heap 414240298)
lockfile:655 (125530 bytes; live heap 412315436)
lockfile:656 (5673 bytes; live heap 427305825)
lockfile:657 (2374 bytes; live heap 432474695)
lockfile:658 (5652 bytes; live heap 432663938)
lockfile:659 (13000 bytes; live heap 432587289)
lockfile:660 (5636 bytes; live heap 431245097)
lockfile:661 (13803 bytes; live heap 430794735)
certificate:397 (417524 bytes; live heap 407296072)
certificate:398 (97899 bytes; live heap 383911294)
certificate:399 (149128 bytes; live heap 385160891)
bitproof:652 (81585 bytes; live heap 391207339)
bitproof:653 (143282 bytes; live heap 392334637)
row-model:147 (427128 bytes; live heap 459559575)
bitproof:654 (11821609 bytes; live heap 400202105)
certificate:400 (97977 bytes; live heap 409021104)
certificate:401 (98099 bytes; live heap 410589849)
bitproof:655 (531395 bytes; live heap 387780769)
bitproof:656 (75549 bytes; live heap 386879440)
bitproof:657 (103829 bytes; live heap 387131800)
bitproof:658 (36136 bytes; live heap 387204841)
bitproof:659 (96 bytes; live heap 387139344)
bitproof:660 (8830 bytes; live heap 387167363)
bitproof:661 (11821876 bytes; live heap 413015678)
bitproof:662 (593947 bytes; live heap 411469596)
core:556 (7057370 bytes; live heap 411171186)
core:557 (539 bytes; live heap 403886040)
core:558 (1214 bytes; live heap 404533410)
core:559 (1193 bytes; live heap 405175444)
core:560 (529 bytes; live heap 405481313)
core:561 (2266 bytes; live heap 405552097)
core:562 (11148 bytes; live heap 405926612)
core:563 (1462 bytes; live heap 406648329)
core:564 (2275 bytes; live heap 410325350)
core:565 (5507 bytes; live heap 418991638)
core:566 (1206 bytes; live heap 419856509)
core:567 (588 bytes; live heap 419580932)
core:568 (1979 bytes; live heap 419874636)
core:569 (1856 bytes; live heap 421500069)
core:570 (1111 bytes; live heap 422406959)
core:571 (616 bytes; live heap 422850278)
core:572 (1236 bytes; live heap 423770852)
core:573 (4004 bytes; live heap 427265354)
core:574 (4018 bytes; live heap 437017964)
core:575 (5109 bytes; live heap 443960708)
core:576 (2518 bytes; live heap 446371199)
core:577 (1459 bytes; live heap 448077043)
core:578 (1149 bytes; live heap 448521215)
core:579 (1504 bytes; live heap 448963635)
core:580 (300 bytes; live heap 449018820)
core:581 (1206 bytes; live heap 448871731)
bitproof:663 (45425 bytes; live heap 448235741)
bitproof:664 (143298 bytes; live heap 449355850)
core:582 (4880 bytes; live heap 449310863)
core:583 (2794 bytes; live heap 449409704)
core:584 (597 bytes; live heap 450577548)
bitproof:665 (136705 bytes; live heap 449969126)
core:585 (2419 bytes; live heap 450791586)
core:586 (1950 bytes; live heap 454747597)
core:587 (596 bytes; live heap 454661862)
row-model:148 (153299 bytes; live heap 454573945)
core:588 (1882 bytes; live heap 454431999)
core:589 (1502 bytes; live heap 454255303)
core:590 (202278 bytes; live heap 454466342)
core:591 (1885 bytes; live heap 454571297)
core:592 (5237 bytes; live heap 453750312)
core:593 (509 bytes; live heap 453317423)
core:594 (953 bytes; live heap 452306892)
core:595 (1444 bytes; live heap 452727189)
core:596 (184751 bytes; live heap 451340107)
core:597 (2897 bytes; live heap 443945399)
core:598 (901428 bytes; live heap 447533381)
core:599 (5246 bytes; live heap 448381310)
core:600 (1177 bytes; live heap 448730010)
row-model:149 (155070 bytes; live heap 453734886)
logic:770 (602457 bytes; live heap 520394826)
logic:771 (3122 bytes; live heap 519695414)
logic:772 (4075 bytes; live heap 520087613)
logic:773 (394 bytes; live heap 520106040)
logic:774 (1421 bytes; live heap 520259411)
logic:775 (2701 bytes; live heap 520381970)
logic:776 (1887 bytes; live heap 520704819)
logic:777 (7026 bytes; live heap 520730246)
logic:778 (1802 bytes; live heap 520774970)
logic:779 (1139 bytes; live heap 520976637)
logic:780 (628 bytes; live heap 521042530)
row-model:150 (153307 bytes; live heap 463565116)
row-model:151 (153299 bytes; live heap 462169585)
row-model:152 (153318 bytes; live heap 383287857)
row-model:153 (155507 bytes; live heap 379136701)
row-model:154 (153300 bytes; live heap 377979166)
row-model:155 (153299 bytes; live heap 377537455)
logic:781 (759951 bytes; live heap 372339323)
equality:780 (4001106 bytes; live heap 352003078)
core:601 (1602438 bytes; live heap 342137955)
core:602 (2933 bytes; live heap 339511847)
core:603 (1876 bytes; live heap 339421826)
equality:781 (524 bytes; live heap 334345292)
equality:782 (911 bytes; live heap 334304477)
equality:783 (231 bytes; live heap 334114051)
equality:784 (538 bytes; live heap 334075684)
equality:785 (494 bytes; live heap 334035397)
core:604 (47964 bytes; live heap 334421945)
core:605 (525 bytes; live heap 334324529)
core:606 (1216 bytes; live heap 325201533)
core:607 (2078 bytes; live heap 324998429)
core:608 (4045 bytes; live heap 325065103)
core:609 (389 bytes; live heap 324875522)
core:610 (10387 bytes; live heap 324967675)
core:611 (1613 bytes; live heap 324519904)
core:612 (405 bytes; live heap 325441122)
core:613 (204001 bytes; live heap 325060028)
core:614 (2303 bytes; live heap 324564752)
core:615 (1205 bytes; live heap 323878103)
core:616 (2240 bytes; live heap 322851325)
core:617 (975 bytes; live heap 322521421)
equality:786 (1340894 bytes; live heap 308305242)
lockfile:662 (2841655 bytes; live heap 294390536)
row-model:156 (152041 bytes; live heap 295838349)
core:618 (502944 bytes; live heap 306767834)
core:619 (1022 bytes; live heap 306628757)
core:620 (5493 bytes; live heap 306672629)
core:621 (2554 bytes; live heap 306890158)
core:622 (227 bytes; live heap 306928757)
core:623 (1148 bytes; live heap 307095414)
core:624 (1991 bytes; live heap 307270310)
core:625 (2032 bytes; live heap 307783328)
core:626 (5247 bytes; live heap 307832288)
core:627 (1925 bytes; live heap 308277228)
core:628 (661 bytes; live heap 308545484)
core:629 (202180 bytes; live heap 309097603)
core:630 (524 bytes; live heap 309041730)
core:631 (5359 bytes; live heap 305339044)
core:632 (4014 bytes; live heap 303980202)
core:633 (1148 bytes; live heap 312748002)
core:634 (1879 bytes; live heap 309076329)
core:635 (619 bytes; live heap 309193362)
core:636 (1924 bytes; live heap 310218427)
core:637 (5242 bytes; live heap 310791667)
lockfile:663 (2372 bytes; live heap 312019052)
lockfile:664 (2405 bytes; live heap 312895399)
lockfile:665 (2372 bytes; live heap 313334579)
lockfile:666 (13053 bytes; live heap 313938929)
lockfile:667 (4780 bytes; live heap 315028202)
lockfile:668 (2920 bytes; live heap 315643473)
lockfile:669 (5936 bytes; live heap 316165819)
lockfile:670 (12952 bytes; live heap 316852805)
lockfile:671 (2967 bytes; live heap 314789436)
lockfile:672 (25381 bytes; live heap 315724198)
lockfile:673 (2244 bytes; live heap 317798215)
lockfile:674 (5717 bytes; live heap 318140399)
lockfile:675 (13120 bytes; live heap 318826630)
lockfile:676 (2357 bytes; live heap 322004057)
lockfile:677 (25532 bytes; live heap 326891157)
lockfile:678 (7327 bytes; live heap 329689545)
lockfile:679 (25507 bytes; live heap 332606504)
lockfile:680 (5155 bytes; live heap 335645554)
lockfile:681 (13039 bytes; live heap 336811508)
lockfile:682 (25420 bytes; live heap 339085741)
logic:782 (701886 bytes; live heap 344175746)
logic:783 (2401 bytes; live heap 343621529)
logic:784 (3194 bytes; live heap 344248156)
logic:785 (6893 bytes; live heap 345636417)
lockfile:683 (2902 bytes; live heap 346045988)
logic:786 (5454 bytes; live heap 346250709)
logic:787 (75 bytes; live heap 346364507)
logic:788 (12274 bytes; live heap 346433743)
logic:789 (1497 bytes; live heap 346588948)
logic:790 (2234 bytes; live heap 346977079)
lockfile:684 (13444 bytes; live heap 347308598)
logic:791 (3562 bytes; live heap 347538996)
logic:792 (2033 bytes; live heap 347591740)
logic:793 (4668 bytes; live heap 347958074)
lockfile:685 (2964 bytes; live heap 349299652)
lockfile:686 (2369 bytes; live heap 356309880)
lockfile:687 (2370 bytes; live heap 358073893)
lockfile:688 (5670 bytes; live heap 361199622)
row-model:157 (153353 bytes; live heap 361902905)
logic:794 (21066 bytes; live heap 365516339)
logic:795 (12591 bytes; live heap 365609592)
lockfile:689 (2542 bytes; live heap 366314805)
lockfile:690 (23136 bytes; live heap 368197408)
lockfile:691 (2378 bytes; live heap 372597690)
lockfile:692 (2602 bytes; live heap 374343044)
lockfile:693 (2906 bytes; live heap 376858466)
lockfile:694 (202955 bytes; live heap 380209624)
lockfile:695 (25539 bytes; live heap 384710258)
logic:796 (176952 bytes; live heap 416940774)
logic:797 (2223 bytes; live heap 405886009)
logic:798 (3466 bytes; live heap 404918139)
logic:799 (235 bytes; live heap 404620246)
logic:800 (995 bytes; live heap 404131211)
logic:801 (275276 bytes; live heap 401105807)
logic:802 (271 bytes; live heap 399939480)
row-model:158 (2214289 bytes; live heap 398450243)
logic:803 (3296 bytes; live heap 398434514)
logic:804 (231 bytes; live heap 398410119)
logic:805 (3780 bytes; live heap 398178039)
logic:806 (3183 bytes; live heap 394799300)
lockfile:696 (702339 bytes; live heap 396596173)
lockfile:697 (2352 bytes; live heap 393089615)
lockfile:698 (2986 bytes; live heap 392708883)
lockfile:699 (13113 bytes; live heap 391242647)
lockfile:700 (2857 bytes; live heap 383560127)
row-model:159 (155034 bytes; live heap 383047490)
lockfile:701 (13110 bytes; live heap 382973609)
lockfile:702 (13129 bytes; live heap 378911500)
lockfile:703 (202371 bytes; live heap 370317397)
lockfile:704 (2557 bytes; live heap 370373433)
lockfile:705 (25389 bytes; live heap 368999032)
lockfile:706 (2197 bytes; live heap 369056267)
lockfile:707 (5076 bytes; live heap 369727804)
lockfile:708 (2332 bytes; live heap 369273621)
lockfile:709 (13054 bytes; live heap 366215201)
lockfile:710 (25793 bytes; live heap 360886232)
lockfile:711 (25546 bytes; live heap 352590288)
lockfile:712 (51927 bytes; live heap 343259763)
lockfile:713 (2695 bytes; live heap 341340451)
lockfile:714 (13111 bytes; live heap 340137143)
lockfile:715 (2293 bytes; live heap 336250168)
core:638 (401927 bytes; live heap 332633105)
lockfile:716 (5644 bytes; live heap 331992422)
core:639 (1882 bytes; live heap 330647056)
lockfile:717 (2926 bytes; live heap 330187883)
core:640 (987 bytes; live heap 329901606)
core:641 (1921 bytes; live heap 329101782)
lockfile:718 (25400 bytes; live heap 324711318)
core:642 (4016 bytes; live heap 323616389)
core:643 (10247 bytes; live heap 323508669)
core:644 (535 bytes; live heap 323027364)
core:645 (1071 bytes; live heap 323014246)
lockfile:719 (125251 bytes; live heap 325938583)
core:646 (300530 bytes; live heap 322504592)
lockfile:720 (2895 bytes; live heap 321023676)
lockfile:721 (25381 bytes; live heap 319959552)
core:647 (2483 bytes; live heap 318714717)
core:648 (1162 bytes; live heap 318343959)
core:649 (4038 bytes; live heap 318305394)
core:650 (666 bytes; live heap 317939953)
core:651 (532 bytes; live heap 317802937)
core:652 (2277 bytes; live heap 317292171)
core:653 (1434 bytes; live heap 316982906)
core:654 (1433 bytes; live heap 316858099)
lockfile:722 (27683 bytes; live heap 316670163)
core:655 (2543 bytes; live heap 315926625)
core:656 (1435 bytes; live heap 315042989)
core:657 (1433 bytes; live heap 314948151)
core:658 (2272 bytes; live heap 314837609)
core:659 (1441 bytes; live heap 316876455)
certificate:402 (1648530 bytes; live heap 319246220)
lockfile:723 (207721 bytes; live heap 313924661)
lockfile:724 (2433 bytes; live heap 313856191)
lockfile:725 (12962 bytes; live heap 313135299)
core:660 (185749 bytes; live heap 312533684)
core:661 (1446 bytes; live heap 312268390)
lockfile:726 (5678 bytes; live heap 312343693)
core:662 (2091 bytes; live heap 312236550)
lockfile:727 (13117 bytes; live heap 312213440)
core:663 (1856 bytes; live heap 312208477)
core:664 (2266 bytes; live heap 312232620)
core:665 (1886 bytes; live heap 312207459)
lockfile:728 (2372 bytes; live heap 312224879)
core:666 (1894 bytes; live heap 312177771)
lockfile:729 (25389 bytes; live heap 312175042)
core:667 (1214 bytes; live heap 312164954)
core:668 (2826 bytes; live heap 312193729)
core:669 (2479 bytes; live heap 312109845)
lockfile:730 (25547 bytes; live heap 312172989)
core:670 (2284 bytes; live heap 312095187)
core:671 (1216 bytes; live heap 341441115)
core:672 (1010 bytes; live heap 341564213)
lockfile:731 (25317 bytes; live heap 341504051)
row-model:160 (155047 bytes; live heap 341459136)
core:673 (2585 bytes; live heap 341346608)
row-model:161 (153301 bytes; live heap 341804886)
row-model:162 (153374 bytes; live heap 343253552)
row-model:163 (155047 bytes; live heap 335084936)
row-model:164 (153270 bytes; live heap 337008804)
lockfile:732 (205544 bytes; live heap 355722186)
lockfile:733 (5683 bytes; live heap 361465795)
lockfile:734 (2893 bytes; live heap 360843825)
lockfile:735 (2338 bytes; live heap 360150457)
lockfile:736 (1385689 bytes; live heap 386841247)
lockfile:737 (2373 bytes; live heap 387937416)
lockfile:738 (3017 bytes; live heap 389894555)
lockfile:739 (5621 bytes; live heap 391773703)
lockfile:740 (13072 bytes; live heap 399188396)
lockfile:741 (2197 bytes; live heap 400905331)
lockfile:742 (2896 bytes; live heap 401409727)
lockfile:743 (5671 bytes; live heap 402734842)
lockfile:744 (5633 bytes; live heap 404486106)
lockfile:745 (2929 bytes; live heap 407098853)
lockfile:746 (13111 bytes; live heap 408858227)
lockfile:747 (5686 bytes; live heap 409640422)
lockfile:748 (2906 bytes; live heap 412410358)
certificate:403 (491 bytes; live heap 404247820)
lockfile:749 (25548 bytes; live heap 404547535)
logic:807 (391614 bytes; live heap 404420684)
certificate:404 (97553 bytes; live heap 407618039)
certificate:405 (148549 bytes; live heap 413625219)
certificate:406 (96430 bytes; live heap 415624546)
certificate:407 (448 bytes; live heap 416102955)
lockfile:750 (13101 bytes; live heap 417174427)
certificate:408 (149133 bytes; live heap 420188608)
lockfile:751 (25381 bytes; live heap 422675603)
certificate:409 (471 bytes; live heap 423099736)
certificate:410 (149125 bytes; live heap 425958772)
lockfile:752 (71184 bytes; live heap 448725684)
lockfile:753 (13138 bytes; live heap 454095734)
lockfile:754 (2949 bytes; live heap 457341738)
row-model:165 (153299 bytes; live heap 458898751)
row-model:166 (153299 bytes; live heap 460284566)
lockfile:755 (25790 bytes; live heap 463116643)
lockfile:756 (2380 bytes; live heap 467326136)
lockfile:757 (13072 bytes; live heap 470926903)
lockfile:758 (5655 bytes; live heap 474043463)
lockfile:759 (25531 bytes; live heap 476940969)
lockfile:760 (25241 bytes; live heap 485571966)
lockfile:761 (13040 bytes; live heap 492167579)
lockfile:762 (12328 bytes; live heap 496249908)
lockfile:763 (12873 bytes; live heap 502282706)
lockfile:764 (25320 bytes; live heap 506501574)
certificate:411 (96431 bytes; live heap 519357947)
certificate:412 (98484 bytes; live heap 524524774)
lockfile:765 (107417 bytes; live heap 575805658)
certificate:413 (148553 bytes; live heap 580714374)
certificate:414 (97916 bytes; live heap 582765333)
lockfile:766 (5933 bytes; live heap 582953945)
certificate:415 (93478 bytes; live heap 584054774)
certificate:416 (449 bytes; live heap 584099577)
certificate:417 (93461 bytes; live heap 585050362)
certificate:418 (98156 bytes; live heap 585756461)
certificate:419 (467 bytes; live heap 586158783)
certificate:420 (730 bytes; live heap 586915641)
certificate:421 (97797 bytes; live heap 588829498)
lockfile:767 (182920 bytes; live heap 598028753)
lockfile:768 (25564 bytes; live heap 603942954)
lockfile:769 (12307 bytes; live heap 617292402)
row-model:167 (153299 bytes; live heap 619343803)
lockfile:770 (13136 bytes; live heap 620313280)
lockfile:771 (13127 bytes; live heap 624108961)
lockfile:772 (5673 bytes; live heap 626968217)
lockfile:773 (2939 bytes; live heap 628533607)
lockfile:774 (5636 bytes; live heap 629558171)
lockfile:775 (2469 bytes; live heap 630108954)
lockfile:776 (29040 bytes; live heap 630976378)
lockfile:777 (2378 bytes; live heap 631027491)
lockfile:778 (2752 bytes; live heap 630861122)
lockfile:779 (72543 bytes; live heap 634823758)
lockfile:780 (202373 bytes; live heap 644761476)
lockfile:781 (25553 bytes; live heap 647643560)
lockfile:782 (3009 bytes; live heap 655026618)
lockfile:783 (2946 bytes; live heap 657004693)
certificate:422 (377878 bytes; live heap 661342482)
lockfile:784 (122917 bytes; live heap 661799330)
lockfile:785 (13093 bytes; live heap 666236923)
lockfile:786 (5150 bytes; live heap 670889620)
lockfile:787 (25486 bytes; live heap 672119151)
lockfile:788 (225531 bytes; live heap 675998752)
lockfile:789 (17367 bytes; live heap 680023936)
lockfile:790 (13159 bytes; live heap 679451908)
lockfile:791 (13111 bytes; live heap 678726257)
lockfile:792 (25357 bytes; live heap 678224582)
lockfile:793 (2338 bytes; live heap 677405842)
lockfile:794 (2234 bytes; live heap 676987920)
lockfile:795 (5658 bytes; live heap 676421698)
certificate:423 (97891 bytes; live heap 671042739)
row-model:168 (427139 bytes; live heap 676876126)
row-model:169 (153533 bytes; live heap 676618822)
row-model:170 (153302 bytes; live heap 676563086)
certificate:424 (93471 bytes; live heap 665142772)
certificate:425 (97909 bytes; live heap 661201238)
certificate:426 (149125 bytes; live heap 655541280)
equality:787 (2160920 bytes; live heap 635616103)
certificate:427 (96486 bytes; live heap 629815419)
certificate:428 (155954 bytes; live heap 628545533)
certificate:429 (149110 bytes; live heap 626913278)
row-model:171 (153224 bytes; live heap 617731350)
row-model:172 (153660 bytes; live heap 617515315)
row-model:173 (152639 bytes; live heap 616639115)
row-model:174 (153300 bytes; live heap 616331603)
certificate:430 (98489 bytes; live heap 597714173)
certificate:431 (148762 bytes; live heap 594623684)
lockfile:796 (366893 bytes; live heap 593830316)
lockfile:797 (12341 bytes; live heap 579762099)
equality:788 (4436 bytes; live heap 579513230)
equality:789 (616 bytes; live heap 579653944)
equality:790 (1139 bytes; live heap 579624147)
equality:791 (243 bytes; live heap 579441963)
equality:792 (461 bytes; live heap 579680770)
equality:793 (477 bytes; live heap 582618087)
equality:794 (475 bytes; live heap 582796152)
equality:795 (528 bytes; live heap 582835344)
lockfile:798 (2375 bytes; live heap 582993821)
equality:796 (521 bytes; live heap 582990953)
equality:797 (473 bytes; live heap 583005608)
equality:798 (903 bytes; live heap 582816648)
equality:799 (508 bytes; live heap 583241668)
lockfile:799 (15673 bytes; live heap 583010353)
equality:800 (209 bytes; live heap 582989633)
equality:801 (1175 bytes; live heap 582876553)
equality:802 (890 bytes; live heap 582812306)
lockfile:800 (13113 bytes; live heap 584032237)
lockfile:801 (2385 bytes; live heap 584359830)
equality:803 (54117 bytes; live heap 584391357)
lockfile:802 (26364 bytes; live heap 584310859)
lockfile:803 (5732 bytes; live heap 584210713)
equality:804 (888 bytes; live heap 583635010)
equality:805 (473 bytes; live heap 583589430)
equality:806 (528 bytes; live heap 583575649)
lockfile:804 (2438 bytes; live heap 583458498)
equality:807 (1029 bytes; live heap 583399053)
equality:808 (921 bytes; live heap 583278134)
equality:809 (262 bytes; live heap 583070733)
equality:810 (234 bytes; live heap 583053021)
equality:811 (441 bytes; live heap 583076035)
lockfile:805 (33281 bytes; live heap 583012964)
equality:812 (221 bytes; live heap 582988666)
equality:813 (459 bytes; live heap 582789135)
equality:814 (221 bytes; live heap 582542104)
equality:815 (883 bytes; live heap 582475193)
equality:816 (965 bytes; live heap 582247064)
equality:817 (400462 bytes; live heap 581734691)
equality:818 (215 bytes; live heap 580997055)
equality:819 (218 bytes; live heap 580892181)
equality:820 (192 bytes; live heap 580801015)
equality:821 (188 bytes; live heap 580718312)
equality:822 (192 bytes; live heap 580655402)
lockfile:806 (2937 bytes; live heap 580643183)
lockfile:807 (4558 bytes; live heap 580621189)
lockfile:808 (15351 bytes; live heap 578878690)
equality:823 (16083 bytes; live heap 577774936)
equality:824 (464 bytes; live heap 577571283)
equality:825 (458 bytes; live heap 577519359)
equality:826 (14 bytes; live heap 577334443)
equality:827 (481 bytes; live heap 577232184)
lockfile:809 (2339 bytes; live heap 577214797)
equality:828 (194 bytes; live heap 577155993)
equality:829 (90 bytes; live heap 577064939)
equality:830 (195 bytes; live heap 577099283)
lockfile:810 (202952 bytes; live heap 575617772)
lockfile:811 (13241 bytes; live heap 577042073)
equality:831 (3344 bytes; live heap 576300482)
equality:832 (243 bytes; live heap 576314818)
equality:833 (491 bytes; live heap 576102579)
equality:834 (180 bytes; live heap 576169476)
equality:835 (0 bytes; live heap 576174483)
equality:836 (539 bytes; live heap 576234280)
equality:837 (488 bytes; live heap 576339529)
equality:838 (532 bytes; live heap 576450215)
lockfile:812 (12976 bytes; live heap 576477272)
equality:839 (474 bytes; live heap 576473011)
equality:840 (497 bytes; live heap 576630541)
equality:841 (471 bytes; live heap 576849532)
equality:842 (378 bytes; live heap 577529168)
equality:843 (221 bytes; live heap 577785380)
equality:844 (471 bytes; live heap 578199444)
lockfile:813 (2927 bytes; live heap 578375375)
lockfile:814 (13861 bytes; live heap 580888147)
lockfile:815 (2969 bytes; live heap 586715018)
row-model:175 (153363 bytes; live heap 588340875)
lockfile:816 (5644 bytes; live heap 590268025)
lockfile:817 (2912 bytes; live heap 593856021)
lockfile:818 (5528 bytes; live heap 595951852)
lockfile:819 (25546 bytes; live heap 599019646)
lockfile:820 (46848 bytes; live heap 607622021)
lockfile:821 (2410 bytes; live heap 616082423)
lockfile:822 (13055 bytes; live heap 617427841)
lockfile:823 (2125828 bytes; live heap 620930131)
lockfile:824 (5673 bytes; live heap 612309641)
lockfile:825 (13362 bytes; live heap 607311874)
lockfile:826 (2370 bytes; live heap 606515160)
lockfile:827 (25552 bytes; live heap 605574709)
lockfile:828 (2380 bytes; live heap 608252273)
lockfile:829 (35544 bytes; live heap 609135787)
lockfile:830 (13147 bytes; live heap 609586962)
lockfile:831 (25524 bytes; live heap 610775651)
lockfile:832 (12930 bytes; live heap 613737172)
lockfile:833 (13030 bytes; live heap 613584333)
lockfile:834 (2448 bytes; live heap 613281827)
lockfile:835 (3010 bytes; live heap 612769240)
lockfile:836 (5681 bytes; live heap 611940452)
equality:845 (301701 bytes; live heap 611399943)
equality:846 (560 bytes; live heap 611679158)
lockfile:837 (5620 bytes; live heap 615135605)
lockfile:838 (13119 bytes; live heap 615959864)
equality:847 (61906 bytes; live heap 612525681)
lockfile:839 (4347 bytes; live heap 612447188)
equality:848 (861 bytes; live heap 612041490)
equality:849 (1447 bytes; live heap 612811101)
row-model:176 (153232 bytes; live heap 612629681)
equality:850 (191 bytes; live heap 612752478)
lockfile:840 (2752 bytes; live heap 612788781)
equality:851 (10526 bytes; live heap 612819047)
equality:852 (461 bytes; live heap 612816372)
equality:853 (364 bytes; live heap 612826218)
lockfile:841 (12088 bytes; live heap 613819880)
equality:854 (465 bytes; live heap 613800707)
equality:855 (894 bytes; live heap 613659900)
lockfile:842 (13113 bytes; live heap 613864691)
lockfile:843 (26236 bytes; live heap 613368998)
equality:856 (34242 bytes; live heap 612505886)
equality:857 (335 bytes; live heap 612081465)
equality:858 (485 bytes; live heap 611234634)
equality:859 (462 bytes; live heap 611076322)
equality:860 (454 bytes; live heap 610996401)
equality:861 (465 bytes; live heap 610838800)
equality:862 (461 bytes; live heap 610729361)
equality:863 (2377 bytes; live heap 610772082)
equality:864 (1081 bytes; live heap 611307082)
equality:865 (385 bytes; live heap 611287815)
lockfile:844 (2356 bytes; live heap 611448415)
equality:866 (456 bytes; live heap 611490703)
equality:867 (182 bytes; live heap 611498279)
lockfile:845 (2967 bytes; live heap 611164872)
equality:868 (5442 bytes; live heap 611026971)
equality:869 (19 bytes; live heap 610972636)
equality:870 (10568 bytes; live heap 610950563)
equality:871 (542 bytes; live heap 611089216)
equality:872 (10923 bytes; live heap 611030529)
equality:873 (592 bytes; live heap 610891206)
equality:874 (10468 bytes; live heap 610836107)
equality:875 (41 bytes; live heap 610765847)
equality:876 (198 bytes; live heap 610687854)
lockfile:846 (25266 bytes; live heap 610487552)
equality:877 (462 bytes; live heap 610247548)
equality:878 (191 bytes; live heap 610144284)
equality:879 (201 bytes; live heap 609963983)
equality:880 (196 bytes; live heap 609843346)
equality:881 (514 bytes; live heap 609804489)
lockfile:847 (2403 bytes; live heap 611536171)
lockfile:848 (2374 bytes; live heap 611583626)
lockfile:849 (25503 bytes; live heap 610621684)
lockfile:850 (25381 bytes; live heap 611070165)
lockfile:851 (2372 bytes; live heap 611331452)
lockfile:852 (2316 bytes; live heap 611715544)
lockfile:853 (2898 bytes; live heap 611893260)
lockfile:854 (71756 bytes; live heap 611188315)
lockfile:855 (25529 bytes; live heap 610240790)
certificate:432 (1224628 bytes; live heap 607717623)
lockfile:856 (5604 bytes; live heap 607725994)
lockfile:857 (12953 bytes; live heap 607887838)
lockfile:858 (13119 bytes; live heap 607147800)
equality:882 (50049 bytes; live heap 604311810)
lockfile:859 (2338 bytes; live heap 604211547)
equality:883 (538 bytes; live heap 603032525)
lockfile:860 (2955 bytes; live heap 603010660)
equality:884 (861 bytes; live heap 602557924)
equality:885 (451 bytes; live heap 602372207)
equality:886 (459 bytes; live heap 602271313)
equality:887 (200 bytes; live heap 602073385)
equality:888 (529 bytes; live heap 601893048)
equality:889 (890 bytes; live heap 601637043)
equality:890 (488 bytes; live heap 601271142)
equality:891 (929 bytes; live heap 601025270)
lockfile:861 (28731 bytes; live heap 600582801)
equality:892 (867 bytes; live heap 600542632)
equality:893 (489 bytes; live heap 599879031)
equality:894 (2044 bytes; live heap 596963884)
equality:895 (1872 bytes; live heap 595973405)
lockfile:862 (5644 bytes; live heap 593681107)
lockfile:863 (2938 bytes; live heap 592347678)
lockfile:864 (13159 bytes; live heap 591729009)
lockfile:865 (12680 bytes; live heap 591070142)
lockfile:866 (2902 bytes; live heap 588459765)
lockfile:867 (2511 bytes; live heap 587078544)
equality:896 (49603 bytes; live heap 585568745)
equality:897 (555 bytes; live heap 584441651)
equality:898 (187 bytes; live heap 582125498)
lockfile:868 (2377 bytes; live heap 581997211)
certificate:433 (155954 bytes; live heap 581545976)
equality:899 (1248 bytes; live heap 581435271)
equality:900 (921 bytes; live heap 581174257)
equality:901 (953 bytes; live heap 580733359)
lockfile:869 (25381 bytes; live heap 580372584)
equality:902 (536 bytes; live heap 580036205)
certificate:434 (148549 bytes; live heap 579307126)
equality:903 (525 bytes; live heap 579228619)
equality:904 (469 bytes; live heap 578582881)
equality:905 (66 bytes; live heap 578474487)
equality:906 (457 bytes; live heap 578322447)
equality:907 (471 bytes; live heap 577958597)
equality:908 (936 bytes; live heap 577584040)
lockfile:870 (2960 bytes; live heap 575021867)
lockfile:871 (2373 bytes; live heap 574378134)
lockfile:872 (25312 bytes; live heap 573585149)
lockfile:873 (2405 bytes; live heap 566413099)
lockfile:874 (5692 bytes; live heap 564348875)
row-model:177 (152371 bytes; live heap 562108354)
lockfile:875 (25526 bytes; live heap 560948820)
row-model:178 (219637 bytes; live heap 560192582)
row-model:179 (155033 bytes; live heap 558716954)
lockfile:876 (2933 bytes; live heap 557594347)
lockfile:877 (25716 bytes; live heap 556212334)
lockfile:878 (2349 bytes; live heap 546427336)
lockfile:879 (5645 bytes; live heap 545709055)
certificate:435 (97910 bytes; live heap 549532096)
equality:909 (1340752 bytes; live heap 554076537)
certificate:436 (448 bytes; live heap 562377383)
equality:910 (456 bytes; live heap 559765191)
equality:911 (462 bytes; live heap 559938325)
equality:912 (443 bytes; live heap 560003511)
equality:913 (2870 bytes; live heap 560280523)
equality:914 (184 bytes; live heap 560435453)
equality:915 (239 bytes; live heap 560538167)
equality:916 (397 bytes; live heap 560616982)
equality:917 (485 bytes; live heap 560871938)
equality:918 (526 bytes; live heap 560656212)
certificate:437 (97865 bytes; live heap 560579761)
certificate:438 (448 bytes; live heap 560396396)
equality:919 (1151 bytes; live heap 560851915)
equality:920 (222 bytes; live heap 560721731)
equality:921 (482 bytes; live heap 560655713)
core:674 (3370234 bytes; live heap 559699417)
equality:922 (920 bytes; live heap 556077199)
certificate:439 (151469 bytes; live heap 556248496)
equality:923 (165 bytes; live heap 558181836)
equality:924 (1153 bytes; live heap 558388099)
certificate:440 (97909 bytes; live heap 558520900)
equality:925 (525 bytes; live heap 558891929)
equality:926 (153 bytes; live heap 559052391)
equality:927 (531 bytes; live heap 559519801)
equality:928 (473 bytes; live heap 559703511)
equality:929 (471 bytes; live heap 559981489)
equality:930 (913 bytes; live heap 560963354)
equality:931 (516 bytes; live heap 561066732)
equality:932 (930 bytes; live heap 561607566)
core:675 (8274 bytes; live heap 562771513)
core:676 (1594 bytes; live heap 564757061)
core:677 (2076 bytes; live heap 567795310)
core:678 (2562 bytes; live heap 568110255)
core:679 (1853 bytes; live heap 567516286)
core:680 (2929 bytes; live heap 566524380)
core:681 (1948 bytes; live heap 565157218)
core:682 (993 bytes; live heap 564278955)
core:683 (35302 bytes; live heap 560930353)
equality:933 (94423 bytes; live heap 561093141)
core:684 (1282 bytes; live heap 561943701)
core:685 (1694 bytes; live heap 561960010)
core:686 (1019 bytes; live heap 562644743)
core:687 (387 bytes; live heap 562774307)
core:688 (611 bytes; live heap 563125986)
core:689 (525 bytes; live heap 563320626)
core:690 (2776 bytes; live heap 563733840)
core:691 (5334 bytes; live heap 566745532)
core:692 (11920 bytes; live heap 566746300)
core:693 (1878 bytes; live heap 566832674)
core:694 (1549 bytes; live heap 566871454)
core:695 (1148 bytes; live heap 566529348)
row-model:180 (155044 bytes; live heap 566571163)
certificate:441 (484 bytes; live heap 566637725)
certificate:442 (155955 bytes; live heap 567275162)
core:696 (2514 bytes; live heap 567256709)
certificate:443 (478 bytes; live heap 562317060)
certificate:444 (155954 bytes; live heap 562424774)
equality:934 (440335 bytes; live heap 552650038)
equality:935 (2378 bytes; live heap 552470742)
equality:936 (456 bytes; live heap 552573411)
equality:937 (376 bytes; live heap 552651612)
equality:938 (889 bytes; live heap 552986449)
equality:939 (190 bytes; live heap 553815420)
equality:940 (520 bytes; live heap 557216862)
equality:941 (194 bytes; live heap 557555611)
equality:942 (477 bytes; live heap 557859560)
equality:943 (1137 bytes; live heap 559129800)
equality:944 (1232 bytes; live heap 559845697)
equality:945 (461 bytes; live heap 560120549)
equality:946 (930 bytes; live heap 560493909)
equality:947 (768 bytes; live heap 560896443)
certificate:445 (98423 bytes; live heap 566873058)
certificate:446 (101304 bytes; live heap 568763505)
equality:948 (78963 bytes; live heap 586225303)
equality:949 (203 bytes; live heap 586786990)
equality:950 (237 bytes; live heap 587064206)
equality:951 (472 bytes; live heap 587253267)
equality:952 (647 bytes; live heap 587667712)
equality:953 (1154 bytes; live heap 588385179)
equality:954 (568 bytes; live heap 588668459)
equality:955 (1070 bytes; live heap 589182056)
equality:956 (486 bytes; live heap 589607293)
equality:957 (200477 bytes; live heap 590184688)
equality:958 (2 bytes; live heap 590127815)
equality:959 (246 bytes; live heap 590179094)
equality:960 (549 bytes; live heap 590264441)
equality:961 (602 bytes; live heap 590605624)
equality:962 (195 bytes; live heap 590685370)
equality:963 (20928 bytes; live heap 593612700)
equality:964 (316 bytes; live heap 593840082)
equality:965 (921 bytes; live heap 594069701)
equality:966 (526 bytes; live heap 594368326)
equality:967 (482 bytes; live heap 595071642)
equality:968 (460 bytes; live heap 595469355)
equality:969 (667 bytes; live heap 595835919)
equality:970 (465 bytes; live heap 596026160)
equality:971 (872 bytes; live heap 596294662)
equality:972 (200464 bytes; live heap 597108104)
equality:973 (882 bytes; live heap 599252470)
equality:974 (523 bytes; live heap 599795615)
equality:975 (473 bytes; live heap 600013795)
equality:976 (498 bytes; live heap 600109404)
equality:977 (1169 bytes; live heap 600454753)
equality:978 (1418 bytes; live heap 600926068)
equality:979 (1167 bytes; live heap 601719930)
equality:980 (447 bytes; live heap 601929696)
equality:981 (1151 bytes; live heap 602232348)
equality:982 (1132 bytes; live heap 603194088)
equality:983 (191 bytes; live heap 603379073)
equality:984 (788 bytes; live heap 603502215)
equality:985 (473 bytes; live heap 603970983)
equality:986 (1477 bytes; live heap 605007107)
equality:987 (920 bytes; live heap 605247050)
equality:988 (881 bytes; live heap 605786769)
certificate:447 (149125 bytes; live heap 605757409)
equality:989 (478 bytes; live heap 605780199)
equality:990 (938 bytes; live heap 605923834)
equality:991 (328 bytes; live heap 606299194)
equality:992 (535 bytes; live heap 606435495)
equality:993 (334 bytes; live heap 606814105)
equality:994 (446 bytes; live heap 607303735)
equality:995 (478 bytes; live heap 607263268)
certificate:448 (102787 bytes; live heap 607319516)
equality:996 (881 bytes; live heap 607499955)
certificate:449 (98487 bytes; live heap 608110608)
equality:997 (49677 bytes; live heap 598515919)
equality:998 (485 bytes; live heap 595084728)
equality:999 (471 bytes; live heap 594794820)
equality: 1000 cases in 12.21597025s; 122 mutants accepted; slowest seed 2.550166ms; slowest case 202 93.5945ms; largest heap case 787 7721834 bytes
      18 unknown field `kind`, expected one of `schema`, `semantics`,
      16 invalid type: sequence, expected a string at line 1 column 3
      15 invalid type: sequence, expected a string at line 1 column 1
      15 unknown variant `&&`, expected one of `Num`, `Float`, `Neg`,
      14 unchecked dependency
      14 unknown field `body`, expected one of `schema`, `semantics`,
      13 invalid type: map, expected a string at line 1 column 19
      12 proof proves a different statement
      12 unknown proof hypothesis
      12 unknown variant `a`, expected one of `U64`, `U32`, `I32`, `F
      11 invalid type: map, expected tuple variant Expr::Binary at li
      11 invalid type: sequence, expected a boolean at line 1 column 
      11 proof application argument count mismatch
      11 unknown variant `b`, expected one of `U64`, `U32`, `I32`, `F
      10 duplicate proof context identity
      10 invalid length 0, expected a tuple of size 2 at line 1 colum
       9 invalid length 0, expected tuple variant Expr::Binary with 3
       9 invalid type: sequence, expected a string at line 1 column 2
       8 invalid value: integer `18446744073709551615`, expected u32 
       8 unbound name b
       7 invalid equality context
       7 invalid length 1, expected a tuple of size 2 at line 1 colum
       7 invalid length 2, expected tuple variant Expr::Binary with 3
       7 invalid type: sequence, expected a string at line 1 column 4
       7 unknown or undeclared definition
test fuzz_equality_objects ... ok
row-model:181 (155070 bytes; live heap 552309863)
certificate:450 (148549 bytes; live heap 541658957)
certificate:451 (93461 bytes; live heap 431409814)
certificate:452 (485 bytes; live heap 431082719)
certificate:453 (454 bytes; live heap 431012008)
certificate:454 (148809 bytes; live heap 430933262)
certificate:455 (148550 bytes; live heap 426020795)
row-model:182 (2214152 bytes; live heap 412837996)
lockfile:880 (1702902 bytes; live heap 339238385)
row-model:183 (153300 bytes; live heap 335912787)
row-model:184 (153364 bytes; live heap 339453350)
row-model:185 (155047 bytes; live heap 339221258)
row-model:186 (162630 bytes; live heap 341248460)
row-model:187 (153299 bytes; live heap 341424652)
core:697 (581444 bytes; live heap 354332890)
core:698 (1891 bytes; live heap 360923103)
core:699 (1461 bytes; live heap 361158341)
core:700 (2533 bytes; live heap 361826267)
core:701 (15211 bytes; live heap 365850205)
core:702 (1113 bytes; live heap 366044476)
bitproof:666 (3760095 bytes; live heap 363527105)
core:703 (2930 bytes; live heap 363513371)
core:704 (1487 bytes; live heap 360078969)
core:705 (344 bytes; live heap 360255977)
core:706 (2 bytes; live heap 360788090)
core:707 (1261 bytes; live heap 360894575)
core:708 (1225 bytes; live heap 361170767)
core:709 (214 bytes; live heap 361529172)
core:710 (4014 bytes; live heap 362458853)
core:711 (1461 bytes; live heap 363252357)
core:712 (1922 bytes; live heap 364131242)
core:713 (4186 bytes; live heap 362707117)
core:714 (1156 bytes; live heap 361870675)
core:715 (4017 bytes; live heap 359593402)
bitproof:667 (759964 bytes; live heap 356077437)
core:716 (2266 bytes; live heap 356021099)
core:717 (5 bytes; live heap 355922647)
core:718 (1896 bytes; live heap 354220928)
core:719 (2534 bytes; live heap 361858442)
core:720 (2048 bytes; live heap 360625566)
core:721 (2985 bytes; live heap 359110408)
bitproof:668 (594341 bytes; live heap 356211205)
core:722 (12213 bytes; live heap 359208057)
core:723 (2541 bytes; live heap 358848058)
core:724 (1900 bytes; live heap 358552686)
core:725 (528 bytes; live heap 358207484)
core:726 (2636 bytes; live heap 356786453)
bitproof:669 (133 bytes; live heap 351677178)
bitproof:670 (136 bytes; live heap 351624369)
core:727 (2535 bytes; live heap 352557547)
core:728 (398 bytes; live heap 353238640)
core:729 (666 bytes; live heap 354014372)
core:730 (2649 bytes; live heap 355501514)
core:731 (2928 bytes; live heap 356895798)
row-model:188 (153363 bytes; live heap 349507360)
lockfile:881 (24351 bytes; live heap 345398785)
core:732 (1932 bytes; live heap 345114878)
core:733 (2556 bytes; live heap 347258311)
core:734 (110 bytes; live heap 346650361)
core:735 (202252 bytes; live heap 346574051)
bitproof:671 (759178 bytes; live heap 345678008)
core:736 (1151 bytes; live heap 345694684)
lockfile:882 (12557 bytes; live heap 346723214)
core:737 (3066 bytes; live heap 348072912)
core:738 (4000 bytes; live heap 349384592)
lockfile:883 (25437 bytes; live heap 350868120)
core:739 (2927 bytes; live heap 351533871)
core:740 (1510 bytes; live heap 352246042)
core:741 (655 bytes; live heap 352598335)
core:742 (577 bytes; live heap 352687010)
core:743 (2473 bytes; live heap 352867100)
core:744 (999 bytes; live heap 351449529)
core:745 (1000 bytes; live heap 353415978)
core:746 (2267 bytes; live heap 355083209)
core:747 (4014 bytes; live heap 356684600)
lockfile:884 (23114 bytes; live heap 358289168)
lockfile:885 (2347 bytes; live heap 360794843)
lockfile:886 (25527 bytes; live heap 362422723)
lockfile:887 (5612 bytes; live heap 370744793)
core:748 (10432 bytes; live heap 373054036)
lockfile:888 (25530 bytes; live heap 373904904)
core:749 (1918 bytes; live heap 374228344)
core:750 (1877 bytes; live heap 375116993)
core:751 (1814 bytes; live heap 376385928)
core:752 (1876 bytes; live heap 377049269)
core:753 (10621 bytes; live heap 377186800)
core:754 (4105 bytes; live heap 378543706)
lockfile:889 (1804 bytes; live heap 378620200)
core:755 (1520 bytes; live heap 379460751)
core:756 (597 bytes; live heap 379774488)
core:757 (5287 bytes; live heap 379901008)
lockfile:890 (25546 bytes; live heap 380233906)
core:758 (399 bytes; live heap 380456261)
core:759 (552 bytes; live heap 380669693)
core:760 (259 bytes; live heap 380731829)
core:761 (104002 bytes; live heap 382478817)
core:762 (1957 bytes; live heap 384371465)
core:763 (7473 bytes; live heap 386183309)
core:764 (387 bytes; live heap 386675773)
core:765 (8 bytes; live heap 386758821)
core:766 (531 bytes; live heap 386935084)
core:767 (1922 bytes; live heap 387458148)
core:768 (1383 bytes; live heap 388411642)
lockfile:891 (2378 bytes; live heap 389205357)
core:769 (10991 bytes; live heap 392277680)
core:770 (1155 bytes; live heap 394571868)
core:771 (1733 bytes; live heap 394726906)
core:772 (2529 bytes; live heap 396491657)
core:773 (1229 bytes; live heap 397134233)
core:774 (63288 bytes; live heap 428922452)
core:775 (1337 bytes; live heap 430167432)
bitproof:672 (648829 bytes; live heap 433078481)
core:776 (2472 bytes; live heap 434085620)
core:777 (1919 bytes; live heap 437775776)
core:778 (1215 bytes; live heap 439257881)
core:779 (2305 bytes; live heap 443626176)
core:780 (2268 bytes; live heap 446982787)
core:781 (1203 bytes; live heap 448415475)
core:782 (1885 bytes; live heap 449804365)
core:783 (10369 bytes; live heap 451582503)
core:784 (1426 bytes; live heap 452995152)
core:785 (1877 bytes; live heap 455433478)
core:786 (1520 bytes; live heap 456337690)
core:787 (1876 bytes; live heap 457372060)
core:788 (2565 bytes; live heap 460354196)
core:789 (608 bytes; live heap 460862448)
core:790 (5202 bytes; live heap 463324522)
core:791 (4005 bytes; live heap 462758107)
row-model:189 (153364 bytes; live heap 462401878)
row-model:190 (153245 bytes; live heap 462323163)
row-model:191 (153379 bytes; live heap 462318191)
row-model:192 (153232 bytes; live heap 463058352)
bitproof:673 (1109 bytes; live heap 467001970)
core:792 (620 bytes; live heap 526551753)
core:793 (2913 bytes; live heap 538259651)
core:794 (450 bytes; live heap 538786108)
core:795 (1441 bytes; live heap 540072476)
core:796 (1044 bytes; live heap 540721454)
core:797 (597 bytes; live heap 540944705)
core:798 (2530 bytes; live heap 543036912)
core:799 (566 bytes; live heap 543413560)
core:800 (1442 bytes; live heap 543849375)
core:801 (594 bytes; live heap 544042069)
core:802 (708 bytes; live heap 544311808)
bitproof:674 (4295711 bytes; live heap 507778862)
bitproof:675 (96 bytes; live heap 502925202)
bitproof:676 (2123 bytes; live heap 502831997)
core:803 (441989 bytes; live heap 508357227)
row-model:193 (153299 bytes; live heap 531395000)
core:804 (2289 bytes; live heap 526625201)
core:805 (2942 bytes; live heap 526178701)
core:806 (2590 bytes; live heap 525872988)
core:807 (1452 bytes; live heap 525786453)
core:808 (517 bytes; live heap 525992514)
core:809 (1169 bytes; live heap 525664268)
core:810 (5247 bytes; live heap 525623194)
core:811 (1440 bytes; live heap 526002741)
core:812 (2270 bytes; live heap 524866329)
bitproof:677 (780173 bytes; live heap 548845880)
bitproof:678 (7932 bytes; live heap 576904815)
bitproof:679 (1109 bytes; live heap 576898216)
bitproof:680 (205630 bytes; live heap 577147984)
bitproof:681 (120 bytes; live heap 576843771)
bitproof:682 (8842 bytes; live heap 576870746)
bitproof:683 (8868 bytes; live heap 576843853)
bitproof:684 (136340 bytes; live heap 568670448)
row-model:194 (153311 bytes; live heap 569910904)
row-model:195 (98819 bytes; live heap 564331833)
bitproof:685 (759391 bytes; live heap 561711999)
row-model:196 (153351 bytes; live heap 560803523)
row-model:197 (353299 bytes; live heap 558788654)
bitproof:686 (105498 bytes; live heap 532051035)
bitproof:687 (143280 bytes; live heap 529233670)
bitproof:688 (130 bytes; live heap 525858711)
bitproof:689 (135 bytes; live heap 525739033)
bitproof:690 (151 bytes; live heap 525629325)
bitproof:691 (152 bytes; live heap 525607205)
bitproof:692 (137082 bytes; live heap 524366505)
bitproof:693 (3168 bytes; live heap 522658058)
bitproof:694 (759455 bytes; live heap 504120438)
bitproof:695 (764504 bytes; live heap 473845714)
bitproof:696 (594331 bytes; live heap 450500752)
bitproof:697 (207921 bytes; live heap 426027052)
row-model:198 (152437 bytes; live heap 421219416)
row-model:199 (153360 bytes; live heap 420702665)
row-model:200 (151146 bytes; live heap 420053957)
row-model:201 (153299 bytes; live heap 420209695)
bitproof:698 (940189 bytes; live heap 394047817)
row-model:202 (165047 bytes; live heap 393962005)
bitproof:699 (138302 bytes; live heap 403979560)
bitproof:700 (136712 bytes; live heap 393845105)
bitproof:701 (4034 bytes; live heap 395643788)
bitproof:702 (3088 bytes; live heap 395896743)
bitproof:703 (136349 bytes; live heap 397338022)
bitproof:704 (265745 bytes; live heap 397636706)
bitproof:705 (3097 bytes; live heap 399446351)
bitproof:706 (136401 bytes; live heap 398083028)
bitproof:707 (96 bytes; live heap 397427489)
bitproof:708 (1109 bytes; live heap 397352740)
bitproof:709 (8827 bytes; live heap 397181306)
core:813 (602489 bytes; live heap 396242029)
core:814 (4022 bytes; live heap 393304613)
bitproof:710 (594259 bytes; live heap 386862346)
bitproof:711 (135 bytes; live heap 384242886)
core:815 (1433 bytes; live heap 384802623)
core:816 (162686 bytes; live heap 385548112)
core:817 (2818 bytes; live heap 385568816)
core:818 (528 bytes; live heap 386028035)
core:819 (985 bytes; live heap 387264382)
core:820 (7862 bytes; live heap 388217423)
bitproof:712 (594422 bytes; live heap 383195425)
row-model:203 (153317 bytes; live heap 383216603)
row-model:204 (153238 bytes; live heap 383303816)
core:821 (247332 bytes; live heap 381211118)
core:822 (62 bytes; live heap 381043605)
core:823 (1207 bytes; live heap 380995439)
core:824 (384 bytes; live heap 380966653)
core:825 (1921 bytes; live heap 380923342)
bitproof:713 (594340 bytes; live heap 372902433)
core:826 (4004 bytes; live heap 372762184)
core:827 (5247 bytes; live heap 372505814)
core:828 (1463 bytes; live heap 371828953)
core:829 (1244 bytes; live heap 370450298)
core:830 (2289 bytes; live heap 369679842)
core:831 (1498 bytes; live heap 368991600)
core:832 (387 bytes; live heap 368732299)
core:833 (1197 bytes; live heap 368297847)
core:834 (11417 bytes; live heap 368165283)
core:835 (2557 bytes; live heap 368057414)
core:836 (2037 bytes; live heap 366912462)
core:837 (1186 bytes; live heap 365889693)
core:838 (391 bytes; live heap 365581491)
core:839 (2266 bytes; live heap 364556044)
core:840 (4012 bytes; live heap 361100772)
core:841 (1747 bytes; live heap 358275148)
bitproof:714 (3094 bytes; live heap 358181124)
core:842 (12266 bytes; live heap 358104192)
bitproof:715 (143290 bytes; live heap 357738946)
bitproof:716 (12896 bytes; live heap 356592516)
bitproof:717 (96 bytes; live heap 356465877)
core:843 (71077 bytes; live heap 417190382)
core:844 (4001 bytes; live heap 413585785)
core:845 (4002 bytes; live heap 416833293)
core:846 (5697 bytes; live heap 414415719)
core:847 (607 bytes; live heap 412127368)
core:848 (981 bytes; live heap 404785592)
core:849 (2942 bytes; live heap 391478410)
core:850 (5249 bytes; live heap 369819822)
bitproof:718 (11821965 bytes; live heap 341760073)
core:851 (1030 bytes; live heap 341517493)
core:852 (2596 bytes; live heap 341276887)
core:853 (1206 bytes; live heap 341235988)
core:854 (599 bytes; live heap 341320245)
core:855 (1207 bytes; live heap 341468647)
bitproof:719 (134 bytes; live heap 322202104)
bitproof:720 (4053 bytes; live heap 321485701)
bitproof:721 (169212 bytes; live heap 320651037)
bitproof:722 (4135 bytes; live heap 318359710)
bitproof:723 (1550 bytes; live heap 317983332)
bitproof:724 (96 bytes; live heap 317684411)
bitproof:725 (138 bytes; live heap 317600748)
bitproof:726 (594424 bytes; live heap 311457240)
row-model:205 (155031 bytes; live heap 308433099)
row-model:206 (153240 bytes; live heap 308063071)
row-model:207 (153308 bytes; live heap 307709404)
bitproof:727 (144 bytes; live heap 301275580)
bitproof:728 (173 bytes; live heap 301172258)
bitproof:729 (8010 bytes; live heap 299262248)
bitproof:730 (3088 bytes; live heap 299158655)
bitproof:731 (398517 bytes; live heap 298990979)
bitproof:732 (178512 bytes; live heap 301403133)
bitproof:733 (105868 bytes; live heap 303823321)
bitproof:734 (132910 bytes; live heap 304458230)
lockfile:892 (2848456 bytes; live heap 300313838)
bitproof:735 (120 bytes; live heap 300834420)
bitproof:736 (144094 bytes; live heap 301846323)
certificate:456 (1493443 bytes; live heap 342811574)
certificate:457 (97909 bytes; live heap 354470217)
certificate:458 (93430 bytes; live heap 361894077)
certificate:459 (97912 bytes; live heap 369264880)
certificate:460 (149139 bytes; live heap 386368124)
bitproof:737 (11821965 bytes; live heap 315551511)
certificate:461 (97908 bytes; live heap 327152544)
row-model:208 (155041 bytes; live heap 351208284)
certificate:462 (96430 bytes; live heap 344034456)
certificate:463 (104273 bytes; live heap 342556781)
lockfile:893 (5548 bytes; live heap 316199605)
core:856 (401791 bytes; live heap 285930649)
core:857 (1735 bytes; live heap 283691533)
core:858 (1594 bytes; live heap 282666890)
core:859 (15247 bytes; live heap 282595793)
core:860 (4096 bytes; live heap 275029778)
certificate:464 (98447 bytes; live heap 274465713)
certificate:465 (96430 bytes; live heap 272828380)
core:861 (1920 bytes; live heap 272661182)
certificate:466 (154453 bytes; live heap 269193171)
core:862 (5409 bytes; live heap 268923062)
bitproof:738 (7295359 bytes; live heap 257366465)
core:863 (1923 bytes; live heap 258847574)
core:864 (435 bytes; live heap 258865959)
certificate:467 (93469 bytes; live heap 262659053)
certificate:468 (148557 bytes; live heap 263943102)
lockfile:894 (1382529 bytes; live heap 262368078)
certificate:469 (97908 bytes; live heap 266494309)
lockfile:895 (2939 bytes; live heap 263845888)
lockfile:896 (71877 bytes; live heap 264875362)
lockfile:897 (2382 bytes; live heap 264853777)
core:865 (22999 bytes; live heap 264748447)
lockfile:898 (2135 bytes; live heap 265005104)
lockfile:899 (205679 bytes; live heap 265870535)
core:866 (7948 bytes; live heap 266047620)
lockfile:900 (25541 bytes; live heap 266042720)
core:867 (384 bytes; live heap 266106201)
core:868 (862 bytes; live heap 266247913)
core:869 (548 bytes; live heap 266276461)
core:870 (597 bytes; live heap 266365729)
core:871 (1007 bytes; live heap 266390031)
core:872 (389 bytes; live heap 266414638)
core:873 (2788 bytes; live heap 267106013)
core:874 (201937 bytes; live heap 267803708)
core:875 (1888 bytes; live heap 268423741)
lockfile:901 (7708 bytes; live heap 268495844)
core:876 (2529 bytes; live heap 268878160)
lockfile:902 (3499 bytes; live heap 269055227)
core:877 (2924 bytes; live heap 269681015)
lockfile:903 (2389 bytes; live heap 269697799)
core:878 (2936 bytes; live heap 270134194)
lockfile:904 (2389 bytes; live heap 270129295)
core:879 (986 bytes; live heap 270491038)
core:880 (1867 bytes; live heap 270948780)
core:881 (1232 bytes; live heap 270989320)
core:882 (527 bytes; live heap 271022607)
core:883 (1451 bytes; live heap 271131860)
lockfile:905 (74576 bytes; live heap 271160259)
lockfile:906 (5933 bytes; live heap 271586105)
core:884 (2271 bytes; live heap 271809713)
core:885 (525 bytes; live heap 271959870)
core:886 (4014 bytes; live heap 272371479)
lockfile:907 (2372 bytes; live heap 272385300)
lockfile:908 (2955 bytes; live heap 272785572)
lockfile:909 (205672 bytes; live heap 274668552)
lockfile:910 (81340 bytes; live heap 276673788)
lockfile:911 (13731 bytes; live heap 279261479)
core:887 (992 bytes; live heap 279784007)
core:888 (1187 bytes; live heap 280206841)
core:889 (594 bytes; live heap 280662515)
core:890 (1199 bytes; live heap 280714515)
core:891 (1151 bytes; live heap 281696416)
core:892 (1461 bytes; live heap 282707464)
lockfile:912 (2166 bytes; live heap 283940959)
lockfile:913 (13044 bytes; live heap 284720132)
core:893 (2944 bytes; live heap 284927009)
row-model:209 (153307 bytes; live heap 285952493)
lockfile:914 (5426 bytes; live heap 286344965)
core:894 (1939 bytes; live heap 286536111)
core:895 (3090 bytes; live heap 289697826)
row-model:210 (353374 bytes; live heap 289667650)
lockfile:915 (2353 bytes; live heap 290448397)
core:896 (2440 bytes; live heap 290583292)
row-model:211 (153241 bytes; live heap 290251903)
core:897 (1507 bytes; live heap 289896111)
lockfile:916 (5686 bytes; live heap 289807704)
core:898 (1154 bytes; live heap 289644928)
row-model:212 (153300 bytes; live heap 289322437)
core:899 (1440 bytes; live heap 288421379)
lockfile:917 (25528 bytes; live heap 287953998)
core:900 (1516 bytes; live heap 286941480)
core:901 (1118 bytes; live heap 286179904)
core:902 (10997 bytes; live heap 286094183)
lockfile:918 (13119 bytes; live heap 283689080)
core:903 (4020 bytes; live heap 282922992)
core:904 (24589 bytes; live heap 279899159)
core:905 (1459 bytes; live heap 279795207)
lockfile:919 (13089 bytes; live heap 268081926)
core:906 (2140 bytes; live heap 268665972)
bitproof:739 (12539 bytes; live heap 269191668)
core:907 (2544 bytes; live heap 269208263)
bitproof:740 (141 bytes; live heap 269182775)
bitproof:741 (3105 bytes; live heap 269249596)
lockfile:920 (2422 bytes; live heap 269251589)
core:908 (2575 bytes; live heap 271571255)
lockfile:921 (100251 bytes; live heap 279793235)
lockfile:922 (25538 bytes; live heap 285748043)
bitproof:742 (759457 bytes; live heap 285147501)
lockfile:923 (25312 bytes; live heap 286335913)
lockfile:924 (2942 bytes; live heap 289830384)
lockfile:925 (2277 bytes; live heap 290474411)
bitproof:743 (5998 bytes; live heap 299251407)
bitproof:744 (133 bytes; live heap 299423346)
bitproof:745 (141943 bytes; live heap 300261999)
bitproof:746 (1130 bytes; live heap 300933269)
bitproof:747 (142259 bytes; live heap 302130565)
bitproof:748 (134 bytes; live heap 302453921)
bitproof:749 (6252 bytes; live heap 302590283)
bitproof:750 (132932 bytes; live heap 303340885)
bitproof:751 (23090 bytes; live heap 307077289)
bitproof:752 (3052 bytes; live heap 308165072)
row-model:213 (153366 bytes; live heap 352817338)
bitproof:753 (9019896 bytes; live heap 340413465)
lockfile:926 (1025448 bytes; live heap 345644117)
lockfile:927 (2978 bytes; live heap 357508911)
lockfile:928 (225532 bytes; live heap 358634554)
lockfile:929 (10730 bytes; live heap 368782196)
lockfile:930 (5591 bytes; live heap 369812776)
lockfile:931 (2379 bytes; live heap 369456260)
lockfile:932 (2939 bytes; live heap 369231476)
lockfile:933 (25528 bytes; live heap 368704360)
bitproof:754 (145 bytes; live heap 324637589)
bitproof:755 (130 bytes; live heap 324621408)
bitproof:756 (133 bytes; live heap 324570206)
bitproof:757 (12525 bytes; live heap 324248721)
lockfile:934 (2902 bytes; live heap 325133980)
bitproof:758 (265757 bytes; live heap 323920733)
lockfile:935 (5781 bytes; live heap 323523318)
lockfile:936 (15680 bytes; live heap 324715649)
lockfile:937 (2929 bytes; live heap 328635877)
lockfile:938 (2407 bytes; live heap 329921861)
lockfile:939 (13003 bytes; live heap 328307623)
lockfile:940 (5678 bytes; live heap 324796078)
bitproof:759 (759450 bytes; live heap 322788825)
lockfile:941 (13030 bytes; live heap 322763701)
lockfile:942 (2984 bytes; live heap 322976941)
lockfile:943 (2897 bytes; live heap 322754314)
lockfile:944 (25529 bytes; live heap 322622506)
bitproof:760 (782 bytes; live heap 319336766)
bitproof:761 (159 bytes; live heap 319314330)
bitproof:762 (1111 bytes; live heap 319289652)
bitproof:763 (3832 bytes; live heap 319250447)
bitproof:764 (8838 bytes; live heap 319086707)
bitproof:765 (134 bytes; live heap 318874558)
lockfile:945 (81340 bytes; live heap 320826433)
lockfile:946 (25655 bytes; live heap 322989030)
bitproof:766 (759740 bytes; live heap 314712281)
lockfile:947 (13097 bytes; live heap 314366913)
lockfile:948 (25547 bytes; live heap 310815541)
lockfile:949 (2915 bytes; live heap 314262165)
lockfile:950 (12991 bytes; live heap 313946299)
row-model:214 (153373 bytes; live heap 314471361)
row-model:215 (155481 bytes; live heap 314534058)
row-model:216 (153382 bytes; live heap 313924779)
lockfile:951 (5671 bytes; live heap 313615993)
row-model:217 (153300 bytes; live heap 313139350)
lockfile:952 (2369 bytes; live heap 311309365)
lockfile:953 (13130 bytes; live heap 310197991)
lockfile:954 (43339 bytes; live heap 304667457)
lockfile:955 (2904 bytes; live heap 300620068)
lockfile:956 (13130 bytes; live heap 299591962)
lockfile:957 (202934 bytes; live heap 291796961)
lockfile:958 (225535 bytes; live heap 269217479)
lockfile:959 (2383 bytes; live heap 259840328)
lockfile:960 (5648 bytes; live heap 258086169)
lockfile:961 (25416 bytes; live heap 255853413)
lockfile:962 (25531 bytes; live heap 247521731)
lockfile:963 (2935 bytes; live heap 243200378)
lockfile:964 (5655 bytes; live heap 240463991)
lockfile:965 (5779 bytes; live heap 236150766)
lockfile:966 (2378 bytes; live heap 232452330)
core:909 (1402881 bytes; live heap 228260185)
logic:808 (3183591 bytes; live heap 225707178)
logic:809 (643 bytes; live heap 221734969)
logic:810 (1594 bytes; live heap 221816210)
logic:811 (6410 bytes; live heap 221810693)
logic:812 (1645 bytes; live heap 221872326)
logic:813 (4265 bytes; live heap 222176360)
logic:814 (3130 bytes; live heap 222411161)
logic:815 (1717 bytes; live heap 222168890)
logic:816 (1035 bytes; live heap 222114927)
logic:817 (29769 bytes; live heap 222142479)
logic:818 (338 bytes; live heap 222025728)
logic:819 (2522 bytes; live heap 222820686)
logic:820 (3492 bytes; live heap 222789943)
logic:821 (2348 bytes; live heap 222656923)
logic:822 (1786 bytes; live heap 222485489)
logic:823 (67523 bytes; live heap 222649568)
bitproof:767 (2504417 bytes; live heap 229450213)
row-model:218 (153301 bytes; live heap 234718187)
row-model:219 (353299 bytes; live heap 240219564)
logic:824 (346233 bytes; live heap 230681534)
bitproof:768 (120 bytes; live heap 212990336)
logic:825 (805 bytes; live heap 208884084)
logic:826 (540 bytes; live heap 208885329)
logic:827 (862 bytes; live heap 208880699)
logic:828 (5239 bytes; live heap 208887731)
logic:829 (3805 bytes; live heap 209882740)
logic:830 (278 bytes; live heap 209145695)
logic:831 (342 bytes; live heap 208820071)
logic:832 (1451 bytes; live heap 208816524)
logic:833 (935 bytes; live heap 201463117)
core:910 (985 bytes; live heap 199416925)
core:911 (1942 bytes; live heap 199643551)
core:912 (528 bytes; live heap 199539609)
core:913 (641 bytes; live heap 199526604)
logic:834 (32857 bytes; live heap 199293716)
logic:835 (1554 bytes; live heap 199368766)
logic:836 (1705 bytes; live heap 199511122)
logic:837 (2614 bytes; live heap 199829949)
logic:838 (521 bytes; live heap 199818363)
logic:839 (1307 bytes; live heap 200116839)
logic:840 (238 bytes; live heap 200387245)
logic:841 (808 bytes; live heap 200396472)
logic:842 (2399 bytes; live heap 200423109)
logic:843 (5200 bytes; live heap 200489195)
bitproof:769 (132929 bytes; live heap 210776777)
bitproof:770 (1552 bytes; live heap 212205717)
bitproof:771 (135 bytes; live heap 212261802)
row-model:220 (153299 bytes; live heap 215672672)
bitproof:772 (132920 bytes; live heap 211660602)
bitproof:773 (594329 bytes; live heap 208177213)
bitproof:774 (8861 bytes; live heap 201832641)
bitproof:775 (884 bytes; live heap 201811007)
bitproof:776 (759466 bytes; live heap 202541214)
logic:844 (200223 bytes; live heap 193321312)
bitproof:777 (4034 bytes; live heap 191581301)
bitproof:778 (136712 bytes; live heap 191339746)
logic:845 (4567 bytes; live heap 191221041)
logic:846 (1931 bytes; live heap 191096945)
logic:847 (9427 bytes; live heap 190363374)
bitproof:779 (3096 bytes; live heap 190238927)
bitproof:780 (132 bytes; live heap 190152989)
bitproof:781 (136745 bytes; live heap 189923718)
logic:848 (556 bytes; live heap 190358575)
logic:849 (4076 bytes; live heap 191467346)
logic:850 (2557 bytes; live heap 192644507)
logic:851 (194944 bytes; live heap 193207104)
logic:852 (2168 bytes; live heap 191525756)
logic:853 (1292 bytes; live heap 188974560)
logic:854 (1801 bytes; live heap 188276135)
logic:855 (2713 bytes; live heap 186970350)
bitproof:782 (594337 bytes; live heap 185916473)
logic:856 (75504 bytes; live heap 185233183)
logic:857 (125382 bytes; live heap 185252660)
logic:858 (1625 bytes; live heap 184641931)
logic:859 (6156 bytes; live heap 184387267)
logic:860 (1333 bytes; live heap 184313259)
logic:861 (3165 bytes; live heap 183806798)
bitproof:783 (136710 bytes; live heap 180396955)
logic:862 (8085 bytes; live heap 180289765)
logic:863 (2185 bytes; live heap 180883463)
logic:864 (6 bytes; live heap 180951727)
logic:865 (2544 bytes; live heap 181525107)
logic:866 (2059 bytes; live heap 181523779)
logic:867 (1177 bytes; live heap 181789082)
logic:868 (3606 bytes; live heap 182013395)
logic:869 (357 bytes; live heap 182201568)
logic:870 (359 bytes; live heap 182316472)
logic:871 (1120 bytes; live heap 182327692)
logic:872 (373 bytes; live heap 182436245)
logic:873 (698 bytes; live heap 182589011)
logic:874 (1850 bytes; live heap 182230406)
logic:875 (987 bytes; live heap 182137605)
row-model:221 (87089 bytes; live heap 181271683)
logic:876 (6086 bytes; live heap 180762316)
logic:877 (152265 bytes; live heap 180645127)
row-model:222 (153302 bytes; live heap 179718884)
row-model:223 (153308 bytes; live heap 179115258)
row-model:224 (153299 bytes; live heap 178453649)
logic:878 (28630 bytes; live heap 173474137)
bitproof:784 (759470 bytes; live heap 170649635)
logic:879 (8119 bytes; live heap 170423453)
bitproof:785 (136709 bytes; live heap 168681555)
core:914 (400582 bytes; live heap 168302074)
core:915 (984 bytes; live heap 167208087)
core:916 (1481 bytes; live heap 164380603)
core:917 (1866 bytes; live heap 164189983)
bitproof:786 (593741 bytes; live heap 161366177)
core:918 (4022 bytes; live heap 161119867)
core:919 (391 bytes; live heap 161078857)
core:920 (1002 bytes; live heap 160854508)
core:921 (2240 bytes; live heap 160857922)
core:922 (402 bytes; live heap 160641297)
core:923 (531 bytes; live heap 161517827)
core:924 (4020 bytes; live heap 161593755)
core:925 (1150 bytes; live heap 161662965)
core:926 (984 bytes; live heap 161769442)
core:927 (2535 bytes; live heap 161758860)
core:928 (2 bytes; live heap 161351853)
lockfile:967 (326928 bytes; live heap 161713755)
bitproof:787 (759567 bytes; live heap 157346241)
lockfile:968 (2382 bytes; live heap 146173815)
lockfile:969 (6487 bytes; live heap 145877219)
lockfile:970 (25540 bytes; live heap 146001869)
bitproof:788 (145 bytes; live heap 142824455)
lockfile:971 (13119 bytes; live heap 141551524)
bitproof:789 (1565 bytes; live heap 141468616)
bitproof:790 (8829 bytes; live heap 141380413)
bitproof:791 (2119 bytes; live heap 141261844)
bitproof:792 (96950 bytes; live heap 141090970)
lockfile:972 (2338 bytes; live heap 141566717)
bitproof:793 (143276 bytes; live heap 140531887)
lockfile:973 (5678 bytes; live heap 140490850)
lockfile:974 (2371 bytes; live heap 142677694)
logic:880 (2061824 bytes; live heap 141804686)
lockfile:975 (13254 bytes; live heap 142287486)
lockfile:976 (2989 bytes; live heap 143529275)
lockfile:977 (25791 bytes; live heap 144064041)
lockfile:978 (295056 bytes; live heap 146916715)
lockfile:979 (2346 bytes; live heap 146569305)
lockfile:980 (29596 bytes; live heap 146685212)
logic:881 (1468 bytes; live heap 146364473)
logic:882 (449 bytes; live heap 146562191)
logic:883 (5997 bytes; live heap 147630473)
logic:884 (1928 bytes; live heap 147852430)
logic:885 (3066 bytes; live heap 148744019)
logic:886 (260 bytes; live heap 148817751)
logic:887 (1545 bytes; live heap 148873209)
logic:888 (539 bytes; live heap 148947475)
logic:889 (536 bytes; live heap 149209927)
logic:890 (2425 bytes; live heap 149493454)
logic:891 (1000 bytes; live heap 149896100)
logic:892 (870 bytes; live heap 150596109)
lockfile:981 (13047 bytes; live heap 150917948)
logic:893 (2751 bytes; live heap 151729416)
logic:894 (2464 bytes; live heap 153307502)
logic:895 (1473 bytes; live heap 153832470)
logic:896 (10705 bytes; live heap 156241712)
logic:897 (519 bytes; live heap 156062812)
logic:898 (7632 bytes; live heap 155506856)
lockfile:982 (50876 bytes; live heap 155094622)
row-model:225 (155031 bytes; live heap 155025024)
lockfile:983 (2340 bytes; live heap 154721891)
logic:899 (10622 bytes; live heap 154273066)
lockfile:984 (2371 bytes; live heap 154215693)
logic:900 (1974 bytes; live heap 154052714)
logic:901 (358 bytes; live heap 154076232)
lockfile:985 (5646 bytes; live heap 154067577)
logic:902 (3690 bytes; live heap 154272268)
lockfile:986 (5933 bytes; live heap 154322018)
logic:903 (712 bytes; live heap 154396150)
logic:904 (3899 bytes; live heap 154463252)
logic:905 (2463 bytes; live heap 154471352)
lockfile:987 (2036 bytes; live heap 154740643)
lockfile:988 (25922 bytes; live heap 155269022)
lockfile:989 (2407 bytes; live heap 156924927)
lockfile:990 (2814 bytes; live heap 156751336)
lockfile:991 (25528 bytes; live heap 157027503)
logic:906 (18233 bytes; live heap 157028733)
lockfile:992 (2370 bytes; live heap 158739092)
lockfile:993 (25548 bytes; live heap 160582424)
lockfile:994 (13188 bytes; live heap 163081591)
lockfile:995 (2919 bytes; live heap 164742991)
lockfile:996 (5617 bytes; live heap 166175958)
bitproof:794 (780223 bytes; live heap 165884611)
lockfile:997 (2940 bytes; live heap 166690598)
lockfile:998 (5617 bytes; live heap 167998211)
lockfile:999 (6035 bytes; live heap 170376245)
lockfile: 1000 cases in 13.695917334s; 19 mutants accepted; slowest seed 16.103916ms; slowest case 131 339.414ms; largest heap case 131 90729943 bytes
     197 invalid knowledge object: data did not match any variant of 
      48 /var/folders/jh/p03z0_b15js0x_4c67zgnf140000gn/T/ink-hardeni
      35 knowledge file exceeds size limit
      34 incompatible knowledge semantics
      30 unsupported knowledge lock
      26 invalid proof library object: invalid type: map, expected a 
      26 invalid proof library object: invalid type: sequence, expect
      24 invalid knowledge identity
      20 incompatible proof library semantics
      19 invalid proof library object: expected value at line 1 colum
      18 unsupported proof library lock
      16 duplicate proof library root
      15 invalid type: sequence, expected a string at line 1 column 1
      14 invalid knowledge object: expected `,` or `}` at line 1 colu
      13 invalid knowledge object: recursion limit exceeded at line 1
      11 knowledge content hash mismatch
       9 induction branch proves a different statement
       9 invalid knowledge object: expected `,` or `]` at line 1 colu
       9 proof library content hash mismatch
       9 recursive parameter must be an inductive datatype
       8 invalid type: map, expected a sequence at line 1 column 11
       8 logic argument count mismatch
       7 control character (\u0000-\u001F) found while parsing a stri
       7 invalid knowledge object: key must be a string at line 1 col
       7 invalid value: integer `-1`, expected u32 at line 1 column 1
test fuzz_lockfiles ... ok
bitproof:795 (74998 bytes; live heap 201392853)
bitproof:796 (760371 bytes; live heap 219027170)
bitproof:797 (143277 bytes; live heap 226227271)
bitproof:798 (3201 bytes; live heap 228997543)
bitproof:799 (120 bytes; live heap 230869911)
bitproof:800 (28826 bytes; live heap 232669801)
bitproof:801 (3834 bytes; live heap 232878848)
bitproof:802 (135 bytes; live heap 232806075)
row-model:226 (153307 bytes; live heap 212590661)
row-model:227 (153307 bytes; live heap 212281493)
row-model:228 (153322 bytes; live heap 212017900)
row-model:229 (155047 bytes; live heap 211848550)
bitproof:803 (780191 bytes; live heap 205851674)
bitproof:804 (8866 bytes; live heap 183588714)
bitproof:805 (594330 bytes; live heap 172171050)
bitproof:806 (134 bytes; live heap 165425193)
bitproof:807 (398516 bytes; live heap 164276695)
bitproof:808 (96 bytes; live heap 162785732)
core:929 (1421201 bytes; live heap 160535732)
bitproof:809 (769755 bytes; live heap 149642429)
core:930 (30107 bytes; live heap 137933214)
bitproof:810 (75009 bytes; live heap 137140621)
core:931 (4019 bytes; live heap 136805634)
certificate:470 (2643575 bytes; live heap 136965614)
certificate:471 (97910 bytes; live heap 133963786)
certificate:472 (97916 bytes; live heap 133441070)
core:932 (1876 bytes; live heap 130013793)
logic:907 (2518793 bytes; live heap 132552048)
bitproof:811 (793527 bytes; live heap 132388946)
row-model:230 (153246 bytes; live heap 135770905)
row-model:231 (153309 bytes; live heap 136965004)
row-model:232 (153322 bytes; live heap 137970675)
bitproof:812 (75009 bytes; live heap 148752918)
bitproof:813 (134 bytes; live heap 150803854)
logic:908 (2499 bytes; live heap 268219776)
logic:909 (3990 bytes; live heap 270287634)
logic:910 (355 bytes; live heap 271120610)
logic:911 (1453 bytes; live heap 271570594)
logic:912 (151688 bytes; live heap 300608961)
logic:913 (2321 bytes; live heap 299024886)
row-model:233 (148105 bytes; live heap 298610844)
logic:914 (717 bytes; live heap 297985445)
logic:915 (13322 bytes; live heap 297773751)
row-model:234 (67298 bytes; live heap 297507366)
row-model:235 (153300 bytes; live heap 297087102)
bitproof:814 (8214717 bytes; live heap 292058306)
logic:916 (1340348 bytes; live heap 297241861)
logic:917 (4811 bytes; live heap 298702087)
logic:918 (1551 bytes; live heap 300540109)
logic:919 (1893 bytes; live heap 300708861)
logic:920 (3519 bytes; live heap 301557183)
logic:921 (606 bytes; live heap 302022151)
logic:922 (202455 bytes; live heap 303506472)
logic:923 (204865 bytes; live heap 304207055)
logic:924 (424 bytes; live heap 304193548)
logic:925 (5980 bytes; live heap 305001051)
logic:926 (41404 bytes; live heap 311295958)
logic:927 (2151 bytes; live heap 311442920)
logic:928 (2628 bytes; live heap 311474321)
logic:929 (690 bytes; live heap 311535278)
logic:930 (2789 bytes; live heap 311682595)
certificate:473 (2738935 bytes; live heap 331290619)
certificate:474 (93822 bytes; live heap 322941677)
row-model:236 (153299 bytes; live heap 316740881)
bitproof:815 (760105 bytes; live heap 308801439)
bitproof:816 (3052 bytes; live heap 309115065)
bitproof:817 (3111 bytes; live heap 309372552)
bitproof:818 (120 bytes; live heap 309242197)
certificate:475 (97911 bytes; live heap 311346284)
bitproof:819 (11821520 bytes; live heap 330873506)
certificate:476 (98978 bytes; live heap 334253894)
certificate:477 (459 bytes; live heap 334950257)
certificate:478 (209127 bytes; live heap 338056109)
certificate:479 (73091 bytes; live heap 340010247)
certificate:480 (93463 bytes; live heap 340911629)
row-model:237 (153299 bytes; live heap 317239751)
bitproof:820 (595252 bytes; live heap 321124123)
certificate:481 (155977 bytes; live heap 321900697)
bitproof:821 (1117 bytes; live heap 319856812)
bitproof:822 (137 bytes; live heap 319841164)
bitproof:823 (1628 bytes; live heap 319813643)
bitproof:824 (134 bytes; live heap 319811371)
bitproof:825 (29869 bytes; live heap 319691451)
logic:931 (1300629 bytes; live heap 316624033)
bitproof:826 (3126 bytes; live heap 316551471)
bitproof:827 (142475 bytes; live heap 317137564)
certificate:482 (94252 bytes; live heap 328002214)
certificate:483 (150685 bytes; live heap 330067358)
certificate:484 (148549 bytes; live heap 333173517)
bitproof:828 (740211 bytes; live heap 324956348)
logic:932 (2241 bytes; live heap 319318836)
logic:933 (3646 bytes; live heap 319215963)
logic:934 (1353 bytes; live heap 319344612)
certificate:485 (93600 bytes; live heap 319049110)
logic:935 (405470 bytes; live heap 318832788)
logic:936 (1451 bytes; live heap 318200471)
logic:937 (1487 bytes; live heap 318136502)
logic:938 (206149 bytes; live heap 316700691)
certificate:486 (97916 bytes; live heap 315666945)
bitproof:829 (137661 bytes; live heap 315870404)
logic:939 (5981 bytes; live heap 315735861)
certificate:487 (448 bytes; live heap 315623870)
certificate:488 (97918 bytes; live heap 316223817)
logic:940 (4369 bytes; live heap 320294332)
logic:941 (3166 bytes; live heap 322887750)
certificate:489 (148546 bytes; live heap 323011865)
logic:942 (2010 bytes; live heap 326900693)
logic:943 (2555 bytes; live heap 328528312)
logic:944 (2365 bytes; live heap 330056465)
logic:945 (1111 bytes; live heap 330354464)
logic:946 (2296 bytes; live heap 330741375)
row-model:238 (153326 bytes; live heap 349148105)
bitproof:830 (7860623 bytes; live heap 350070192)
certificate:490 (98484 bytes; live heap 351034448)
row-model:239 (153299 bytes; live heap 360517402)
certificate:491 (469 bytes; live heap 381737645)
certificate:492 (149146 bytes; live heap 385977004)
certificate:493 (448 bytes; live heap 386772806)
certificate:494 (149063 bytes; live heap 393299905)
certificate:495 (148565 bytes; live heap 395983649)
certificate:496 (155954 bytes; live heap 411854174)
certificate:497 (97963 bytes; live heap 393811607)
certificate:498 (93519 bytes; live heap 381518631)
bitproof:831 (594328 bytes; live heap 380765939)
bitproof:832 (74994 bytes; live heap 383866340)
bitproof:833 (594333 bytes; live heap 388075009)
certificate:499 (96434 bytes; live heap 391384600)
bitproof:834 (1328153 bytes; live heap 402496559)
row-model:240 (152270 bytes; live heap 418114083)
row-model:241 (153299 bytes; live heap 419366263)
certificate:500 (148565 bytes; live heap 428500561)
bitproof:835 (804175 bytes; live heap 438064580)
logic:947 (2541182 bytes; live heap 444028210)
logic:948 (131 bytes; live heap 440986818)
logic:949 (429 bytes; live heap 441234612)
logic:950 (2908 bytes; live heap 441761606)
logic:951 (15846 bytes; live heap 446763746)
logic:952 (1428 bytes; live heap 446909932)
logic:953 (1597 bytes; live heap 447060421)
logic:954 (204003 bytes; live heap 447741612)
bitproof:836 (75008 bytes; live heap 454262249)
certificate:501 (98883 bytes; live heap 455691811)
bitproof:837 (26132 bytes; live heap 455301630)
certificate:502 (163395 bytes; live heap 516583150)
certificate:503 (93218 bytes; live heap 523364107)
row-model:242 (153307 bytes; live heap 553739624)
row-model:243 (155070 bytes; live heap 554634879)
certificate:504 (296653 bytes; live heap 561688378)
certificate:505 (92254 bytes; live heap 565921875)
certificate:506 (164467 bytes; live heap 567557151)
certificate:507 (97882 bytes; live heap 541765443)
bitproof:838 (7859612 bytes; live heap 529893674)
certificate:508 (98484 bytes; live heap 530329575)
certificate:509 (154467 bytes; live heap 556734332)
certificate:510 (149135 bytes; live heap 556503069)
certificate:511 (97973 bytes; live heap 556155254)
certificate:512 (98484 bytes; live heap 556041595)
certificate:513 (302786 bytes; live heap 555024319)
logic:955 (2467124 bytes; live heap 512670390)
bitproof:839 (12851 bytes; live heap 511688631)
bitproof:840 (132914 bytes; live heap 512051362)
bitproof:841 (4135 bytes; live heap 510799626)
bitproof:842 (2979 bytes; live heap 510689780)
bitproof:843 (173 bytes; live heap 510508344)
certificate:514 (149108 bytes; live heap 512080939)
certificate:515 (98482 bytes; live heap 515655200)
row-model:244 (153290 bytes; live heap 523913403)
row-model:245 (155048 bytes; live heap 523031200)
logic:956 (3370 bytes; live heap 514006872)
logic:957 (1648 bytes; live heap 513879546)
logic:958 (3936 bytes; live heap 512760402)
logic:959 (16389 bytes; live heap 510418740)
logic:960 (1988 bytes; live heap 507643894)
logic:961 (2273 bytes; live heap 506900870)
logic:962 (352 bytes; live heap 506645921)
logic:963 (421 bytes; live heap 506193701)
logic:964 (445 bytes; live heap 505961841)
logic:965 (1868 bytes; live heap 504850440)
logic:966 (1771 bytes; live heap 504604645)
logic:967 (145 bytes; live heap 504122865)
logic:968 (708 bytes; live heap 503760013)
logic:969 (2375 bytes; live heap 503422788)
logic:970 (7975 bytes; live heap 500447831)
logic:971 (4966 bytes; live heap 499016208)
logic:972 (1063 bytes; live heap 498312014)
logic:973 (3478 bytes; live heap 497655589)
logic:974 (2644 bytes; live heap 496688176)
logic:975 (1764 bytes; live heap 495093878)
logic:976 (2480 bytes; live heap 493368537)
logic:977 (2273 bytes; live heap 493002381)
certificate:516 (100515 bytes; live heap 488665314)
bitproof:844 (740132 bytes; live heap 487753498)
certificate:517 (93455 bytes; live heap 487679479)
logic:978 (17593 bytes; live heap 486500406)
logic:979 (7177 bytes; live heap 486289319)
logic:980 (2893 bytes; live heap 485592787)
logic:981 (9906 bytes; live heap 483224696)
logic:982 (1781 bytes; live heap 482976279)
logic:983 (2526 bytes; live heap 482570100)
bitproof:845 (135 bytes; live heap 479450492)
bitproof:846 (96 bytes; live heap 479405658)
logic:984 (1208 bytes; live heap 480047869)
logic:985 (751 bytes; live heap 480655934)
logic:986 (2850 bytes; live heap 485265412)
bitproof:847 (1195328 bytes; live heap 480886904)
logic:987 (60791 bytes; live heap 474278882)
certificate:518 (486 bytes; live heap 471704648)
bitproof:848 (8850 bytes; live heap 471794636)
bitproof:849 (169 bytes; live heap 471791912)
certificate:519 (149121 bytes; live heap 475945846)
certificate:520 (97917 bytes; live heap 472853338)
logic:988 (3320 bytes; live heap 470788002)
certificate:521 (104265 bytes; live heap 470761657)
logic:989 (605 bytes; live heap 469029517)
logic:990 (2669 bytes; live heap 466182205)
bitproof:850 (759453 bytes; live heap 466002764)
logic:991 (244 bytes; live heap 465964053)
logic:992 (2118 bytes; live heap 465880103)
logic:993 (28348 bytes; live heap 465842360)
bitproof:851 (3168 bytes; live heap 461945144)
bitproof:852 (999047 bytes; live heap 461682988)
certificate:522 (154467 bytes; live heap 462210738)
certificate:523 (477 bytes; live heap 460037584)
certificate:524 (1036 bytes; live heap 459339715)
certificate:525 (449 bytes; live heap 459236727)
certificate:526 (98485 bytes; live heap 458923216)
certificate:527 (154531 bytes; live heap 458455254)
row-model:246 (153300 bytes; live heap 459020643)
certificate:528 (159163 bytes; live heap 458578568)
certificate:529 (149130 bytes; live heap 456741709)
bitproof:853 (40130 bytes; live heap 457087864)
bitproof:854 (145 bytes; live heap 457143488)
bitproof:855 (1195328 bytes; live heap 452631162)
bitproof:856 (593837 bytes; live heap 443674891)
bitproof:857 (158 bytes; live heap 433935160)
bitproof:858 (112 bytes; live heap 433875969)
bitproof:859 (133 bytes; live heap 433844846)
bitproof:860 (3798 bytes; live heap 433696054)
bitproof:861 (145 bytes; live heap 433622912)
bitproof:862 (132927 bytes; live heap 433710296)
bitproof:863 (173 bytes; live heap 433128930)
bitproof:864 (96 bytes; live heap 433102024)
bitproof:865 (3089 bytes; live heap 433075092)
bitproof:866 (120 bytes; live heap 433039647)
bitproof:867 (202577 bytes; live heap 433192119)
bitproof:868 (1043717 bytes; live heap 430322575)
bitproof:869 (4103 bytes; live heap 432030517)
certificate:530 (98523 bytes; live heap 461464388)
certificate:531 (93462 bytes; live heap 462828896)
logic:994 (391386 bytes; live heap 483951087)
certificate:532 (94275 bytes; live heap 483222137)
certificate:533 (93332 bytes; live heap 469172855)
logic:995 (1135 bytes; live heap 455027515)
row-model:247 (215408 bytes; live heap 452700881)
bitproof:870 (8138108 bytes; live heap 401101145)
certificate:534 (98484 bytes; live heap 401074334)
bitproof:871 (759742 bytes; live heap 384173963)
row-model:248 (155047 bytes; live heap 384533779)
logic:996 (391390 bytes; live heap 399978915)
logic:997 (1374 bytes; live heap 401295858)
logic:998 (605 bytes; live heap 401607769)
logic:999 (46346 bytes; live heap 407498778)
logic: 1000 cases in 11.561963375s; 68 mutants accepted; slowest seed 188.144417ms; slowest case 394 142.616167ms; largest heap case 499 8130822 bytes
      56 undeclared logic import
      43 duplicate logic identity
      25 logic argument count mismatch
      24 invalid type: sequence, expected a string at line 1 column 1
      22 unknown constructor
      14 logic argument type mismatch
      14 recursive parameter must be an inductive datatype
      14 unbound logic variable
      12 unknown or undeclared logic entry
      10 constructor field count mismatch
      10 control character (\u0000-\u001F) found while parsing a stri
      10 invalid value: integer `-1`, expected usize at line 1 column
       9 invalid type: sequence, expected a string at line 1 column 2
       8 bit proof hint is not unit or conflicting
       8 invalid type: sequence, expected a string at line 1 column 4
       7 invalid type: sequence, expected a string at line 1 column 3
       6 invalid type: sequence, expected a string at line 1 column 5
       6 unknown logic hypothesis
       5 invalid datatype constructor
       5 invalid length 1, expected a tuple of size 2 at line 1 colum
       5 invalid value: integer `-9223372036854775808`, expected usiz
       5 match must cover every constructor
       4 invalid type: sequence, expected a string at line 1 column 6
       4 invalid type: sequence, expected a string at line 1 column 7
       4 invalid value: integer `-1`, expected u32 at line 1 column 2
bitproof:872 (740167 bytes; live heap 383270806)
bitproof:873 (8825 bytes; live heap 351828509)
row-model:249 (153299 bytes; live heap 317643240)
test fuzz_logic_objects ... ok
bitproof:874 (763132 bytes; live heap 255947633)
bitproof:875 (50614 bytes; live heap 251734838)
bitproof:876 (1328153 bytes; live heap 249223890)
bitproof:877 (120 bytes; live heap 244416783)
bitproof:878 (6030 bytes; live heap 242720963)
bitproof:879 (8829 bytes; live heap 242541191)
row-model:250 (152633 bytes; live heap 246947645)
row-model:251 (153307 bytes; live heap 247479059)
row-model:252 (153172 bytes; live heap 245979914)
row-model:253 (153299 bytes; live heap 245359546)
bitproof:880 (593890 bytes; live heap 245846813)
bitproof:881 (4073 bytes; live heap 250627534)
bitproof:882 (132 bytes; live heap 250781747)
bitproof:883 (759476 bytes; live heap 264789269)
bitproof:884 (178 bytes; live heap 274435796)
bitproof:885 (788371 bytes; live heap 289595268)
bitproof:886 (132925 bytes; live heap 298693465)
bitproof:887 (8834 bytes; live heap 299578642)
bitproof:888 (10131 bytes; live heap 299820826)
bitproof:889 (1110 bytes; live heap 299910996)
bitproof:890 (1113 bytes; live heap 300024459)
bitproof:891 (3088 bytes; live heap 300240874)
bitproof:892 (759458 bytes; live heap 304975413)
bitproof:893 (1587 bytes; live heap 305590810)
bitproof:894 (137953 bytes; live heap 305815094)
row-model:254 (153232 bytes; live heap 307348438)
bitproof:895 (759610 bytes; live heap 304255928)
bitproof:896 (633840 bytes; live heap 293535026)
row-model:255 (155037 bytes; live heap 298761642)
bitproof:897 (442340 bytes; live heap 284707406)
bitproof:898 (102513 bytes; live heap 283460542)
bitproof:899 (132916 bytes; live heap 283344392)
bitproof:900 (134 bytes; live heap 282536841)
bitproof:901 (136707 bytes; live heap 282642450)
bitproof:902 (74718 bytes; live heap 281878531)
bitproof:903 (212 bytes; live heap 280969610)
bitproof:904 (132914 bytes; live heap 280841436)
bitproof:905 (3832 bytes; live heap 279318205)
bitproof:906 (182380 bytes; live heap 277796523)
bitproof:907 (144347 bytes; live heap 276273375)
bitproof:908 (796949 bytes; live heap 239433080)
bitproof:909 (594267 bytes; live heap 228764442)
bitproof:910 (934 bytes; live heap 217150252)
bitproof:911 (135833 bytes; live heap 217146835)
bitproof:912 (594329 bytes; live heap 215540026)
certificate:535 (1698464 bytes; live heap 207484666)
certificate:536 (449 bytes; live heap 205663827)
certificate:537 (98503 bytes; live heap 205700629)
certificate:538 (297917 bytes; live heap 205578161)
row-model:256 (353294 bytes; live heap 204501227)
bitproof:913 (45424 bytes; live heap 204426195)
certificate:539 (148558 bytes; live heap 204648953)
bitproof:914 (594333 bytes; live heap 203690133)
bitproof:915 (96 bytes; live heap 192469581)
certificate:540 (480 bytes; live heap 194733067)
certificate:541 (97908 bytes; live heap 195316291)
bitproof:916 (759455 bytes; live heap 186866397)
certificate:542 (148549 bytes; live heap 177164025)
bitproof:917 (594345 bytes; live heap 174807260)
certificate:543 (476 bytes; live heap 174316694)
certificate:544 (98354 bytes; live heap 173730549)
certificate:545 (450 bytes; live heap 173410268)
certificate:546 (93450 bytes; live heap 173110630)
bitproof:918 (173 bytes; live heap 172795460)
bitproof:919 (265755 bytes; live heap 173491719)
bitproof:920 (134 bytes; live heap 175875017)
row-model:257 (155047 bytes; live heap 240552867)
bitproof:921 (7861637 bytes; live heap 142784369)
row-model:258 (153314 bytes; live heap 154121343)
row-model:259 (153299 bytes; live heap 153848514)
bitproof:922 (74995 bytes; live heap 100684469)
bitproof:923 (74698 bytes; live heap 100313118)
bitproof:924 (164 bytes; live heap 99637003)
bitproof:925 (75004 bytes; live heap 99042565)
bitproof:926 (9334 bytes; live heap 98149449)
bitproof:927 (167 bytes; live heap 97925303)
row-model:260 (152621 bytes; live heap 85983550)
row-model:261 (153299 bytes; live heap 85862187)
bitproof:928 (780173 bytes; live heap 55992822)
certificate:547 (438412 bytes; live heap 48419881)
certificate:548 (96431 bytes; live heap 41298577)
certificate:549 (98484 bytes; live heap 41067925)
certificate:550 (93461 bytes; live heap 40937355)
bitproof:929 (1608 bytes; live heap 29754757)
core:933 (3616852 bytes; live heap 27700906)
bitproof:930 (136038 bytes; live heap 27928874)
row-model:262 (153308 bytes; live heap 28460382)
bitproof:931 (132931 bytes; live heap 27892496)
row-model:263 (153268 bytes; live heap 28615181)
certificate:551 (98486 bytes; live heap 29133574)
row-model:264 (153248 bytes; live heap 34491492)
row-model:265 (152227 bytes; live heap 36306541)
bitproof:932 (763061 bytes; live heap 31660774)
bitproof:933 (2 bytes; live heap 32717059)
bitproof:934 (74994 bytes; live heap 32956317)
certificate:552 (156007 bytes; live heap 36206360)
bitproof:935 (593726 bytes; live heap 34953325)
bitproof:936 (96 bytes; live heap 34885049)
bitproof:937 (136629 bytes; live heap 35263795)
bitproof:938 (40825 bytes; live heap 37235920)
bitproof:939 (28836 bytes; live heap 37011676)
certificate:553 (149135 bytes; live heap 39154583)
bitproof:940 (132928 bytes; live heap 35075510)
bitproof:941 (3165 bytes; live heap 34729187)
bitproof:942 (165 bytes; live heap 34723953)
bitproof:943 (187 bytes; live heap 34708886)
bitproof:944 (1113 bytes; live heap 34703475)
bitproof:945 (143281 bytes; live heap 34797792)
certificate:554 (97947 bytes; live heap 34024319)
bitproof:946 (136719 bytes; live heap 34111339)
certificate:555 (149135 bytes; live heap 34855226)
bitproof:947 (136712 bytes; live heap 33799773)
bitproof:948 (8790 bytes; live heap 33208952)
certificate:556 (461 bytes; live heap 33265896)
bitproof:949 (234 bytes; live heap 32929440)
certificate:557 (154467 bytes; live heap 33521613)
certificate:558 (473 bytes; live heap 33888874)
bitproof:950 (143291 bytes; live heap 33114046)
certificate:559 (448 bytes; live heap 33047517)
bitproof:951 (1109 bytes; live heap 32710778)
bitproof:952 (141 bytes; live heap 32736609)
certificate:560 (96430 bytes; live heap 35213578)
certificate:561 (154467 bytes; live heap 40669118)
certificate:562 (110713 bytes; live heap 58327079)
certificate:563 (147397 bytes; live heap 66575599)
certificate:564 (110774 bytes; live heap 73258876)
certificate:565 (100140 bytes; live heap 78298708)
certificate:566 (93819 bytes; live heap 82363049)
core:934 (3893 bytes; live heap 89949646)
core:935 (2893 bytes; live heap 92884821)
core:936 (4023 bytes; live heap 93440880)
core:937 (597 bytes; live heap 94483313)
core:938 (527 bytes; live heap 94495830)
core:939 (1261 bytes; live heap 94500243)
core:940 (1000 bytes; live heap 94493778)
core:941 (639 bytes; live heap 94501521)
core:942 (594 bytes; live heap 94522045)
core:943 (1043 bytes; live heap 96598447)
core:944 (2534 bytes; live heap 96597268)
core:945 (1632 bytes; live heap 96117923)
row-model:266 (153307 bytes; live heap 96148602)
core:946 (2266 bytes; live heap 96141658)
core:947 (1456 bytes; live heap 96158048)
row-model:267 (153299 bytes; live heap 100580140)
core:948 (5227 bytes; live heap 100515912)
core:949 (595 bytes; live heap 100536810)
core:950 (1895 bytes; live heap 100545034)
core:951 (1010 bytes; live heap 100528086)
core:952 (1938 bytes; live heap 100534864)
core:953 (2545 bytes; live heap 100573689)
core:954 (1877 bytes; live heap 100572168)
core:955 (1165 bytes; live heap 100555110)
certificate:567 (149126 bytes; live heap 91657879)
certificate:568 (98454 bytes; live heap 83528206)
certificate:569 (149125 bytes; live heap 79930884)
bitproof:953 (7916170 bytes; live heap 55682566)
certificate:570 (48038 bytes; live heap 81474267)
row-model:268 (163299 bytes; live heap 116047638)
bitproof:954 (173 bytes; live heap 83033398)
certificate:571 (296430 bytes; live heap 89704119)
bitproof:955 (759774 bytes; live heap 86545819)
bitproof:956 (280950 bytes; live heap 94931903)
bitproof:957 (169 bytes; live heap 95888856)
bitproof:958 (1110 bytes; live heap 95998793)
bitproof:959 (120 bytes; live heap 96092098)
bitproof:960 (142466 bytes; live heap 97177237)
certificate:572 (148869 bytes; live heap 101923595)
certificate:573 (104533 bytes; live heap 102934962)
certificate:574 (200448 bytes; live heap 113796337)
bitproof:961 (132932 bytes; live heap 113450545)
bitproof:962 (1109 bytes; live heap 113654181)
bitproof:963 (79198 bytes; live heap 114353618)
certificate:575 (97977 bytes; live heap 114713304)
bitproof:964 (8826 bytes; live heap 115622928)
certificate:576 (148547 bytes; live heap 116179932)
row-model:269 (152382 bytes; live heap 131628984)
bitproof:965 (546062 bytes; live heap 128277792)
row-model:270 (161272 bytes; live heap 128098500)
bitproof:966 (8850 bytes; live heap 127275259)
bitproof:967 (3084 bytes; live heap 127259665)
bitproof:968 (23586 bytes; live heap 127322047)
bitproof:969 (169 bytes; live heap 127313128)
bitproof:970 (120 bytes; live heap 127305229)
certificate:577 (97913 bytes; live heap 146946589)
certificate:578 (98481 bytes; live heap 150764000)
certificate:579 (477 bytes; live heap 151874369)
certificate:580 (96690 bytes; live heap 169607770)
certificate:581 (149224 bytes; live heap 173087286)
certificate:582 (149107 bytes; live heap 182145668)
row-model:271 (155070 bytes; live heap 170728853)
bitproof:971 (6321932 bytes; live heap 145830174)
certificate:583 (93481 bytes; live heap 157336664)
certificate:584 (156246 bytes; live heap 157651165)
certificate:585 (93430 bytes; live heap 161642471)
certificate:586 (155977 bytes; live heap 161988040)
certificate:587 (93461 bytes; live heap 164017296)
row-model:272 (155590 bytes; live heap 168446365)
row-model:273 (155047 bytes; live heap 168438158)
certificate:588 (94581 bytes; live heap 166447715)
certificate:589 (96453 bytes; live heap 165985769)
bitproof:972 (1116 bytes; live heap 147111169)
bitproof:973 (6373 bytes; live heap 147120032)
certificate:590 (148571 bytes; live heap 164227143)
certificate:591 (111876 bytes; live heap 171098463)
certificate:592 (93461 bytes; live heap 172026541)
certificate:593 (148476 bytes; live heap 175374139)
bitproof:974 (748866 bytes; live heap 177731555)
row-model:274 (153357 bytes; live heap 188124522)
row-model:275 (161273 bytes; live heap 189584394)
row-model:276 (153302 bytes; live heap 189940140)
bitproof:975 (120 bytes; live heap 190293725)
bitproof:976 (3090 bytes; live heap 193213818)
bitproof:977 (158 bytes; live heap 193393527)
bitproof:978 (143280 bytes; live heap 194434800)
certificate:594 (148552 bytes; live heap 205037405)
certificate:595 (97853 bytes; live heap 204143542)
bitproof:979 (594513 bytes; live heap 202684395)
certificate:596 (448 bytes; live heap 202706879)
certificate:597 (476 bytes; live heap 203046948)
bitproof:980 (132 bytes; live heap 216123819)
bitproof:981 (3123 bytes; live heap 216706820)
bitproof:982 (27058 bytes; live heap 217724768)
bitproof:983 (8834 bytes; live heap 218572557)
bitproof:984 (120 bytes; live heap 219305246)
bitproof:985 (8829 bytes; live heap 219815510)
bitproof:986 (164 bytes; live heap 222570687)
bitproof:987 (8815 bytes; live heap 223096054)
bitproof:988 (759461 bytes; live heap 236147468)
bitproof:989 (8831 bytes; live heap 248518457)
bitproof:990 (3100 bytes; live heap 249313466)
bitproof:991 (96 bytes; live heap 249656237)
bitproof:992 (8842 bytes; live heap 250133195)
bitproof:993 (1110 bytes; live heap 250473299)
bitproof:994 (594228 bytes; live heap 270016120)
bitproof:995 (144089 bytes; live heap 282022532)
row-model:277 (153301 bytes; live heap 353654494)
bitproof:996 (8313931 bytes; live heap 327775264)
row-model:278 (153232 bytes; live heap 332164844)
row-model:279 (153247 bytes; live heap 332168343)
bitproof:997 (168 bytes; live heap 343327449)
bitproof:998 (134 bytes; live heap 343398415)
bitproof:999 (598684 bytes; live heap 346960874)
bitproof: 1000 cases in 14.825182417s; 33 mutants accepted; slowest seed 26.775291ms; slowest case 393 125.334958ms; largest heap case 393 63167626 bytes
     198 bit proof hint is not unit or conflicting
     156 unused bit proof hint after conflict
     136 bit proof references missing/future clause
      95 bit proof continues after contradiction
      91 bit proof step count limit
      87 proof literal outside circuit
      51 bit proof clause lacks a unit-propagation derivation
      27 invalid value: integer `-1099511627776`, expected i32 at lin
      27 invalid value: integer `2147483648`, expected i32 at line 1 
      23 bit proof step size limit
      11 invalid proof literal
       8 bit proof circuit identity mismatch
       2 duplicate field `clause` at line 1 column 115
       2 expected value at line 1 column 1
       2 invalid type: map, expected a sequence at line 1 column 104
       2 invalid type: map, expected a string at line 1 column 18
       2 invalid type: sequence, expected usize at line 1 column 127
       1 EOF while parsing a string at line 1 column 77904
       1 EOF while parsing a string at line 1 column 89
       1 EOF while parsing a value at line 1 column 13180
       1 expected `,` or `]` at line 1 column 116849
       1 expected `,` or `]` at line 1 column 1508
       1 expected `,` or `]` at line 1 column 1658
       1 expected `,` or `]` at line 1 column 6144
       1 expected `,` or `]` at line 1 column 82502
row-model:280 (155033 bytes; live heap 295488425)
row-model:281 (153299 bytes; live heap 292606662)
test fuzz_bitproof_certificates ... ok
row-model:282 (155048 bytes; live heap 217682609)
row-model:283 (152643 bytes; live heap 201865939)
row-model:284 (153165 bytes; live heap 201850590)
row-model:285 (155041 bytes; live heap 245572102)
row-model:286 (155081 bytes; live heap 184939872)
row-model:287 (153299 bytes; live heap 92567589)
core:956 (3300974 bytes; live heap 48993337)
row-model:288 (153268 bytes; live heap 47804390)
row-model:289 (152630 bytes; live heap 47208674)
certificate:598 (104273 bytes; live heap 23928832)
row-model:290 (153361 bytes; live heap 24744988)
row-model:291 (153376 bytes; live heap 24454168)
row-model:292 (165366 bytes; live heap 24618462)
certificate:599 (99676 bytes; live heap 24363945)
certificate:600 (488 bytes; live heap 24145082)
certificate:601 (98744 bytes; live heap 24253096)
certificate:602 (97908 bytes; live heap 21237094)
certificate:603 (104273 bytes; live heap 21019704)
certificate:604 (98484 bytes; live heap 20410075)
certificate:605 (6979 bytes; live heap 20372599)
certificate:606 (476 bytes; live heap 19924638)
certificate:607 (149504 bytes; live heap 19919934)
certificate:608 (104274 bytes; live heap 19617318)
certificate:609 (445 bytes; live heap 14571137)
certificate:610 (449 bytes; live heap 14350742)
certificate:611 (146662 bytes; live heap 14096436)
certificate:612 (154468 bytes; live heap 13505988)
core:957 (1788 bytes; live heap 4772846)
core:958 (1583 bytes; live heap 4791454)
core:959 (2626 bytes; live heap 4799330)
core:960 (490 bytes; live heap 4827348)
core:961 (1461 bytes; live heap 4829534)
core:962 (5246 bytes; live heap 4819303)
core:963 (1845 bytes; live heap 4831690)
core:964 (21419 bytes; live heap 4907692)
core:965 (977 bytes; live heap 4862823)
core:966 (9103 bytes; live heap 4727146)
certificate:613 (148580 bytes; live heap 4722391)
core:967 (2702 bytes; live heap 4566833)
core:968 (2172 bytes; live heap 4356400)
certificate:614 (98484 bytes; live heap 4491544)
core:969 (2930 bytes; live heap 4554528)
certificate:615 (154467 bytes; live heap 5053835)
certificate:616 (448 bytes; live heap 4923849)
row-model:293 (163296 bytes; live heap 4748527)
certificate:617 (96460 bytes; live heap 6377665)
row-model:294 (153299 bytes; live heap 6814244)
certificate:618 (161351 bytes; live heap 7088149)
certificate:619 (93461 bytes; live heap 6948779)
certificate:620 (93478 bytes; live heap 6905537)
certificate:621 (98494 bytes; live heap 6844016)
certificate:622 (98068 bytes; live heap 6099970)
certificate:623 (98500 bytes; live heap 6079326)
certificate:624 (97908 bytes; live heap 6060313)
core:970 (241462 bytes; live heap 4579958)
core:971 (1373 bytes; live heap 4362062)
core:972 (2292 bytes; live heap 4402416)
core:973 (2607 bytes; live heap 4413201)
core:974 (2196 bytes; live heap 4434818)
core:975 (1854 bytes; live heap 4424394)
core:976 (392 bytes; live heap 4423569)
core:977 (1484 bytes; live heap 4430962)
certificate:625 (96453 bytes; live heap 12166882)
certificate:626 (164872 bytes; live heap 40493084)
certificate:627 (97857 bytes; live heap 42264442)
certificate:628 (148558 bytes; live heap 49351769)
certificate:629 (144896 bytes; live heap 51546473)
row-model:295 (2209931 bytes; live heap 112394043)
row-model:296 (155072 bytes; live heap 164098515)
certificate:630 (378092 bytes; live heap 182062343)
row-model:297 (155047 bytes; live heap 190734381)
certificate:631 (97898 bytes; live heap 190676935)
certificate:632 (93471 bytes; live heap 191108001)
certificate:633 (149133 bytes; live heap 191297592)
certificate:634 (104273 bytes; live heap 191190836)
row-model:298 (153299 bytes; live heap 209692189)
row-model:299 (155047 bytes; live heap 237512803)
certificate:635 (452172 bytes; live heap 326805190)
certificate:636 (153089 bytes; live heap 328269220)
certificate:637 (93457 bytes; live heap 330064039)
certificate:638 (97756 bytes; live heap 353706370)
certificate:639 (96453 bytes; live heap 354937358)
certificate:640 (148839 bytes; live heap 357588744)
row-model:300 (154003 bytes; live heap 357777242)
row-model:301 (153300 bytes; live heap 358595102)
certificate:641 (149145 bytes; live heap 360669473)
certificate:642 (97910 bytes; live heap 393455138)
certificate:643 (97972 bytes; live heap 394677311)
certificate:644 (487 bytes; live heap 395809338)
certificate:645 (2474 bytes; live heap 396394344)
certificate:646 (479 bytes; live heap 396832128)
certificate:647 (205887 bytes; live heap 376598499)
certificate:648 (93470 bytes; live heap 375811516)
certificate:649 (102809 bytes; live heap 374745256)
row-model:302 (155047 bytes; live heap 369578577)
certificate:650 (104296 bytes; live heap 362867658)
certificate:651 (97814 bytes; live heap 336924983)
certificate:652 (148400 bytes; live heap 334775479)
certificate:653 (149117 bytes; live heap 333369542)
certificate:654 (148185 bytes; live heap 331483912)
certificate:655 (165954 bytes; live heap 331096046)
certificate:656 (448 bytes; live heap 330346435)
row-model:303 (2214152 bytes; live heap 346140638)
row-model:304 (170300 bytes; live heap 246648530)
row-model:305 (153312 bytes; live heap 246149864)
row-model:306 (153304 bytes; live heap 245172367)
row-model:307 (155047 bytes; live heap 244795422)
row-model:308 (152696 bytes; live heap 269693638)
certificate:657 (1498469 bytes; live heap 183707183)
row-model:309 (153378 bytes; live heap 191096145)
row-model:310 (153307 bytes; live heap 191211079)
row-model:311 (153232 bytes; live heap 191195936)
certificate:658 (388 bytes; live heap 183594802)
certificate:659 (96430 bytes; live heap 183704694)
certificate:660 (148550 bytes; live heap 183974438)
certificate:661 (8668 bytes; live heap 185835564)
certificate:662 (154467 bytes; live heap 185980029)
row-model:312 (153323 bytes; live heap 185905695)
row-model:313 (153236 bytes; live heap 185897735)
row-model:314 (153392 bytes; live heap 185879802)
row-model:315 (153290 bytes; live heap 185878306)
certificate:663 (328 bytes; live heap 187243466)
certificate:664 (148191 bytes; live heap 188008634)
certificate:665 (97919 bytes; live heap 188456795)
certificate:666 (149120 bytes; live heap 190444301)
row-model:316 (2214152 bytes; live heap 182689155)
certificate:667 (478 bytes; live heap 180498964)
certificate:668 (155953 bytes; live heap 179997380)
certificate:669 (98482 bytes; live heap 174980719)
certificate:670 (149103 bytes; live heap 151966983)
certificate:671 (149134 bytes; live heap 150282170)
certificate:672 (148549 bytes; live heap 149316997)
certificate:673 (91401 bytes; live heap 148026745)
certificate:674 (491 bytes; live heap 145844828)
certificate:675 (97780 bytes; live heap 145210558)
certificate:676 (471 bytes; live heap 137124353)
certificate:677 (98498 bytes; live heap 136816329)
certificate:678 (102809 bytes; live heap 136686127)
certificate:679 (94102 bytes; live heap 123761461)
certificate:680 (108422 bytes; live heap 122583063)
certificate:681 (176 bytes; live heap 120923765)
certificate:682 (98497 bytes; live heap 117993628)
certificate:683 (148535 bytes; live heap 117178856)
row-model:317 (153334 bytes; live heap 108660206)
certificate:684 (148557 bytes; live heap 85386283)
certificate:685 (97925 bytes; live heap 83821163)
row-model:318 (153359 bytes; live heap 79670415)
certificate:686 (98470 bytes; live heap 61972101)
row-model:319 (153308 bytes; live heap 44434056)
certificate:687 (149125 bytes; live heap 43758679)
certificate:688 (148549 bytes; live heap 11940428)
core:978 (3654158 bytes; live heap 8766142)
core:979 (200181 bytes; live heap 4801141)
core:980 (1224 bytes; live heap 4614981)
core:981 (500934 bytes; live heap 4546262)
row-model:320 (153301 bytes; live heap 4581673)
core:982 (1149 bytes; live heap 4014930)
certificate:689 (93447 bytes; live heap 4090350)
core:983 (1463 bytes; live heap 4245001)
core:984 (983 bytes; live heap 4253364)
core:985 (1899 bytes; live heap 4251918)
core:986 (627 bytes; live heap 4259485)
core:987 (527 bytes; live heap 4243037)
core:988 (1003 bytes; live heap 4259447)
core:989 (4014 bytes; live heap 4274857)
core:990 (398 bytes; live heap 4276862)
core:991 (551 bytes; live heap 4279705)
core:992 (1875 bytes; live heap 4293388)
core:993 (993 bytes; live heap 4284600)
core:994 (984 bytes; live heap 4303032)
core:995 (5234 bytes; live heap 4334345)
certificate:690 (97910 bytes; live heap 5073193)
core:996 (142525 bytes; live heap 4440658)
core:997 (1225 bytes; live heap 4360145)
core:998 (1476 bytes; live heap 4364716)
core:999 (1863 bytes; live heap 4372028)
core: 1000 cases in 16.474462875s; 52 mutants accepted; slowest seed 19.690875ms; slowest case 516 243.083125ms; largest heap case 956 16991375 bytes
      87 incompatible executable core semantics
      87 invalid core module: invalid type: map, expected a string at
      82 invalid core module: invalid type: sequence, expected a stri
      18 invalid core module: invalid value: integer `-1`, expected u
      17 invalid core module: invalid type: map, expected a sequence 
      15 invalid core module: EOF while parsing a string at line 1 co
      11 invalid core module: invalid type: map, expected tuple varia
      11 invalid core module: invalid unicode code point at line 1 co
       9 invalid core module: invalid length 0, expected tuple varian
       7 invalid core module: unknown variant `name`, expected one of
       6 invalid core identifier ""
       6 invalid core module: invalid type: string "aaaaaaaaaaaaaaaaa
       6 unbound name x
       5 invalid core module: invalid length 0, expected a tuple of s
       5 invalid core module: invalid length 1, expected a tuple of s
       5 invalid core module: invalid type: floating point `1e+23`, e
       5 invalid core module: invalid type: map, expected a tuple of 
       5 invalid core module: invalid type: sequence, expected a map 
       5 invalid core module: invalid type: string "SelfType", expect
       5 invalid core module: unknown variant `+`, expected one of `N
       4 invalid core module: control character (\u0000-\u001F) found
       4 invalid core module: invalid type: null, expected a string a
       4 invalid core module: invalid type: string "sum", expected a 
       4 invalid core module: invalid value: integer `184467440737095
       4 invalid core module: unknown variant `bias`, expected one of
test fuzz_core_modules ... ok
certificate:691 (40097 bytes; live heap 3263328)
certificate:692 (98496 bytes; live heap 3314497)
certificate:693 (148184 bytes; live heap 3447962)
row-model:321 (155047 bytes; live heap 3249131)
certificate:694 (97908 bytes; live heap 3054547)
row-model:322 (153327 bytes; live heap 8882336)
row-model:323 (153301 bytes; live heap 11070532)
certificate:695 (548518 bytes; live heap 4346872)
certificate:696 (149127 bytes; live heap 3067230)
row-model:324 (153234 bytes; live heap 3202709)
certificate:697 (466 bytes; live heap 3073973)
certificate:698 (441 bytes; live heap 3022389)
certificate:699 (197261 bytes; live heap 3480629)
certificate:700 (476 bytes; live heap 3154010)
certificate:701 (148707 bytes; live heap 3413266)
certificate:702 (93488 bytes; live heap 3323302)
certificate:703 (149125 bytes; live heap 3450059)
row-model:325 (153299 bytes; live heap 3321242)
certificate:704 (97634 bytes; live heap 3162846)
certificate:705 (98449 bytes; live heap 3349757)
certificate:706 (154329 bytes; live heap 3453133)
certificate:707 (93475 bytes; live heap 3311621)
certificate:708 (149129 bytes; live heap 3472602)
row-model:326 (152630 bytes; live heap 3305523)
row-model:327 (153299 bytes; live heap 3299698)
certificate:709 (93429 bytes; live heap 3183650)
certificate:710 (478 bytes; live heap 3047096)
certificate:711 (97967 bytes; live heap 3175604)
certificate:712 (149265 bytes; live heap 3453400)
row-model:328 (155053 bytes; live heap 3391815)
row-model:329 (153298 bytes; live heap 3354215)
certificate:713 (519 bytes; live heap 3021513)
certificate:714 (44916 bytes; live heap 3184245)
certificate:715 (148557 bytes; live heap 3292502)
certificate:716 (154467 bytes; live heap 3188256)
certificate:717 (97915 bytes; live heap 3167438)
certificate:718 (96431 bytes; live heap 3235169)
certificate:719 (98401 bytes; live heap 3225718)
certificate:720 (149589 bytes; live heap 3391083)
certificate:721 (98484 bytes; live heap 3256876)
certificate:722 (155955 bytes; live heap 3520447)
certificate:723 (93460 bytes; live heap 3072480)
row-model:330 (153300 bytes; live heap 2937684)
certificate:724 (149148 bytes; live heap 3288558)
certificate:725 (93480 bytes; live heap 3162538)
certificate:726 (148549 bytes; live heap 3351230)
row-model:331 (155064 bytes; live heap 3116811)
certificate:727 (304223 bytes; live heap 3654460)
row-model:332 (153230 bytes; live heap 3396300)
certificate:728 (159125 bytes; live heap 3113078)
row-model:333 (153170 bytes; live heap 3073355)
row-model:334 (153321 bytes; live heap 3257344)
row-model:335 (153253 bytes; live heap 3273024)
row-model:336 (153302 bytes; live heap 3305135)
row-model:337 (153300 bytes; live heap 3315839)
certificate:729 (10476 bytes; live heap 3098928)
certificate:730 (102809 bytes; live heap 3330437)
certificate:731 (460 bytes; live heap 3195805)
certificate:732 (97908 bytes; live heap 3314851)
certificate:733 (423056 bytes; live heap 3375010)
row-model:338 (152694 bytes; live heap 3337877)
certificate:734 (149125 bytes; live heap 3115042)
row-model:339 (153315 bytes; live heap 3100350)
certificate:735 (98485 bytes; live heap 4352781)
certificate:736 (151587 bytes; live heap 6329060)
certificate:737 (149127 bytes; live heap 5835090)
certificate:738 (93461 bytes; live heap 7276882)
row-model:340 (1492636 bytes; live heap 4935100)
certificate:739 (148433 bytes; live heap 7210129)
certificate:740 (106430 bytes; live heap 7293860)
certificate:741 (149404 bytes; live heap 4904585)
certificate:742 (491 bytes; live heap 2852970)
certificate:743 (102862 bytes; live heap 3186255)
row-model:341 (153299 bytes; live heap 3013084)
row-model:342 (153309 bytes; live heap 71436457)
row-model:343 (153307 bytes; live heap 71458033)
row-model:344 (427128 bytes; live heap 72996739)
row-model:345 (155048 bytes; live heap 123945941)
row-model:346 (153299 bytes; live heap 97807139)
row-model:347 (153300 bytes; live heap 72618743)
row-model:348 (155043 bytes; live heap 110121131)
row-model:349 (153308 bytes; live heap 131659299)
row-model:350 (153245 bytes; live heap 80838121)
row-model:351 (68786 bytes; live heap 80731027)
row-model:352 (153308 bytes; live heap 80838176)
row-model:353 (427096 bytes; live heap 81100377)
row-model:354 (153300 bytes; live heap 70560411)
row-model:355 (153299 bytes; live heap 70822555)
row-model:356 (153299 bytes; live heap 43156543)
row-model:357 (155329 bytes; live heap 35553277)
row-model:358 (153316 bytes; live heap 70982550)
row-model:359 (155083 bytes; live heap 70432160)
certificate:744 (1748552 bytes; live heap 4953243)
row-model:360 (353245 bytes; live heap 5047282)
certificate:745 (302786 bytes; live heap 3569357)
row-model:361 (153325 bytes; live heap 70153341)
row-model:362 (148418 bytes; live heap 42680615)
row-model:363 (153366 bytes; live heap 41293362)
row-model:364 (153307 bytes; live heap 58654205)
row-model:365 (153327 bytes; live heap 55559769)
row-model:366 (153367 bytes; live heap 52648680)
row-model:367 (153301 bytes; live heap 51526435)
certificate:746 (1497534 bytes; live heap 5282778)
certificate:747 (98486 bytes; live heap 3327747)
certificate:748 (1048 bytes; live heap 2810493)
row-model:368 (153235 bytes; live heap 3042749)
certificate:749 (197920 bytes; live heap 3010957)
row-model:369 (153366 bytes; live heap 3044678)
certificate:750 (97882 bytes; live heap 2990366)
certificate:751 (98484 bytes; live heap 3114511)
certificate:752 (98484 bytes; live heap 3229460)
certificate:753 (148548 bytes; live heap 3403553)
certificate:754 (149163 bytes; live heap 3485175)
certificate:755 (464 bytes; live heap 3157577)
row-model:370 (153322 bytes; live heap 41024461)
row-model:371 (153299 bytes; live heap 68445344)
row-model:372 (153238 bytes; live heap 5238490)
row-model:373 (153301 bytes; live heap 71762721)
row-model:374 (155106 bytes; live heap 72334959)
row-model:375 (155048 bytes; live heap 37611861)
certificate:756 (1698341 bytes; live heap 5253342)
certificate:757 (104273 bytes; live heap 3253968)
certificate:758 (96381 bytes; live heap 3402110)
certificate:759 (97777 bytes; live heap 3304835)
certificate:760 (148549 bytes; live heap 3451836)
certificate:761 (158486 bytes; live heap 3499238)
certificate:762 (148551 bytes; live heap 3510417)
row-model:376 (153299 bytes; live heap 3400236)
certificate:763 (149139 bytes; live heap 3297233)
certificate:764 (148573 bytes; live heap 3456381)
certificate:765 (97903 bytes; live heap 3339364)
certificate:766 (98488 bytes; live heap 3332145)
certificate:767 (149183 bytes; live heap 3487236)
row-model:377 (153327 bytes; live heap 3313799)
row-model:378 (153301 bytes; live heap 3309594)
certificate:768 (93461 bytes; live heap 3187017)
certificate:769 (102786 bytes; live heap 3279756)
certificate:770 (93469 bytes; live heap 3321400)
certificate:771 (474 bytes; live heap 3188696)
certificate:772 (149126 bytes; live heap 3434196)
row-model:379 (155047 bytes; live heap 3290244)
certificate:773 (98742 bytes; live heap 3035237)
certificate:774 (98610 bytes; live heap 3127207)
certificate:775 (149402 bytes; live heap 3378914)
row-model:380 (155032 bytes; live heap 7759882)
certificate:776 (302786 bytes; live heap 3199071)
certificate:777 (93458 bytes; live heap 3058089)
certificate:778 (148549 bytes; live heap 3192966)
certificate:779 (155955 bytes; live heap 3392088)
certificate:780 (97908 bytes; live heap 3299081)
row-model:381 (153314 bytes; live heap 3092105)
row-model:382 (153307 bytes; live heap 3131721)
row-model:383 (153307 bytes; live heap 3119074)
certificate:781 (476 bytes; live heap 6727152)
certificate:782 (448 bytes; live heap 6727088)
certificate:783 (98481 bytes; live heap 6088578)
row-model:384 (1492696 bytes; live heap 4916250)
certificate:784 (206749 bytes; live heap 7243049)
certificate:785 (503 bytes; live heap 6994019)
certificate:786 (96485 bytes; live heap 7317439)
certificate:787 (97623 bytes; live heap 7241573)
certificate:788 (97908 bytes; live heap 7238015)
row-model:385 (153228 bytes; live heap 3123659)
row-model:386 (155072 bytes; live heap 3219894)
certificate:789 (98047 bytes; live heap 3204626)
certificate:790 (93472 bytes; live heap 3233031)
certificate:791 (93471 bytes; live heap 3221231)
certificate:792 (543 bytes; live heap 3096244)
certificate:793 (93477 bytes; live heap 3241339)
certificate:794 (148907 bytes; live heap 3404778)
certificate:795 (155962 bytes; live heap 3629373)
certificate:796 (98566 bytes; live heap 3341176)
row-model:387 (12057 bytes; live heap 2602087)
certificate:797 (97905 bytes; live heap 3118984)
row-model:388 (153315 bytes; live heap 2942885)
row-model:389 (153414 bytes; live heap 3074036)
row-model:390 (153299 bytes; live heap 3074397)
certificate:798 (476 bytes; live heap 3056955)
certificate:799 (493 bytes; live heap 3057980)
certificate:800 (93459 bytes; live heap 3190495)
certificate:801 (97904 bytes; live heap 3294088)
row-model:391 (153326 bytes; live heap 36800179)
row-model:392 (1492696 bytes; live heap 60762303)
row-model:393 (151085 bytes; live heap 49018872)
row-model:394 (153307 bytes; live heap 47789246)
row-model:395 (153300 bytes; live heap 46713584)
row-model:396 (153384 bytes; live heap 44772150)
row-model:397 (427128 bytes; live heap 34679551)
row-model:398 (155070 bytes; live heap 45415607)
row-model:399 (153293 bytes; live heap 70127498)
row-model:400 (153326 bytes; live heap 11772190)
certificate:802 (1549123 bytes; live heap 4908656)
row-model:401 (219629 bytes; live heap 5389953)
certificate:803 (148550 bytes; live heap 3541135)
row-model:402 (155047 bytes; live heap 3259764)
certificate:804 (148810 bytes; live heap 3163744)
certificate:805 (97875 bytes; live heap 3064769)
certificate:806 (58255 bytes; live heap 3097320)
certificate:807 (93414 bytes; live heap 3112391)
certificate:808 (97879 bytes; live heap 3249606)
certificate:809 (149125 bytes; live heap 3345223)
row-model:403 (114673 bytes; live heap 3365168)
row-model:404 (155047 bytes; live heap 3266238)
certificate:810 (448 bytes; live heap 2896623)
certificate:811 (93463 bytes; live heap 3039598)
row-model:405 (153299 bytes; live heap 8021999)
certificate:812 (438470 bytes; live heap 3750051)
row-model:406 (153362 bytes; live heap 7271330)
row-model:407 (153311 bytes; live heap 7098833)
row-model:408 (153301 bytes; live heap 6972196)
certificate:813 (2154992 bytes; live heap 7296649)
certificate:814 (154475 bytes; live heap 3338155)
certificate:815 (98474 bytes; live heap 3298696)
certificate:816 (149155 bytes; live heap 3426642)
certificate:817 (485 bytes; live heap 3201851)
certificate:818 (149124 bytes; live heap 3461827)
row-model:409 (153299 bytes; live heap 3373308)
certificate:819 (486 bytes; live heap 2962630)
certificate:820 (97940 bytes; live heap 3121701)
certificate:821 (148757 bytes; live heap 3309233)
certificate:822 (98490 bytes; live heap 3180073)
certificate:823 (93463 bytes; live heap 3199890)
certificate:824 (148923 bytes; live heap 3310298)
certificate:825 (149127 bytes; live heap 3325623)
certificate:826 (96430 bytes; live heap 3198867)
certificate:827 (708 bytes; live heap 3178941)
certificate:828 (104273 bytes; live heap 3304591)
certificate:829 (93462 bytes; live heap 3326865)
certificate:830 (494 bytes; live heap 2858126)
row-model:410 (153300 bytes; live heap 3123228)
certificate:831 (200448 bytes; live heap 3085036)
certificate:832 (93668 bytes; live heap 3130136)
certificate:833 (484 bytes; live heap 3005961)
certificate:834 (437 bytes; live heap 3010947)
certificate:835 (149145 bytes; live heap 3276112)
certificate:836 (97670 bytes; live heap 3318046)
certificate:837 (402 bytes; live heap 3195974)
certificate:838 (93461 bytes; live heap 3337306)
certificate:839 (151435 bytes; live heap 3380812)
row-model:411 (155070 bytes; live heap 3126130)
certificate:840 (480 bytes; live heap 2885217)
certificate:841 (93461 bytes; live heap 3149255)
certificate:842 (149130 bytes; live heap 3419631)
certificate:843 (107908 bytes; live heap 3435124)
certificate:844 (92062 bytes; live heap 3462830)
certificate:845 (93239 bytes; live heap 3350360)
certificate:846 (97908 bytes; live heap 3388949)
certificate:847 (97927 bytes; live heap 2992895)
row-model:412 (151221 bytes; live heap 2845919)
certificate:848 (513 bytes; live heap 2829132)
certificate:849 (103046 bytes; live heap 3171302)
certificate:850 (97909 bytes; live heap 3221284)
certificate:851 (149143 bytes; live heap 3380975)
certificate:852 (148549 bytes; live heap 3258344)
certificate:853 (148549 bytes; live heap 3373296)
row-model:413 (153315 bytes; live heap 3076233)
row-model:414 (153307 bytes; live heap 3183855)
certificate:854 (98495 bytes; live heap 2693874)
row-model:415 (155047 bytes; live heap 2842139)
certificate:855 (149522 bytes; live heap 3146101)
certificate:856 (148980 bytes; live heap 3160876)
certificate:857 (104296 bytes; live heap 3138300)
certificate:858 (98485 bytes; live heap 3085230)
certificate:859 (13290 bytes; live heap 3086673)
certificate:860 (149133 bytes; live heap 3237909)
certificate:861 (149133 bytes; live heap 3300624)
certificate:862 (149127 bytes; live heap 3269805)
certificate:863 (4470 bytes; live heap 3019547)
row-model:416 (153668 bytes; live heap 5206428)
row-model:417 (153376 bytes; live heap 4762363)
certificate:864 (40476 bytes; live heap 2879778)
row-model:418 (153326 bytes; live heap 2879774)
row-model:419 (153311 bytes; live heap 3184265)
certificate:865 (98511 bytes; live heap 2946567)
row-model:420 (161302 bytes; live heap 3229181)
certificate:866 (148554 bytes; live heap 3010684)
row-model:421 (153230 bytes; live heap 3170227)
row-model:422 (153426 bytes; live heap 3821704)
certificate:867 (163094 bytes; live heap 3229813)
certificate:868 (472 bytes; live heap 3009915)
certificate:869 (99655 bytes; live heap 3135986)
certificate:870 (93475 bytes; live heap 3140383)
certificate:871 (155977 bytes; live heap 3372113)
certificate:872 (93577 bytes; live heap 3188339)
certificate:873 (148549 bytes; live heap 3305607)
certificate:874 (93470 bytes; live heap 3194544)
certificate:875 (475 bytes; live heap 3203152)
certificate:876 (98748 bytes; live heap 3322465)
certificate:877 (98550 bytes; live heap 3321687)
certificate:878 (148563 bytes; live heap 3467067)
certificate:879 (98493 bytes; live heap 3338271)
row-model:423 (153299 bytes; live heap 3086898)
certificate:880 (148550 bytes; live heap 3405430)
certificate:881 (104324 bytes; live heap 3193561)
row-model:424 (355047 bytes; live heap 23914977)
certificate:882 (429106 bytes; live heap 4047014)
row-model:425 (153351 bytes; live heap 3339883)
certificate:883 (93509 bytes; live heap 2991596)
row-model:426 (153287 bytes; live heap 2947614)
certificate:884 (148558 bytes; live heap 3270319)
certificate:885 (148619 bytes; live heap 3309837)
certificate:886 (98497 bytes; live heap 3173723)
certificate:887 (93461 bytes; live heap 3189502)
certificate:888 (93463 bytes; live heap 3360219)
certificate:889 (97934 bytes; live heap 3360250)
certificate:890 (475 bytes; live heap 3164783)
certificate:891 (97908 bytes; live heap 3300685)
certificate:892 (104273 bytes; live heap 3273126)
certificate:893 (149408 bytes; live heap 3450089)
certificate:894 (148555 bytes; live heap 3471621)
row-model:427 (153302 bytes; live heap 3323450)
row-model:428 (152703 bytes; live heap 3346989)
row-model:429 (155412 bytes; live heap 3366508)
row-model:430 (153308 bytes; live heap 3391923)
row-model:431 (153308 bytes; live heap 3410250)
certificate:895 (148576 bytes; live heap 3330095)
certificate:896 (102809 bytes; live heap 3256236)
certificate:897 (149125 bytes; live heap 3491827)
certificate:898 (61745 bytes; live heap 2838390)
row-model:432 (153299 bytes; live heap 2929622)
certificate:899 (44256 bytes; live heap 2921289)
certificate:900 (96416 bytes; live heap 3013313)
certificate:901 (496 bytes; live heap 3047454)
certificate:902 (98484 bytes; live heap 3158165)
certificate:903 (154467 bytes; live heap 3333412)
row-model:433 (155035 bytes; live heap 3148954)
certificate:904 (149124 bytes; live heap 3158331)
certificate:905 (148551 bytes; live heap 3166740)
certificate:906 (479 bytes; live heap 2910480)
certificate:907 (148568 bytes; live heap 3200573)
certificate:908 (97917 bytes; live heap 3066284)
certificate:909 (69542 bytes; live heap 3049303)
certificate:910 (148534 bytes; live heap 3217167)
certificate:911 (93462 bytes; live heap 3244242)
certificate:912 (112786 bytes; live heap 2914958)
row-model:434 (155047 bytes; live heap 2939817)
certificate:913 (98423 bytes; live heap 3121053)
row-model:435 (153361 bytes; live heap 70206487)
row-model:436 (152625 bytes; live heap 70374883)
row-model:437 (153359 bytes; live heap 70667240)
row-model:438 (153299 bytes; live heap 70692325)
row-model:439 (153298 bytes; live heap 109727515)
row-model:440 (153232 bytes; live heap 110859962)
row-model:441 (153307 bytes; live heap 79847068)
row-model:442 (153308 bytes; live heap 79847068)
row-model:443 (153359 bytes; live heap 68719099)
row-model:444 (161278 bytes; live heap 63098957)
row-model:445 (155048 bytes; live heap 14760880)
certificate:914 (104273 bytes; live heap 3306141)
certificate:915 (98504 bytes; live heap 3274859)
certificate:916 (98484 bytes; live heap 3409434)
certificate:917 (149125 bytes; live heap 3479398)
certificate:918 (154467 bytes; live heap 3466073)
certificate:919 (476 bytes; live heap 3189053)
row-model:446 (155047 bytes; live heap 2953836)
certificate:920 (98464 bytes; live heap 2941486)
row-model:447 (153312 bytes; live heap 2948056)
row-model:448 (153302 bytes; live heap 3201433)
certificate:921 (148535 bytes; live heap 3079876)
row-model:449 (155047 bytes; live heap 3017794)
row-model:450 (153369 bytes; live heap 3282380)
row-model:451 (153307 bytes; live heap 3303540)
row-model:452 (427130 bytes; live heap 3578873)
certificate:922 (97908 bytes; live heap 3919536)
certificate:923 (148569 bytes; live heap 4084640)
certificate:924 (1372 bytes; live heap 3841848)
certificate:925 (148498 bytes; live heap 4070758)
certificate:926 (449 bytes; live heap 3829000)
certificate:927 (100518 bytes; live heap 3959054)
certificate:928 (476 bytes; live heap 3931104)
certificate:929 (98485 bytes; live heap 4072197)
certificate:930 (156006 bytes; live heap 4291495)
row-model:453 (155047 bytes; live heap 3238703)
certificate:931 (104273 bytes; live heap 3067100)
certificate:932 (149157 bytes; live heap 3263924)
certificate:933 (149133 bytes; live heap 3294583)
certificate:934 (97878 bytes; live heap 3118313)
certificate:935 (444 bytes; live heap 3015208)
certificate:936 (149086 bytes; live heap 3315527)
certificate:937 (97866 bytes; live heap 3188996)
certificate:938 (155201 bytes; live heap 3456610)
certificate:939 (155972 bytes; live heap 3477419)
certificate:940 (2470 bytes; live heap 3031668)
certificate:941 (411 bytes; live heap 2742694)
row-model:454 (153312 bytes; live heap 3088250)
certificate:942 (114273 bytes; live heap 3028086)
row-model:455 (155047 bytes; live heap 2972523)
row-model:456 (154515 bytes; live heap 3200476)
row-model:457 (153308 bytes; live heap 3198444)
certificate:943 (96430 bytes; live heap 3140383)
certificate:944 (448 bytes; live heap 3138138)
certificate:945 (99046 bytes; live heap 3275655)
certificate:946 (96460 bytes; live heap 3364253)
certificate:947 (149125 bytes; live heap 3495356)
certificate:948 (108484 bytes; live heap 3373067)
certificate:949 (96453 bytes; live heap 3390285)
certificate:950 (97922 bytes; live heap 3344494)
certificate:951 (97916 bytes; live heap 2981842)
row-model:458 (153307 bytes; live heap 2951596)
certificate:952 (476 bytes; live heap 2865843)
certificate:953 (97908 bytes; live heap 2981714)
row-model:459 (153299 bytes; live heap 2965099)
certificate:954 (160839 bytes; live heap 3356086)
certificate:955 (58669 bytes; live heap 3251115)
certificate:956 (1014 bytes; live heap 3104108)
certificate:957 (97908 bytes; live heap 3364441)
certificate:958 (104274 bytes; live heap 3512695)
certificate:959 (149148 bytes; live heap 3547538)
row-model:460 (153360 bytes; live heap 3288829)
row-model:461 (153299 bytes; live heap 3294099)
certificate:960 (93766 bytes; live heap 3278584)
certificate:961 (423880 bytes; live heap 3729220)
certificate:962 (98481 bytes; live heap 3353570)
certificate:963 (154499 bytes; live heap 3129121)
row-model:462 (153300 bytes; live heap 2943558)
certificate:964 (93462 bytes; live heap 3019163)
certificate:965 (149127 bytes; live heap 3279510)
certificate:966 (497 bytes; live heap 3009974)
certificate:967 (102781 bytes; live heap 3129574)
certificate:968 (97912 bytes; live heap 3202177)
certificate:969 (97891 bytes; live heap 3334394)
certificate:970 (149134 bytes; live heap 3544507)
row-model:463 (155443 bytes; live heap 3082348)
certificate:971 (93519 bytes; live heap 2951384)
row-model:464 (152634 bytes; live heap 3063694)
certificate:972 (147919 bytes; live heap 3320141)
certificate:973 (148549 bytes; live heap 3330941)
certificate:974 (98496 bytes; live heap 3255878)
certificate:975 (109796 bytes; live heap 3321548)
certificate:976 (155952 bytes; live heap 3363316)
certificate:977 (97926 bytes; live heap 3335595)
certificate:978 (96447 bytes; live heap 3404309)
certificate:979 (10250 bytes; live heap 3324570)
certificate:980 (104266 bytes; live heap 3326212)
certificate:981 (2665 bytes; live heap 3325728)
certificate:982 (148582 bytes; live heap 3507205)
certificate:983 (102795 bytes; live heap 3507065)
certificate:984 (493 bytes; live heap 3273643)
certificate:985 (155954 bytes; live heap 2897606)
row-model:465 (153299 bytes; live heap 3044087)
certificate:986 (198 bytes; live heap 2927430)
certificate:987 (93462 bytes; live heap 3130371)
certificate:988 (471 bytes; live heap 3126943)
certificate:989 (97965 bytes; live heap 3230639)
certificate:990 (149125 bytes; live heap 3496471)
certificate:991 (449 bytes; live heap 3285587)
certificate:992 (149126 bytes; live heap 3083064)
row-model:466 (155067 bytes; live heap 3218543)
certificate:993 (102786 bytes; live heap 2914557)
row-model:467 (153297 bytes; live heap 3028854)
certificate:994 (97916 bytes; live heap 3138899)
certificate:995 (97933 bytes; live heap 3173926)
certificate:996 (104273 bytes; live heap 3217823)
certificate:997 (93448 bytes; live heap 3240093)
certificate:998 (97877 bytes; live heap 3347414)
certificate:999 (448 bytes; live heap 2744770)
certificate: 1000 cases in 17.964455s; 19 mutants accepted; slowest seed 198.97075ms; slowest case 402 121.689167ms; largest heap case 294 9247379 bytes
row-model:468 (153235 bytes; live heap 2831520)
      96 invalid type: null, expected struct Bundle at line 1 column 
      83 proof library content hash mismatch
      42 replace source update proof: unknown constructor
      34 invalid type: sequence, expected a string at line 1 column 1
      30 legacy certificate cannot contain database evidence
      28 replace source update proof: logic argument count mismatch
      28 unsupported exact database maintenance semantics
      14 invalid type: sequence, expected a string at line 1 column 9
      13 invalid value: integer `-1`, expected usize at line 1 column
      12 insert source update proof: unbound logic variable
      11 invalid knowledge identity
       9 duplicate proof library root
       9 invalid length 0, expected tuple variant Expr::Binary with 3
       9 tampered aggregate certificate
       8 replace source update proof: logic argument type mismatch
       7 insert source update proof: logic argument count mismatch
       7 invalid type: sequence, expected a string at line 1 column 2
       7 unknown variant `-`, expected one of `Num`, `Float`, `Neg`, 
       6 control character (\u0000-\u001F) found while parsing a stri
       6 replace source update proof: logic transitivity middle diffe
       5 addition: unknown or undeclared logic entry
       5 expected value at line 1 column 105
       5 unsupported proof library lock
       4 Integer: unknown or undeclared logic entry
       4 Natural: unknown or undeclared logic entry
test fuzz_maintenance_certificates ... ok
row-model:469 (153235 bytes; live heap 1264446)
row-model:470 (153357 bytes; live heap 1264446)
row-model:471 (1492742 bytes; live heap 3099454)
row-model:472 (153299 bytes; live heap 1264446)
row-model:473 (153299 bytes; live heap 1264446)
row-model:474 (146862 bytes; live heap 1200958)
row-model:475 (153387 bytes; live heap 1264446)
row-model:476 (153238 bytes; live heap 1264446)
row-model:477 (150878 bytes; live heap 1264446)
row-model:478 (153299 bytes; live heap 1264534)
row-model:479 (282843 bytes; live heap 1526678)
row-model:480 (153373 bytes; live heap 1201046)
row-model:481 (153237 bytes; live heap 1264534)
row-model:482 (153628 bytes; live heap 1264594)
row-model:483 (153368 bytes; live heap 1264594)
row-model:484 (153299 bytes; live heap 1264654)
row-model:485 (153330 bytes; live heap 1264654)
row-model:486 (153107 bytes; live heap 1264654)
row-model:487 (153232 bytes; live heap 1264654)
row-model:488 (427128 bytes; live heap 1526798)
row-model:489 (155047 bytes; live heap 1157557)
row-model:490 (153253 bytes; live heap 1264698)
row-model:491 (153269 bytes; live heap 1264698)
row-model:492 (153301 bytes; live heap 1264698)
row-model:493 (161280 bytes; live heap 1264698)
row-model:494 (83266 bytes; live heap 1157601)
row-model:495 (353322 bytes; live heap 1405376)
row-model:496 (153299 bytes; live heap 1264750)
row-model:497 (153818 bytes; live heap 1264750)
row-model:498 (151777 bytes; live heap 1264750)
row-model:499 (155070 bytes; live heap 1312760)
row-model:500 (153325 bytes; live heap 1264810)
row-model:501 (155047 bytes; live heap 1157793)
row-model:502 (165083 bytes; live heap 1313244)
row-model:503 (165307 bytes; live heap 1313284)
row-model:504 (153226 bytes; live heap 1265334)
row-model:505 (163559 bytes; live heap 1183338)
row-model:506 (355058 bytes; live heap 1623414)
row-model:507 (153227 bytes; live heap 1265370)
row-model:508 (153203 bytes; live heap 1265370)
row-model:509 (153311 bytes; live heap 1265430)
row-model:510 (153329 bytes; live heap 1265430)
row-model:511 (154248 bytes; live heap 1265430)
row-model:512 (154208 bytes; live heap 1265430)
row-model:513 (153300 bytes; live heap 1265430)
row-model:514 (153312 bytes; live heap 1265430)
row-model:515 (153299 bytes; live heap 1265430)
row-model:516 (153288 bytes; live heap 1265430)
row-model:517 (153299 bytes; live heap 1265466)
row-model:518 (153299 bytes; live heap 1265466)
row-model:519 (153299 bytes; live heap 1265466)
row-model:520 (155047 bytes; live heap 1158369)
row-model:521 (153299 bytes; live heap 1265466)
row-model:522 (153357 bytes; live heap 1265466)
row-model:523 (161272 bytes; live heap 1265466)
row-model:524 (155094 bytes; live heap 1313416)
row-model:525 (153299 bytes; live heap 1265510)
row-model:526 (153243 bytes; live heap 1265510)
row-model:527 (155047 bytes; live heap 1158413)
row-model:528 (153299 bytes; live heap 1265510)
row-model:529 (153299 bytes; live heap 1265510)
row-model:530 (153318 bytes; live heap 1265510)
row-model:531 (153307 bytes; live heap 1265510)
row-model:532 (153307 bytes; live heap 1265510)
row-model:533 (153299 bytes; live heap 1265510)
row-model:534 (155047 bytes; live heap 1158413)
row-model:535 (153387 bytes; live heap 1202022)
row-model:536 (152764 bytes; live heap 1265954)
row-model:537 (153311 bytes; live heap 1265954)
row-model:538 (153297 bytes; live heap 1265954)
row-model:539 (42816 bytes; live heap 1158857)
row-model:540 (153307 bytes; live heap 1266006)
row-model:541 (355047 bytes; live heap 1358909)
row-model:542 (153299 bytes; live heap 1266006)
row-model:543 (152593 bytes; live heap 1266006)
row-model:544 (153299 bytes; live heap 1266074)
row-model:545 (153345 bytes; live heap 1266074)
row-model:546 (106560 bytes; live heap 1158977)
row-model:547 (161582 bytes; live heap 1266126)
row-model:548 (153299 bytes; live heap 1266186)
row-model:549 (155047 bytes; live heap 1159089)
row-model:550 (153309 bytes; live heap 1266186)
row-model:551 (155050 bytes; live heap 1314136)
row-model:552 (175330 bytes; live heap 1314136)
row-model:553 (161204 bytes; live heap 1266226)
row-model:554 (153307 bytes; live heap 1266286)
row-model:555 (153299 bytes; live heap 1266286)
row-model:556 (153299 bytes; live heap 1266286)
row-model:557 (153299 bytes; live heap 1266286)
row-model:558 (161272 bytes; live heap 1266286)
row-model:559 (153390 bytes; live heap 1266286)
row-model:560 (153296 bytes; live heap 1266286)
row-model:561 (153350 bytes; live heap 1266286)
row-model:562 (155047 bytes; live heap 1159189)
row-model:563 (153299 bytes; live heap 1266326)
row-model:564 (153299 bytes; live heap 1266326)
row-model:565 (153316 bytes; live heap 1266326)
row-model:566 (152630 bytes; live heap 1266326)
row-model:567 (160938 bytes; live heap 1266326)
row-model:568 (155048 bytes; live heap 1314276)
row-model:569 (1492707 bytes; live heap 3101334)
row-model:570 (153299 bytes; live heap 1266386)
row-model:571 (7942 bytes; live heap 1159289)
row-model:572 (155070 bytes; live heap 1314384)
row-model:573 (153306 bytes; live heap 1266434)
row-model:574 (155533 bytes; live heap 1266502)
row-model:575 (427128 bytes; live heap 1529070)
row-model:576 (153377 bytes; live heap 1266926)
row-model:577 (153375 bytes; live heap 1203518)
row-model:578 (55497 bytes; live heap 1314992)
row-model:579 (155047 bytes; live heap 1160353)
row-model:580 (355047 bytes; live heap 1360353)
row-model:581 (155047 bytes; live heap 1160353)
row-model:582 (155047 bytes; live heap 1160353)
row-model:583 (150158 bytes; live heap 1267450)
row-model:584 (155047 bytes; live heap 1160353)
row-model:585 (155047 bytes; live heap 1160353)
row-model:586 (1492696 bytes; live heap 3102458)
row-model:587 (153290 bytes; live heap 1267450)
row-model:588 (196979 bytes; live heap 1267450)
row-model:589 (153295 bytes; live heap 1267450)
row-model:590 (155047 bytes; live heap 1160813)
row-model:591 (155048 bytes; live heap 1315860)
row-model:592 (127481 bytes; live heap 1315860)
row-model:593 (153299 bytes; live heap 1267962)
row-model:594 (153299 bytes; live heap 1267962)
row-model:595 (219629 bytes; live heap 1267962)
row-model:596 (154651 bytes; live heap 1267962)
row-model:597 (152657 bytes; live heap 1267962)
row-model:598 (153283 bytes; live heap 1268022)
row-model:599 (153301 bytes; live heap 1268022)
row-model:600 (155041 bytes; live heap 1160925)
row-model:601 (152294 bytes; live heap 1268022)
row-model:602 (153381 bytes; live heap 1268098)
row-model:603 (153351 bytes; live heap 1268098)
row-model:604 (34018 bytes; live heap 1161001)
row-model:605 (153299 bytes; live heap 1268150)
row-model:606 (153175 bytes; live heap 1268150)
row-model:607 (153227 bytes; live heap 1268150)
row-model:608 (153234 bytes; live heap 1268150)
row-model:609 (427128 bytes; live heap 1530362)
row-model:610 (153299 bytes; live heap 1268218)
row-model:611 (153238 bytes; live heap 1268218)
row-model:612 (153909 bytes; live heap 1268218)
row-model:613 (153301 bytes; live heap 1268218)
row-model:614 (153349 bytes; live heap 1268218)
row-model:615 (153572 bytes; live heap 1204730)
row-model:616 (153307 bytes; live heap 1268254)
row-model:617 (153300 bytes; live heap 1268254)
row-model:618 (152805 bytes; live heap 1204828)
row-model:619 (153307 bytes; live heap 1268388)
row-model:620 (153267 bytes; live heap 1268424)
row-model:621 (153366 bytes; live heap 1268424)
row-model:622 (153240 bytes; live heap 1268424)
row-model:623 (153299 bytes; live heap 1268424)
row-model:624 (153299 bytes; live heap 1268424)
row-model:625 (153323 bytes; live heap 1268424)
row-model:626 (155070 bytes; live heap 1316374)
row-model:627 (153479 bytes; live heap 1268424)
row-model:628 (153233 bytes; live heap 1268424)
row-model:629 (153299 bytes; live heap 1268424)
row-model:630 (155070 bytes; live heap 1316374)
row-model:631 (153236 bytes; live heap 1268424)
row-model:632 (153411 bytes; live heap 1268424)
row-model:633 (153376 bytes; live heap 1268502)
row-model:634 (161272 bytes; live heap 1268502)
row-model:635 (154532 bytes; live heap 1268502)
row-model:636 (153290 bytes; live heap 1268502)
row-model:637 (153299 bytes; live heap 1268502)
row-model:638 (153308 bytes; live heap 1268502)
row-model:639 (427128 bytes; live heap 1530646)
row-model:640 (153296 bytes; live heap 1268502)
row-model:641 (153299 bytes; live heap 1268594)
row-model:642 (153308 bytes; live heap 1268594)
row-model:643 (150289 bytes; live heap 1205106)
row-model:644 (153305 bytes; live heap 1268674)
row-model:645 (155048 bytes; live heap 1317028)
row-model:646 (157002 bytes; live heap 1269078)
row-model:647 (152825 bytes; live heap 1269078)
row-model:648 (153299 bytes; live heap 1269078)
row-model:649 (153300 bytes; live heap 1269078)
row-model:650 (152965 bytes; live heap 1269078)
row-model:651 (155049 bytes; live heap 1317028)
row-model:652 (153309 bytes; live heap 1269118)
row-model:653 (153323 bytes; live heap 1269118)
row-model:654 (78230 bytes; live heap 1162021)
row-model:655 (153282 bytes; live heap 1269538)
row-model:656 (153738 bytes; live heap 1163333)
row-model:657 (153308 bytes; live heap 1271314)
row-model:658 (153237 bytes; live heap 1271314)
row-model:659 (153359 bytes; live heap 1271386)
row-model:660 (153368 bytes; live heap 1271386)
row-model:661 (148409 bytes; live heap 1271386)
row-model:662 (153299 bytes; live heap 1271386)
row-model:663 (153300 bytes; live heap 1271386)
row-model:664 (153308 bytes; live heap 1271386)
row-model:665 (153300 bytes; live heap 1271386)
row-model:666 (9078 bytes; live heap 1271386)
row-model:667 (155072 bytes; live heap 1319384)
row-model:668 (153299 bytes; live heap 1271478)
row-model:669 (155070 bytes; live heap 1319428)
row-model:670 (153302 bytes; live heap 1271478)
row-model:671 (155048 bytes; live heap 1319428)
row-model:672 (153299 bytes; live heap 1271478)
row-model:673 (152630 bytes; live heap 1271478)
row-model:674 (153235 bytes; live heap 1271478)
row-model:675 (153299 bytes; live heap 1271538)
row-model:676 (152633 bytes; live heap 1271538)
row-model:677 (153299 bytes; live heap 1271538)
row-model:678 (353365 bytes; live heap 1412732)
row-model:679 (153366 bytes; live heap 1271538)
row-model:680 (153366 bytes; live heap 1271538)
row-model:681 (152694 bytes; live heap 1271538)
row-model:682 (90253 bytes; live heap 1164505)
row-model:683 (153307 bytes; live heap 1271650)
row-model:684 (153168 bytes; live heap 1271686)
row-model:685 (153238 bytes; live heap 1271746)
row-model:686 (153360 bytes; live heap 1271746)
row-model:687 (153337 bytes; live heap 1271746)
row-model:688 (148529 bytes; live heap 1271746)
row-model:689 (153328 bytes; live heap 1271790)
row-model:690 (153305 bytes; live heap 1271790)
row-model:691 (153290 bytes; live heap 1271862)
row-model:692 (195660 bytes; live heap 1271862)
row-model:693 (153299 bytes; live heap 1271862)
row-model:694 (153291 bytes; live heap 1271922)
row-model:695 (161272 bytes; live heap 1271922)
row-model:696 (152415 bytes; live heap 1271922)
row-model:697 (153310 bytes; live heap 1271986)
row-model:698 (155047 bytes; live heap 1164889)
row-model:699 (153356 bytes; live heap 1271986)
row-model:700 (219671 bytes; live heap 1272022)
row-model:701 (153300 bytes; live heap 1272022)
row-model:702 (153300 bytes; live heap 1272022)
row-model:703 (155047 bytes; live heap 1164925)
row-model:704 (153235 bytes; live heap 1272022)
row-model:705 (2214152 bytes; live heap 5204242)
row-model:706 (153299 bytes; live heap 1272082)
row-model:707 (153298 bytes; live heap 1272154)
row-model:708 (153229 bytes; live heap 1272232)
row-model:709 (153318 bytes; live heap 1272232)
row-model:710 (153307 bytes; live heap 1272232)
row-model:711 (153299 bytes; live heap 1272232)
row-model:712 (427061 bytes; live heap 1534376)
row-model:713 (155123 bytes; live heap 1320182)
row-model:714 (153307 bytes; live heap 1272232)
row-model:715 (155096 bytes; live heap 1320218)
row-model:716 (155513 bytes; live heap 1272268)
row-model:717 (153308 bytes; live heap 1272268)
row-model:718 (153316 bytes; live heap 1272268)
row-model:719 (153299 bytes; live heap 1272268)
row-model:720 (155082 bytes; live heap 1320218)
row-model:721 (153299 bytes; live heap 1272268)
row-model:722 (153301 bytes; live heap 1272268)
row-model:723 (153301 bytes; live heap 1272268)
row-model:724 (153304 bytes; live heap 1272268)
row-model:725 (152968 bytes; live heap 1272268)
row-model:726 (152630 bytes; live heap 1272268)
row-model:727 (153309 bytes; live heap 1272268)
row-model:728 (151084 bytes; live heap 1272368)
row-model:729 (153244 bytes; live heap 1272436)
row-model:730 (161272 bytes; live heap 1272876)
row-model:731 (153309 bytes; live heap 1272876)
row-model:732 (155036 bytes; live heap 1320926)
row-model:733 (427150 bytes; live heap 1535168)
row-model:734 (155047 bytes; live heap 1165987)
row-model:735 (153295 bytes; live heap 1273128)
row-model:736 (155048 bytes; live heap 1321078)
row-model:737 (20928 bytes; live heap 1166071)
row-model:738 (155101 bytes; live heap 1321170)
row-model:739 (153319 bytes; live heap 1273264)
row-model:740 (2214152 bytes; live heap 5205500)
row-model:741 (153322 bytes; live heap 1273340)
row-model:742 (219629 bytes; live heap 1273340)
row-model:743 (152521 bytes; live heap 1273340)
row-model:744 (152695 bytes; live heap 1273340)
row-model:745 (153323 bytes; live heap 1273340)
row-model:746 (153299 bytes; live heap 1273340)
row-model:747 (153327 bytes; live heap 1273340)
row-model:748 (153307 bytes; live heap 1273340)
row-model:749 (153314 bytes; live heap 1273340)
row-model:750 (153083 bytes; live heap 1273400)
row-model:751 (153327 bytes; live heap 1273400)
row-model:752 (155093 bytes; live heap 1321350)
row-model:753 (153242 bytes; live heap 1273400)
row-model:754 (2214152 bytes; live heap 5205560)
row-model:755 (152949 bytes; live heap 1273400)
row-model:756 (153316 bytes; live heap 1273400)
row-model:757 (151100 bytes; live heap 1273400)
row-model:758 (153282 bytes; live heap 1273496)
row-model:759 (153302 bytes; live heap 1273496)
row-model:760 (155047 bytes; live heap 1166399)
row-model:761 (153336 bytes; live heap 1273496)
row-model:762 (155035 bytes; live heap 1166459)
row-model:763 (153240 bytes; live heap 1273556)
row-model:764 (153299 bytes; live heap 1273556)
row-model:765 (153368 bytes; live heap 1273556)
row-model:766 (153299 bytes; live heap 1273616)
row-model:767 (198428 bytes; live heap 1273616)
row-model:768 (153308 bytes; live heap 1273616)
row-model:769 (153310 bytes; live heap 1273616)
row-model:770 (153307 bytes; live heap 1273676)
row-model:771 (153290 bytes; live heap 1273676)
row-model:772 (153358 bytes; live heap 1273676)
row-model:773 (153307 bytes; live heap 1273676)
row-model:774 (153165 bytes; live heap 1273676)
row-model:775 (152763 bytes; live heap 1273676)
row-model:776 (155098 bytes; live heap 1321626)
row-model:777 (153205 bytes; live heap 1273676)
row-model:778 (153299 bytes; live heap 1273736)
row-model:779 (153290 bytes; live heap 1273736)
row-model:780 (153385 bytes; live heap 1210248)
row-model:781 (355047 bytes; live heap 1366703)
row-model:782 (155307 bytes; live heap 1321750)
row-model:783 (153310 bytes; live heap 1273800)
row-model:784 (153238 bytes; live heap 1273800)
row-model:785 (196 bytes; live heap 1166703)
row-model:786 (161273 bytes; live heap 1273848)
row-model:787 (153287 bytes; live heap 1273848)
row-model:788 (153299 bytes; live heap 1273848)
row-model:789 (153117 bytes; live heap 1273900)
row-model:790 (153307 bytes; live heap 1273900)
row-model:791 (152918 bytes; live heap 1273900)
row-model:792 (153299 bytes; live heap 1273900)
row-model:793 (155037 bytes; live heap 1166803)
row-model:794 (153260 bytes; live heap 1273952)
row-model:795 (153299 bytes; live heap 1273952)
row-model:796 (153312 bytes; live heap 1273952)
row-model:797 (153299 bytes; live heap 1273952)
row-model:798 (153165 bytes; live heap 1273952)
row-model:799 (153300 bytes; live heap 1273952)
row-model:800 (153302 bytes; live heap 1273952)
row-model:801 (153299 bytes; live heap 1273952)
row-model:802 (153313 bytes; live heap 1273952)
row-model:803 (155048 bytes; live heap 1321902)
row-model:804 (153300 bytes; live heap 1273952)
row-model:805 (153294 bytes; live heap 1273952)
row-model:806 (151755 bytes; live heap 1273952)
row-model:807 (153322 bytes; live heap 1273952)
row-model:808 (153299 bytes; live heap 1274012)
row-model:809 (153311 bytes; live heap 1274012)
row-model:810 (155034 bytes; live heap 1166975)
row-model:811 (155452 bytes; live heap 1274072)
row-model:812 (153302 bytes; live heap 1274072)
row-model:813 (153403 bytes; live heap 1274072)
row-model:814 (163316 bytes; live heap 1274072)
row-model:815 (153307 bytes; live heap 1274072)
row-model:816 (153803 bytes; live heap 1274072)
row-model:817 (2214152 bytes; live heap 5206232)
row-model:818 (219629 bytes; live heap 1274072)
row-model:819 (153428 bytes; live heap 1274072)
row-model:820 (130596 bytes; live heap 1166975)
row-model:821 (153299 bytes; live heap 1274124)
row-model:822 (427188 bytes; live heap 1536268)
row-model:823 (155048 bytes; live heap 1322074)
row-model:824 (153308 bytes; live heap 1274124)
row-model:825 (151963 bytes; live heap 1274124)
row-model:826 (153308 bytes; live heap 1274124)
row-model:827 (155047 bytes; live heap 1167027)
row-model:828 (153186 bytes; live heap 1274124)
row-model:829 (153299 bytes; live heap 1274124)
row-model:830 (153300 bytes; live heap 1274124)
row-model:831 (153322 bytes; live heap 1274124)
row-model:832 (153312 bytes; live heap 1274124)
row-model:833 (150792 bytes; live heap 1274224)
row-model:834 (155047 bytes; live heap 1167127)
row-model:835 (153299 bytes; live heap 1274224)
row-model:836 (155047 bytes; live heap 1167127)
row-model:837 (152638 bytes; live heap 1274224)
row-model:838 (152964 bytes; live heap 1274224)
row-model:839 (153388 bytes; live heap 1274224)
row-model:840 (153318 bytes; live heap 1274260)
row-model:841 (152651 bytes; live heap 1274344)
row-model:842 (155070 bytes; live heap 1322294)
row-model:843 (153299 bytes; live heap 1274344)
row-model:844 (153158 bytes; live heap 1274344)
row-model:845 (155048 bytes; live heap 1322330)
row-model:846 (153304 bytes; live heap 1274380)
row-model:847 (153299 bytes; live heap 1274380)
row-model:848 (153299 bytes; live heap 1274380)
row-model:849 (153300 bytes; live heap 1274380)
row-model:850 (153307 bytes; live heap 1274380)
row-model:851 (153226 bytes; live heap 1274380)
row-model:852 (155047 bytes; live heap 1167347)
row-model:853 (153299 bytes; live heap 1274444)
row-model:854 (153250 bytes; live heap 1274444)
row-model:855 (153322 bytes; live heap 1274540)
row-model:856 (153299 bytes; live heap 1274540)
row-model:857 (153311 bytes; live heap 1274540)
row-model:858 (153328 bytes; live heap 1274540)
row-model:859 (153300 bytes; live heap 1274540)
row-model:860 (153300 bytes; live heap 1274540)
row-model:861 (153240 bytes; live heap 1274540)
row-model:862 (153309 bytes; live heap 1274540)
row-model:863 (153235 bytes; live heap 1274540)
row-model:864 (153290 bytes; live heap 1274540)
row-model:865 (153299 bytes; live heap 1275004)
row-model:866 (155047 bytes; live heap 1167907)
row-model:867 (355033 bytes; live heap 1367907)
row-model:868 (153318 bytes; live heap 1275004)
row-model:869 (153300 bytes; live heap 1275004)
row-model:870 (153408 bytes; live heap 1275004)
row-model:871 (153299 bytes; live heap 1275004)
row-model:872 (155037 bytes; live heap 1167907)
row-model:873 (153301 bytes; live heap 1275044)
row-model:874 (83620 bytes; live heap 1167947)
row-model:875 (128513 bytes; live heap 1167999)
row-model:876 (155048 bytes; live heap 1323098)
row-model:877 (219629 bytes; live heap 1275148)
row-model:878 (153295 bytes; live heap 1275148)
row-model:879 (427128 bytes; live heap 1537360)
row-model:880 (153299 bytes; live heap 1275216)
row-model:881 (153304 bytes; live heap 1275216)
row-model:882 (155324 bytes; live heap 1275216)
row-model:883 (153368 bytes; live heap 1275216)
row-model:884 (153299 bytes; live heap 1275216)
row-model:885 (151959 bytes; live heap 1275216)
row-model:886 (153299 bytes; live heap 1275216)
row-model:887 (155092 bytes; live heap 1323166)
row-model:888 (153299 bytes; live heap 1275252)
row-model:889 (153418 bytes; live heap 1275252)
row-model:890 (153031 bytes; live heap 1275252)
row-model:891 (153369 bytes; live heap 1275252)
row-model:892 (153276 bytes; live heap 1275252)
row-model:893 (154182 bytes; live heap 1275252)
row-model:894 (153313 bytes; live heap 1275252)
row-model:895 (155047 bytes; live heap 1168155)
row-model:896 (41163 bytes; live heap 1323202)
row-model:897 (153309 bytes; live heap 1275304)
row-model:898 (153288 bytes; live heap 1275304)
row-model:899 (153235 bytes; live heap 1275304)
row-model:900 (153308 bytes; live heap 1275304)
row-model:901 (153340 bytes; live heap 1275304)
row-model:902 (155033 bytes; live heap 1168267)
row-model:903 (153307 bytes; live heap 1275364)
row-model:904 (153307 bytes; live heap 1275364)
row-model:905 (153366 bytes; live heap 1275364)
row-model:906 (153665 bytes; live heap 1275364)
row-model:907 (153287 bytes; live heap 1275424)
row-model:908 (152630 bytes; live heap 1275460)
row-model:909 (155047 bytes; live heap 1168363)
row-model:910 (153299 bytes; live heap 1275512)
row-model:911 (155070 bytes; live heap 1323462)
row-model:912 (153349 bytes; live heap 1275512)
row-model:913 (153234 bytes; live heap 1275512)
row-model:914 (153307 bytes; live heap 1275512)
row-model:915 (153302 bytes; live heap 1275512)
row-model:916 (153318 bytes; live heap 1275608)
row-model:917 (152645 bytes; live heap 1212120)
row-model:918 (26034 bytes; live heap 1168511)
row-model:919 (152557 bytes; live heap 1275652)
row-model:920 (152630 bytes; live heap 1276056)
row-model:921 (153317 bytes; live heap 1276056)
row-model:922 (152710 bytes; live heap 1276056)
row-model:923 (153300 bytes; live heap 1276056)
row-model:924 (153301 bytes; live heap 1276056)
row-model:925 (153360 bytes; live heap 1276056)
row-model:926 (153316 bytes; live heap 1276056)
row-model:927 (155047 bytes; live heap 1168959)
row-model:928 (153290 bytes; live heap 1276056)
row-model:929 (153299 bytes; live heap 1276056)
row-model:930 (153299 bytes; live heap 1276056)
row-model:931 (153300 bytes; live heap 1276056)
row-model:932 (155479 bytes; live heap 1276056)
row-model:933 (1492696 bytes; live heap 3111064)
row-model:934 (153299 bytes; live heap 1276056)
row-model:935 (153322 bytes; live heap 1276056)
row-model:936 (219629 bytes; live heap 1276056)
row-model:937 (153360 bytes; live heap 1276056)
row-model:938 (153291 bytes; live heap 1276056)
row-model:939 (152493 bytes; live heap 1276056)
row-model:940 (153249 bytes; live heap 1276056)
row-model:941 (224415 bytes; live heap 1276056)
row-model:942 (151678 bytes; live heap 1276116)
row-model:943 (153327 bytes; live heap 1276544)
row-model:944 (153159 bytes; live heap 1276544)
row-model:945 (153223 bytes; live heap 1276580)
row-model:946 (153299 bytes; live heap 1276580)
row-model:947 (153301 bytes; live heap 1276580)
row-model:948 (153307 bytes; live heap 1276652)
row-model:949 (153252 bytes; live heap 1276652)
row-model:950 (153353 bytes; live heap 1276652)
row-model:951 (114623 bytes; live heap 1169555)
row-model:952 (153307 bytes; live heap 1276704)
row-model:953 (153300 bytes; live heap 1276704)
row-model:954 (355070 bytes; live heap 1634748)
row-model:955 (153308 bytes; live heap 1276744)
row-model:956 (153307 bytes; live heap 1276744)
row-model:957 (153237 bytes; live heap 1276744)
row-model:958 (153368 bytes; live heap 1276804)
row-model:959 (153318 bytes; live heap 1276864)
row-model:960 (2214152 bytes; live heap 5209024)
row-model:961 (155047 bytes; live heap 1169767)
row-model:962 (155372 bytes; live heap 1276864)
row-model:963 (153316 bytes; live heap 1276924)
row-model:964 (152895 bytes; live heap 1276924)
row-model:965 (153307 bytes; live heap 1276924)
row-model:966 (153301 bytes; live heap 1276924)
row-model:967 (97508 bytes; live heap 1276924)
row-model:968 (153302 bytes; live heap 1276924)
row-model:969 (153265 bytes; live heap 1276924)
row-model:970 (152630 bytes; live heap 1276992)
row-model:971 (153299 bytes; live heap 1276992)
row-model:972 (84253 bytes; live heap 1169895)
row-model:973 (155071 bytes; live heap 1324994)
row-model:974 (152639 bytes; live heap 1277084)
row-model:975 (153307 bytes; live heap 1277084)
row-model:976 (304421 bytes; live heap 1619196)
row-model:977 (153294 bytes; live heap 1277164)
row-model:978 (2214174 bytes; live heap 5209324)
row-model:979 (155070 bytes; live heap 1325154)
row-model:980 (155047 bytes; live heap 1170107)
row-model:981 (155047 bytes; live heap 1170107)
row-model:982 (153283 bytes; live heap 1277204)
row-model:983 (153228 bytes; live heap 1277264)
row-model:984 (353300 bytes; live heap 1416856)
row-model:985 (153299 bytes; live heap 1277728)
row-model:986 (153314 bytes; live heap 1277728)
row-model:987 (155047 bytes; live heap 1170631)
row-model:988 (155047 bytes; live heap 1170675)
row-model:989 (2214084 bytes; live heap 5209932)
row-model:990 (155048 bytes; live heap 1325762)
row-model:991 (153299 bytes; live heap 1278228)
row-model:992 (153300 bytes; live heap 1278228)
row-model:993 (155353 bytes; live heap 1326238)
row-model:994 (155046 bytes; live heap 1171231)
row-model:995 (153296 bytes; live heap 1278328)
row-model:996 (153318 bytes; live heap 1278328)
row-model:997 (153300 bytes; live heap 1278328)
row-model:998 (153235 bytes; live heap 1278328)
row-model:999 (153291 bytes; live heap 1278328)
row-model: 1000 cases in 21.227449291s; 11 mutants accepted; slowest seed 437.023125ms; slowest case 15 238.85725ms; largest heap case 295 5759016 bytes
     337 source row description does not match current source/certifi
     119 proof library content hash mismatch
      37 invalid type: sequence, expected a string at line 1 column 1
      25 invalid value: integer `-1`, expected u32 at line 1 column 1
      12 invalid value: integer `18446744073709551615`, expected u32 
      11 invalid type: sequence, expected a string at line 1 column 3
       9 invalid type: sequence, expected a string at line 1 column 5
       9 unsupported proof library lock
       8 invalid value: integer `4294967296`, expected u32 at line 1 
       8 unknown variant `273604fa8cc2eefea99058c73ecddef5801a1a92f2a
       7 duplicate proof library root
       7 invalid type: sequence, expected a string at line 1 column 2
       7 invalid type: sequence, expected a string at line 1 column 9
       7 unknown variant `85fe3480106fa23e84bf844c51bfd10ed8860690bc2
       7 unknown variant `a3064804483b2b7e85fcbf0b298c719c02933ff6cfc
       6 invalid type: sequence, expected a string at line 1 column 6
       6 invalid value: integer `9223372036854775807`, expected u32 a
       6 unknown variant `df07fbf1f1aa1fbd7f1b9a8d8566e1e905d805b4fbb
       5 invalid knowledge identity
       5 invalid type: map, expected a string at line 1 column 1320
       5 invalid type: map, expected a string at line 1 column 852
       5 invalid type: map, expected u32 at line 1 column 1136
       5 unknown source keep
       5 unknown variant `d91be336b8ec6eb1904338ca45c752da972e2b62338
       4 control character (\u0000-\u001F) found while parsing a stri
test fuzz_row_models ... ok

test result: ok. 19 passed; 0 failed; 0 ignored; 0 measured; 0 filtered out; finished in 22.04s

